project_name,technology,capacity_mw,stage,region,location,customer_or_developer,expected_connection_or_need_date,raw_project_id,raw_parent_project_id,raw_customer,raw_project_name,raw_region,raw_connection_location_substation_or_circuit,raw_max_mw,raw_connection_voltage,raw_technology,raw_transpower_stage,raw_status_flag,raw_stage_complete,raw_status,raw_consented,raw_estimated_connection_livening_date,raw_column_16,raw_status_flag_key,raw_column_18,raw_column_19,raw_column_20,raw_column_21,raw_column_22,raw_column_23,raw_column_24,raw_column_25,raw_column_26,raw_column_27,raw_column_28,raw_column_29
00037564,BESS,100.0,Commissioning,Waikato,Waihou,Harmony Energy NZ #10 Limited,,00037564,0,Harmony Energy NZ #10 Limited,Waihou (Tauhei) 33kV Solar Farm,Waikato,Waihou,100,33,BESS,Commissioning,● ,1,Transpower Scope Complete,Application Submitted,2028-06-16 00:00:00,,●      Progressing normally,,,,,,,,,,,,
00037567,Solar,115.0,Delivery,Bay of Plenty,Edgecumbe,Edgecumbe Solar Project LP (Genesis Energy),,00037567,0,Edgecumbe Solar Project LP (Genesis Energy),Edgecumbe Solar Farm (Genesis Energy),Bay of Plenty,Edgecumbe,115,33,Solar,Delivery,● ,0.96,Construction,Consent Granted,2026-08-31 00:00:00,,●C  Awaiting customer action,,,,,,,,,,,,
00037570,Solar,130.0,Commissioning,Northland,Bream Bay,Meridian Energy Limited,,00037570,0,Meridian Energy Limited,Ruakākā (Stage 2) TOPS,Northland,Bream Bay,130,33,Solar,Commissioning,● ,0.87,Transpower Scope Complete,Consent Granted,2026-08-01 00:00:00,,●T   Awaiting Transpower action,,,,,,,,,,,,
00037566,Solar,200.0,Delivery,Hawkes Bay,WRK_WHI,TM Solar Limited,,00037566,0,TM Solar Limited,Te Rahui Solar Farm (Stage 1),Hawkes Bay,WRK_WHI,200,220,Solar,Delivery,● ,0.85,Construction,Consent Granted,2026-11-02 00:00:00,,●     On hold,,,,,,,,,,,,
00037574,Geothermal,190.0,Delivery,Central North Island,Te Mihi,Contact Energy Limited,,00037574,0,Contact Energy Limited,Te Mihi Stage II,Central North Island,Te Mihi,190(!132),220,Geothermal,Delivery,● ,0.72,Detailed Design,Consent Granted,2026-09-30 00:00:00,,,,,,,,,,,,,,
38476,Solar,200.0,Delivery,Hawkes Bay,WRK_WHI,TM Solar Limited,,38476,37566,TM Solar Limited,Te Rahui Solar Farm (Stage 2),Hawkes Bay,WRK_WHI,200,220,Solar,Delivery,●C,0.58,Detailed Design,Consent Granted,2026-11-02 00:00:00,,,,,,,,,,,,,,
00037577,Wind - Onshore,93.0,Delivery,Canterbury,Waipara,MainPower New Zealand Limited,,00037577,0,MainPower New Zealand Limited,Mt Cass Wind Farm,Canterbury,Waipara,93,66,Wind - Onshore,Delivery,● ,0.5,Detailed Design,Consent Granted,2027-05-30 00:00:00,,,,,,,,,,,,,,
00037579,Solar,214.0,Delivery,Waikato,HLY_OTA,Rangiriri Solar Farm Limited,,00037579,0,Rangiriri Solar Farm Limited,Rangiriri Solar Farm (Genesis Energy),Waikato,HLY_OTA,214,220,Solar,Delivery,● ,0.47,Detailed Design,Consent Granted,2029-07-31 00:00:00,,,,,,,,,,,,,,
00037573,Solar,300.0,Delivery,South-Canterbury,BEN_ISL-A,Far North Solar Farm Limited,,00037573,0,Far North Solar Farm Limited,The Point Solar Farm,South-Canterbury,BEN_ISL-A,300,220,Solar,Delivery,●C,0.39,Detailed Design,Application Submitted,2027-11-01 00:00:00,,,,,,,,,,,,,,
00037589,Solar,100.0,Delivery,Wellington,Masterton,Harmony Energy NZ #2 Limited,,00037589,0,Harmony Energy NZ #2 Limited,Masterton Solar Farm (Harmony),Wellington,Masterton,100,110,Solar,Delivery,● ,0.35,Detailed Design,Consent Granted,2027-10-01 00:00:00,,,,,,,,,,,,,,
00037590,BESS,100.0,Delivery,Wellington,Masterton,Harmony Energy NZ #2 Limited,,00037590,00037589,Harmony Energy NZ #2 Limited,Masterton Solar Farm (Harmony) (BESS),Wellington,Masterton,100,110,BESS,Delivery,● ,0.35,Detailed Design,Consent Granted,2027-10-01 00:00:00,,,,,,,,,,,,,,
00037578,Solar,314.0,Delivery,Waikato,OTA_WKM,Waerenga Solar Farm Limited,,00037578,0,Waerenga Solar Farm Limited,Waerenga Solar Farm,Waikato,OTA_WKM,314,220,Solar,Delivery,●,0.28,Detailed Design,Consent Granted,2029-10-31 00:00:00,,,,,,,,,,,,,,
00037604,BESS,100.0,Delivery,Hawkes Bay,Waipawa (North),Helios HKB Op LP,,00037604,00037603,Helios HKB Op LP,Waipawa Solar Farm (Helios) (BESS),Hawkes Bay,Waipawa (North),100,110,BESS,Delivery,● ,0.22,Detailed Design,Consent Granted,2028-05-01 00:00:00,,,,,,,,,,,,,,
00037603,Solar,100.0,Delivery,Hawkes Bay,Waipawa (North),Helios HKB Op LP,,00037603,0,Helios HKB Op LP,Waipawa Solar Farm (Helios),Hawkes Bay,Waipawa (North),100,110,Solar,Delivery,● ,0.22,Detailed Design,Consent Granted,2028-05-01 00:00:00,,,,,,,,,,,,,,
00037571,Solar,91.0,Delivery,Wellington,Masterton,Masterton Solar and Energy Storage Limited (NZCE),,00037571,0,Masterton Solar and Energy Storage Limited (NZCE),Masterton Solar Farm (NZCE),Wellington,Masterton,91,33,Solar,Delivery,● ,0.2,Detailed Design,Consent Granted,2027-11-01 00:00:00,,,,,,,,,,,,,,
00037572,BESS,91.0,Delivery,Wellington,Masterton,Masterton Solar and Energy Storage Limited (NZCE),,00037572,00037571,Masterton Solar and Energy Storage Limited (NZCE),Masterton Solar Farm (NZCE) (BESS),Wellington,Masterton,91,33,BESS,Delivery,● ,0.2,Detailed Design,Consent Granted,2027-11-01 00:00:00,,,,,,,,,,,,,,
00037575,Solar,158.0,Delivery,Wellington,Greytown,Far North Solar Farm Limited,,00037575,0,Far North Solar Farm Limited,Greytown Solar Farm,Wellington,Greytown,158,110,Solar,Delivery,●C,0.16,Detailed Design,Consent Granted,2028-05-01 00:00:00,,,,,,,,,,,,,,
00038453,BESS,158.0,Delivery,Wellington,Greytown,Far North Solar Farm Limited,,00038453,00037575,Far North Solar Farm Limited,Greytown Solar Farm,Wellington,Greytown,158,110,BESS,Delivery,●C,0.16,Detailed Design,Application Expected,2028-05-01 00:00:00,,,,,,,,,,,,,,
00037591,Solar,50.0,Delivery,Central North Island,Marton,Harmony Energy NZ #3 Limited,,00037591,0,Harmony Energy NZ #3 Limited,Marton Solar Farm (Harmony),Central North Island,Marton,50,110,Solar,Delivery,●,0.1,Detailed Design,Consent Granted,2027-10-31 00:00:00,,,,,,,,,,,,,,
00037592,BESS,50.0,Delivery,Central North Island,Marton,Harmony Energy NZ #3 Limited,,00037592,00037591,Harmony Energy NZ #3 Limited,Marton Solar Farm (Harmony) (BESS),Central North Island,Marton,50,110,BESS,Delivery,●,0.1,Detailed Design,Consent Granted,2027-10-31 00:00:00,,,,,,,,,,,,,,
00037602,BESS,110.0,Delivery,Central North Island,Tangiwai,Helios MWT Op LP,,00037602,00037601,Helios MWT Op LP,Karioi Solar Farm (Tangiwai Solar + BESS) (BESS),Central North Island,Tangiwai,110,220,BESS,Delivery,● ,0.03,Detailed Design,Consent Granted,2028-12-01 00:00:00,,,,,,,,,,,,,,
00037601,Solar,110.0,Delivery,Central North Island,Tangiwai,Helios MWT Op LP,,00037601,0,Helios MWT Op LP,Karioi Solar Farm (Tangiwai Solar + BESS),Central North Island,Tangiwai,110,220,Solar,Delivery,● ,0.03,Detailed Design,Consent Granted,2028-12-01 00:00:00,,,,,,,,,,,,,,
37580,Solar,200.0,Delivery,Northland,HEN_MDN,Glorit Solar P LP,,37580,0,Glorit Solar P LP,Glorit Solar Farm GIP,Northland,HEN_MDN,200,220,Solar,Delivery,● ,0.02,Detailed Design,Consent Granted,2028-01-31 00:00:00,,,,,,,,,,,,,,
00037584,Solar,100.0,Delivery,Wellington,Waipawa (South),Kahahakuri Limited,,00037584,0,Kahahakuri Limited,Waipawa Solar Farm (Kahahakuri),Wellington,Waipawa (South),100,110,Solar,Delivery,● ,0.01,Early Stage Design,Consent Granted,2028-07-01 00:00:00,,,,,,,,,,,,,,
00037585,BESS,100.0,Delivery,Central North Island,Waipawa (South),Kahahakuri Limited,,00037585,00037584,Kahahakuri Limited,Waipawa Solar Farm (BESS) (Kahahakuri),Central North Island,Waipawa (South),100,110,BESS,Delivery,● ,0.01,Early Stage Design,Consent Granted,2028-07-01 00:00:00,,,,,,,,,,,,,,
Project ID,Technology,,Transpower stage,Region,Connection location (substation or circuit),,,Project ID,Parent Project ID,,,Region,Connection location (substation or circuit),Max MW,Connection voltage,Technology,Transpower stage,Status Flag,Stage % complete,Status,Consented,Estimated TP scope completion date,,,,,,,,,,,,,,
00037582,Solar,222.0,Investigation,South-Canterbury,Ohau A,,,00037582,0,,,South-Canterbury,Ohau A,222,220,Solar,Investigation,●,0.95,Investment Contract Negotiation,Application Expected,TBC,,,,,,,,,,,,,,
00037597,Solar,75.0,Investigation,Taranaki,Huirangi,,,00037597,0,,,Taranaki,Huirangi,75,110,Solar,Investigation,● ,0.95,Investment Contract Negotiation,Application Submitted,TBC,,,,,,,,,,,,,,
00037598,BESS,75.0,Investigation,Taranaki,Huirangi,,,00037598,00037597,,,Taranaki,Huirangi,75,110,BESS,Investigation,● ,0.95,Investment Contract Negotiation,Application Submitted,TBC,,,,,,,,,,,,,,
00037581,Wind - Onshore,170.0,Investigation,Central North Island,BPE_LTN,,,00037581,0,,,Central North Island,BPE_LTN,170(!45),220,Wind - Onshore,Investigation,●C,0.92,Investment Contract Negotiation,Consent Granted,TBC,,,,,,,,,,,,,,
00037643,Wind - Onshore,190.0,Investigation,Otago-Southland,HWB_ROX,,,00037643,0,,,Otago-Southland,HWB_ROX,190,110,Wind - Onshore,Investigation,● ,0.9,Investment Contract Negotiation,Consent Granted,TBC,,,,,,,,,,,,,,
00037583,Wind - Onshore,90.0,Investigation,Central North Island,MGM_MST,,,00037583,0,,,Central North Island,MGM_MST,90,110,Wind - Onshore,Investigation,●C,0.77,Early Stage Design,Consent Granted,TBC,,,,,,,,,,,,,,
00037599,Solar,80.0,Investigation,Waikato,Hinuera,,,00037599,0,,,Waikato,Hinuera,80,33,Solar,Investigation,● ,0.74,Early Stage Design,Application Submitted,TBC,,,,,,,,,,,,,,
00037600,BESS,80.0,Investigation,Waikato,Hinuera,,,00037600,00037599,,,Waikato,Hinuera,80,33,BESS,Investigation,● ,0.74,Early Stage Design,Application Submitted,TBC,,,,,,,,,,,,,,
00037615,Solar,300.0,Investigation,Waikato,HLY_DEV,,,00037615,0,,,Waikato,HLY_DEV,300,220,Solar,Investigation,●,0.64,Early Stage Design,Application Expected,TBC,,,,,,,,,,,,,,
00037616,BESS,68.0,Investigation,Taranaki,Huirangi,,,00037616,0,,,Taranaki,Huirangi,68,33,BESS,Investigation,●,0.57,Early Stage Design,Application Expected,TBC,,,,,,,,,,,,,,
00037593,Solar,77.0,Investigation,Taranaki,Opunake,,,00037593,0,,,Taranaki,Opunake,77,110,Solar,Investigation,● ,0.52,Early Stage Design,Consent Granted,TBC,,,,,,,,,,,,,,
00037594,BESS,77.0,Investigation,Taranaki,Opunake,,,00037594,00037593,,,Taranaki,Opunake,77,110,BESS,Investigation,● ,0.52,Early Stage Design,Consent Granted,TBC,,,,,,,,,,,,,,
00037610,Solar,80.0,Investigation,Nelson-Marlborough,Argyle,,,00037610,0,,,Nelson-Marlborough,Argyle,80,110,Solar,Investigation,● ,0.52,Early Stage Design,Application Expected,TBC,,,,,,,,,,,,,,
37586,Solar,106.0,Investigation,Canterbury,HOR_ISL,,,37586,0,,,Canterbury,HOR_ISL,106,66,Solar,Investigation,● ,0.5,Early Stage Design,Consent Granted,TBC,,,,,,,,,,,,,,
00037587,BESS,106.0,Investigation,Canterbury,HOR_ISL,,,00037587,00037586,,,Canterbury,HOR_ISL,106,66,BESS,Investigation,● ,0.5,Early Stage Design,Consent Granted,TBC,,,,,,,,,,,,,,
37588,Solar,32.0,Investigation,Taranaki,Stratford,,,37588,0,,,Taranaki,Stratford,32,33,Solar,Investigation,●C,0.5,Early Stage Design,Application Submitted,TBC,,,,,,,,,,,,,,
38058,BESS,200.0,Investigation,Auckland,Glenbrook,,,38058,0,,,Auckland,Glenbrook,200,220,BESS,Investigation,● ,0.5,Early Stage Design,Consent Granted,TBC,,,,,,,,,,,,,,
00037614,Solar,29.0,Investigation,Central North Island,Marton,,,00037614,0,,,Central North Island,Marton,29,33,Solar,Investigation,● ,0.46,Early Stage Design,Application Expected,TBC,,,,,,,,,,,,,,
00038383,Solar,29.0,Investigation,Central North Island,Marton,,,00038383,00037614,,,Central North Island,Marton,29,33,Solar,Investigation,● ,0.46,Early Stage Design,Application Expected,TBC,,,,,,,,,,,,,,
00037605,Solar,300.0,Investigation,Otago-Southland,Naseby,,,00037605,0,,,Otago-Southland,Naseby,300,220,Solar,Investigation,● ,0.45,Early Stage Design,Consent Granted,TBC,,,,,,,,,,,,,,
00037606,BESS,300.0,Investigation,Otago-Southland,Naseby,,,00037606,00037605,,,Otago-Southland,Naseby,300,220,BESS,Investigation,● ,0.45,Early Stage Design,Consent Granted,TBC,,,,,,,,,,,,,,
00037618,Wind - Onshore,330.0,Investigation,Otago-Southland,NMA-TMH-A,,,00037618,0,,,Otago-Southland,NMA-TMH-A,330,220,Wind - Onshore,Investigation,● ,0.43,Early Stage Design,Application Submitted,TBC,,,,,,,,,,,,,,
00037612,Solar,300.0,Investigation,South-Canterbury,CHH_TWZ,,,00037612,0,,,South-Canterbury,CHH_TWZ,300,220,Solar,Investigation,●,0.41,Early Stage Design,Application Expected,TBC,,,,,,,,,,,,,,
00037595,Solar,300.0,Investigation,Central North Island,Bunnythorpe,,,00037595,0,,,Central North Island,Bunnythorpe,300,220,Solar,Investigation,● ,0.35,Early Stage Design,Application Submitted,TBC,,,,,,,,,,,,,,
00037596,BESS,300.0,Investigation,Central North Island,Bunnythorpe,,,00037596,00037595,,,Central North Island,Bunnythorpe,300,220,BESS,Investigation,● ,0.35,Early Stage Design,Application Submitted,TBC,,,,,,,,,,,,,,
00037617,BESS,300.0,Investigation,Waikato,Whakamaru (North),,,00037617,0,,,Waikato,Whakamaru (North),300,220,BESS,Investigation,● ,0.34,Early Stage Design,Application Expected,TBC,,,,,,,,,,,,,,
00037621,Wind - Onshore,130.0,Investigation,South-Canterbury,Waitaki/ LIV_WTK,,,00037621,0,,,South-Canterbury,Waitaki/ LIV_WTK,130,220,Wind - Onshore,Investigation,●,0.34,Early Stage Design,Application Expected,TBC,,,,,,,,,,,,,,
00037635,Wind - Onshore,380.0,Investigation,Otago-Southland,NMA_TMH_A,,,00037635,0,,,Otago-Southland,NMA_TMH_A,380,220,Wind - Onshore,Investigation,● ,0.32,Early Stage Design,Consent Granted,TBC,,,,,,,,,,,,,,
00037691,Solar,150.0,Investigation,Central North Island,Bunnythorpe,,,00037691,0,,,Central North Island,Bunnythorpe,150,220,Solar,Investigation,● ,0.32,Early Stage Design,Consent Granted,TBC,,,,,,,,,,,,,,
00037692,BESS,150.0,Investigation,Central North Island,Bunnythorpe,,,00037692,00037691,,,Central North Island,Bunnythorpe,150,220,BESS,Investigation,● ,0.32,Early Stage Design,Consent Granted,TBC,,,,,,,,,,,,,,
00037611,Solar,350.0,Investigation,South-Canterbury,Twizel,,,00037611,0,,,South-Canterbury,Twizel,350,220,Solar,Investigation,●C,0.28,Early Stage Design,Application Submitted,TBC,,,,,,,,,,,,,,
00037620,Solar,200.0,Investigation,Canterbury,ISL_KIK,,,00037620,0,,,Canterbury,ISL_KIK,200,220,Solar,Investigation,●,0.25,Early Stage Design,Application Submitted,TBC,,,,,,,,,,,,,,
00037609,Wind - Onshore,157.0,Investigation,Waikato,WHU_WKO,,,00037609,0,,,Waikato,WHU_WKO,157,110,Wind - Onshore,Investigation,● ,0.24,Early Stage Design,Application Submitted,TBC,,,,,,,,,,,,,,
37645,Solar,220.0,Investigation,Central North Island,BPE_BRK,,,37645,0,,,Central North Island,BPE_BRK,220,220,Solar,Investigation,● ,0.23,Early Stage Design,Application Submitted,TBC,,,,,,,,,,,,,,
37696,BESS,200.0,Investigation,Central North Island,BPE_BRK,,,37696,00037645,,,Central North Island,BPE_BRK,200,220,BESS,Investigation,● ,0.23,Early Stage Design,Application Submitted,TBC,,,,,,,,,,,,,,
00037834,Other Generation,14.0,Investigation,Canterbury,Waipara,,,00037834,0,,,Canterbury,Waipara,14,33,Other Generation,Investigation,● ,0.23,Early Stage Design,No Consent Required,TBC,,,,,,,,,,,,,,
00037613,Wind - Onshore,275.0,Investigation,Central North Island,"BPE_WRK_1, BPE_TNG_1",,,00037613,0,,,Central North Island,"BPE_WRK_1, BPE_TNG_1",275,220,Wind - Onshore,Investigation,●,0.22,Early Stage Design,Application Submitted,TBC,,,,,,,,,,,,,,
00037637,Solar,450.0,Investigation,Canterbury,ROX_ISL_A,,,00037637,0,,,Canterbury,ROX_ISL_A,450,220,Solar,Investigation,●,0.22,Early Stage Design,Application Expected,TBC,,,,,,,,,,,,,,
00037638,BESS,450.0,Investigation,Canterbury,ROX_ISL_A,,,00037638,00037637,,,Canterbury,ROX_ISL_A,450,220,BESS,Investigation,●,0.22,Early Stage Design,Application Expected,TBC,,,,,,,,,,,,,,
00037640,Solar,110.0,Investigation,Waikato,Piako,,,00037640,0,,,Waikato,Piako,110,33,Solar,Investigation,● ,0.22,Early Stage Design,Consent Granted,TBC,,,,,,,,,,,,,,
00037622,Solar,180.0,Investigation,Central North Island,BPE_HAY,,,00037622,0,,,Central North Island,BPE_HAY,180,220,Solar,Investigation,●,0.21,Early Stage Design,Application Submitted,TBC,,,,,,,,,,,,,,
00037607,Solar,72.0,Investigation,Central North Island,Dannevirke,,,00037607,0,,,Central North Island,Dannevirke,72,110,Solar,Investigation,● ,0.17,Early Stage Design,Consent Granted,TBC,,,,,,,,,,,,,,
00037608,BESS,72.0,Investigation,Central North Island,Dannevirke,,,00037608,00037607,,,Central North Island,Dannevirke,72,110,BESS,Investigation,● ,0.17,Early Stage Design,Consent Granted,TBC,,,,,,,,,,,,,,
00037624,Wind - Onshore,50.0,Investigation,Central North Island,Mangamaire,,,00037624,0,,,Central North Island,Mangamaire,50,33,Wind - Onshore,Investigation,● ,0.13,Early Stage Design,Consent Granted,TBC,,,,,,,,,,,,,,
00037650,Solar,40.0,Investigation,Central North Island,Mangamaire,,,00037650,00037624,,,Central North Island,Mangamaire,40,33,Solar,Investigation,● ,0.12,Early Stage Design,Consent Granted,TBC,,,,,,,,,,,,,,
00037619,Solar,120.0,Investigation,Northland,HEN_MDN,,,00037619,0,,,Northland,HEN_MDN,120,220,Solar,Investigation,●,0.09,Early Stage Design,Application Expected,TBC,,,,,,,,,,,,,,
00037636,Solar,30.0,Investigation,Central North Island,Mangahao,,,00037636,0,,,Central North Island,Mangahao,30,33,Solar,Investigation,● ,0.03,Early Stage Design,Consent Granted,TBC,,,,,,,,,,,,,,
00037639,Solar,86.0,Investigation,Taranaki,Opunake,,,00037639,0,,,Taranaki,Opunake,86,33,Solar,Investigation,●,0.02,Starting,Consent Granted,TBC,,,,,,,,,,,,,,
00037623,Wind - Onshore,80.0,Investigation,Auckland,Glenbrook,,,00037623,0,,,Auckland,Glenbrook,80,33,Wind - Onshore,Investigation,●,0.01,Starting,Application Expected,TBC,,,,,,,,,,,,,,
00037626,Solar,100.0,Investigation,Nelson-Marlborough,Kikiwa,,,00037626,0,,,Nelson-Marlborough,Kikiwa,100,220,Solar,Investigation,●,0,Starting,Application Expected,TBC,,,,,,,,,,,,,,
00037627,Solar,120.0,Investigation,Canterbury,Waipara,,,00037627,0,,,Canterbury,Waipara,120,66,Solar,Investigation,●,0,Starting,Application Expected,TBC,,,,,,,,,,,,,,
00037630,Wind - Onshore,300.0,Investigation,Waikato,Ohinewai,,,00037630,0,,,Waikato,Ohinewai,300,220,Wind - Onshore,Investigation,●,0,Starting,Application Expected,TBC,,,,,,,,,,,,,,
00037633,Wind - Onshore,120.0,Investigation,Northland,MDN_MPE / MSD_HPI,,,00037633,0,,,Northland,MDN_MPE / MSD_HPI,120,110,Wind - Onshore,Investigation,●,0,Starting,Application Expected,TBC,,,,,,,,,,,,,,
Project ID,Technology,,Transpower stage,Region,Connection location (substation or circuit),,,Project ID,Parent Project ID,,,Region,Connection location (substation or circuit),Max MW,Connection voltage,Technology,Transpower stage,Status Flag,,Status,Consented,Estimated  date to progress to investigation,,,,,,,,,,,,,,
00038059,Wind - Onshore,300.0,Solution Proposal,Central North Island,BPE-WDV (220) / MST-MGM (110),,,00038059,0,,,Central North Island,BPE-WDV (220) / MST-MGM (110),300,220,Wind - Onshore,Solution Proposal,● ,,Early Stage Design,Consent Granted,TBC,,,,,,,,,,,,,,
00037652,Solar,220.0,Solution Proposal,Otago-Southland,NSY_ROX-1,,,00037652,0,,,Otago-Southland,NSY_ROX-1,220,220,Solar,Solution Proposal,● ,,Early Stage Design,Application Expected,TBC,,,,,,,,,,,,,,
00037688,BESS,220.0,Solution Proposal,Otago-Southland,NSY_ROX-1,,,00037688,00037652,,,Otago-Southland,NSY_ROX-1,220,220,BESS,Solution Proposal,● ,,Early Stage Design,Application Expected,TBC,,,,,,,,,,,,,,
00037632,Wind - Onshore,450.0,Solution Proposal,Taranaki,BRK_SFD,,,00037632,0,,,Taranaki,BRK_SFD,450,220,Wind - Onshore,Solution Proposal,●C,,Early Stage Design,Application Expected,TBC,,,,,,,,,,,,,,
00037641,Solar,500.0,Solution Proposal,Central North Island,BPE_WKM,,,00037641,0,,,Central North Island,BPE_WKM,500,220,Solar,Solution Proposal,● ,,Early Stage Design,Application Submitted,TBC,,,,,,,,,,,,,,
00037628,Solar,160.0,Solution Proposal,Central North Island,Tangiwai,,,00037628,0,,,Central North Island,Tangiwai,160,220,Solar,Solution Proposal,● ,,Early Stage Design,Application Expected,TBC,,,,,,,,,,,,,,
00037629,BESS,160.0,Solution Proposal,Central North Island,Tangiwai,,,00037629,00037628,,,Central North Island,Tangiwai,160,220,BESS,Solution Proposal,● ,,Early Stage Design,Application Expected,TBC,,,,,,,,,,,,,,
00037642,Wind - Onshore,338.0,Solution Proposal,Waikato,HLY_TMN / HLY_SFD,,,00037642,0,,,Waikato,HLY_TMN / HLY_SFD,338,220,Wind - Onshore,Solution Proposal,●C,,Early Stage Design,Application Expected,TBC,,,,,,,,,,,,,,
00037646,Solar,180.0,Solution Proposal,South-Canterbury,BEN_ISL-A,,,00037646,0,,,South-Canterbury,BEN_ISL-A,180,220,Solar,Solution Proposal,● ,,Early Stage Design,Consent Granted,TBC,,,,,,,,,,,,,,
00037651,Hydro,16.0,Solution Proposal,Bay of Plenty,EDG-TRK,,,00037651,0,,,Bay of Plenty,EDG-TRK,16,110,Hydro,Solution Proposal,● ,,Early Stage Design,Application Expected,TBC,,,,,,,,,,,,,,
00037687,BESS,180.0,Solution Proposal,South-Canterbury,BEN_ISL-A,,,00037687,00037646,,,South-Canterbury,BEN_ISL-A,180,220,BESS,Solution Proposal,● ,,Early Stage Design,Consent Granted,TBC,,,,,,,,,,,,,,
00037697,Geothermal,40.0,Solution Proposal,Bay of Plenty,EDG-TRK,,,00037697,00037651,,,Bay of Plenty,EDG-TRK,40,110,Geothermal,Solution Proposal,● ,,Early Stage Design,Application Expected,TBC,,,,,,,,,,,,,,
00037653,Solar,310.0,Solution Proposal,Otago-Southland,ROX_ISL,,,00037653,0,,,Otago-Southland,ROX_ISL,310,220,Solar,Solution Proposal,● ,,Early Stage Design,Application Expected,TBC,,,,,,,,,,,,,,
00037685,BESS,310.0,Solution Proposal,Otago-Southland,ROX_ISL,,,00037685,00037653,,,Otago-Southland,ROX_ISL,310,220,BESS,Solution Proposal,● ,,Early Stage Design,Application Expected,TBC,,,,,,,,,,,,,,
00037631,Solar,300.0,Solution Proposal,Taranaki,BRK-SFD,,,00037631,00037632,,,Taranaki,BRK-SFD,300,220,Solar,Solution Proposal,●C,,Early Stage Design,Application Expected,TBC,,,,,,,,,,,,,,
00037644,Wind - Onshore,400.0,Solution Proposal,Waikato,"HLY_SFD, HLY_TWH",,,00037644,0,,,Waikato,"HLY_SFD, HLY_TWH",400,220,Wind - Onshore,Solution Proposal,●C,,Early Stage Design,Application Submitted,TBC,,,,,,,,,,,,,,
00037690,BESS,400.0,Solution Proposal,Waikato,"HLY_SFD, HLY_TWH",,,00037690,00037644,,,Waikato,"HLY_SFD, HLY_TWH",400,220,BESS,Solution Proposal,●C,,Early Stage Design,Application Submitted,TBC,,,,,,,,,,,,,,
Project ID,Technology,,Transpower stage,Region,Connection location (substation or circuit),,,Project ID,Parent Project ID,,,Region,Connection location (substation or circuit),Max MW,Connection voltage,Technology,Transpower stage,Sequence number,Ready to proceed 7,Status,Consented,Estimated  date to progress to solution proposal,,,,,,,,,,,,,,
00037776,Geothermal,0.0,Application,Waikato,WKM_WRK,,,00037776,0,,,Waikato,WKM_WRK,0,220,Geothermal,Application,1,Y,Confirmed,Application Expected,2026-08-01 00:00:00,,,,,,,,,,,,,,
00038378,Solar,80.0,Application,Waikato,WKM_WRK,,,00038378,00037776,,,Waikato,WKM_WRK,80,220,Solar,Application,1,Y,Confirmed,Application Expected,2026-08-01 00:00:00,,,,,,,,,,,,,,
00037708,Wind - Onshore,350.0,Application,Waikato,Whakamaru / Atiamuri,,,00037708,0,,,Waikato,Whakamaru / Atiamuri,350,220,Wind - Onshore,Application,2,Y,Confirmed,Application Expected,2026-09-01 00:00:00,,,,,,,,,,,,,,
00037770,BESS,150.0,Application,Northland,Maungatapere,,,00037770,0,,,Northland,Maungatapere,150,110,BESS,Application,3,Y,Confirmed,Application Expected,2026-09-01 00:00:00,,,,,,,,,,,,,,
00037713,BESS,200.0,Application,Waikato,Hamilton,,,00037713,0,,,Waikato,Hamilton,200,110,BESS,Application,4,Y,Confirmed,Application Expected,2026-10-01 00:00:00,,,,,,,,,,,,,,
00038403,BESS,200.0,Application,Waikato,Hamilton,,,00038403,00037713,,,Waikato,Hamilton,200,110,BESS,Application,4,Y,Confirmed,Application Expected,2026-10-01 00:00:00,,,,,,,,,,,,,,
00038322,Solar,140.0,Application,Otago-Southland,Gore Substation,,,00038322,0,,,Otago-Southland,Gore Substation,140,110,Solar,Application,5,,Confirmed,Application Expected,2026-11-01 00:00:00,,,,,,,,,,,,,,
00037835,Wind - Onshore,454.0,Application,Bay of Plenty,Kaitemako-Tarukenga-1/2,,,00037835,0,,,Bay of Plenty,Kaitemako-Tarukenga-1/2,454,220,Wind - Onshore,Application,6,Y,Confirmed,Application Expected,2026-11-01 00:00:00,,,,,,,,,,,,,,
00037649,Wind - Onshore,230.0,Application,Central North Island,Linton,,,00037649,0,,,Central North Island,Linton,230,220,Wind - Onshore,Application,7,,Confirmed,Application Submitted,2026-12-01 00:00:00,,,,,,,,,,,,,,
00038504,Hydro,15.0,Application,Canterbury,Waitaki GXP,,,00038504,0,,,Canterbury,Waitaki GXP,15,220,Hydro,Application,8,Y,Confirmed,No Consent Required,2026-12-01 00:00:00,,,,,,,,,,,,,,
00037778,Wind - Onshore,500.0,Application,Otago-Southland,INV-ROX-A / INV-ROX-B,,,00037778,0,,,Otago-Southland,INV-ROX-A / INV-ROX-B,500,220,Wind - Onshore,Application,9,Y,Confirmed,Application Expected,2027-02-01 00:00:00,,,,,,,,,,,,,,
00037655,Solar,600.0,Application,Canterbury,ISL_KIK,,,00037655,0,,,Canterbury,ISL_KIK,600,220,Solar,Application,10,,Confirmed,Application Expected,2027-02-01 00:00:00,,,,,,,,,,,,,,
00037693,BESS,600.0,Application,Canterbury,ISL_KIK,,,00037693,00037655,,,Canterbury,ISL_KIK,600,220,BESS,Application,10,,Confirmed,Application Expected,2027-02-01 00:00:00,,,,,,,,,,,,,,
00037658,BESS,280.0,Application,Auckland,Glenbrook,,,00037658,0,,,Auckland,Glenbrook,280,33,BESS,Application,11,,Confirmed,Application Expected,2027-03-01 00:00:00,,,,,,,,,,,,,,
00037660,Solar,200.0,Application,Canterbury,ISL_KIK,,,00037660,0,,,Canterbury,ISL_KIK,200,220,Solar,Application,12,,Confirmed,Application Expected,2027-03-01 00:00:00,,,,,,,,,,,,,,
00037694,BESS,200.0,Application,Canterbury,ISL_KIK,,,00037694,00037660,,,Canterbury,ISL_KIK,200,220,BESS,Application,12,,Confirmed,Application Expected,2027-03-01 00:00:00,,,,,,,,,,,,,,
00037662,Solar,310.0,Application,Canterbury,ISL-KIK,,,00037662,0,,,Canterbury,ISL-KIK,310,220,Solar,Application,13,,Confirmed,Application Expected,2027-04-01 00:00:00,,,,,,,,,,,,,,
00038056,BESS,310.0,Application,Canterbury,ISL_KIK,,,00038056,00037662,,,Canterbury,ISL_KIK,310,220,BESS,Application,13,,Confirmed,Application Expected,2027-04-01 00:00:00,,,,,,,,,,,,,,
00037686,BESS,400.0,Application,South-Canterbury,ROX_TWZ,,,00037686,00037654,,,South-Canterbury,ROX_TWZ,400,220,BESS,Application,14,,Confirmed,Application Expected,2027-04-01 00:00:00,,,,,,,,,,,,,,
00037654,Solar,400.0,Application,South-Canterbury,ROX_TWZ,,,00037654,0,,,South-Canterbury,ROX_TWZ,400,220,Solar,Application,14,,Confirmed,Application Expected,2027-04-01 00:00:00,,,,,,,,,,,,,,
00038603,Solar,10.0,Application,Nelson-Marlborough,BLN,,,00038603,0,,,Nelson-Marlborough,BLN,10,33,Solar,Application,15,Y,Confirmed,No Consent Required,2027-05-01 00:00:00,,,,,,,,,,,,,,
00037647,Solar,250.0,Application,South-Canterbury,"ISL-TKB-1, TKB",,,00037647,0,,,South-Canterbury,"ISL-TKB-1, TKB",250,220,Solar,Application,16,,Confirmed,Application Expected,2027-05-01 00:00:00,,,,,,,,,,,,,,
00037656,Wind - Onshore,400.0,Application,Central North Island,BPE_TKU 1_2,,,00037656,0,,,Central North Island,BPE_TKU 1_2,400,220,Wind - Onshore,Application,17,,Confirmed,Application Expected,2027-06-01 00:00:00,,,,,,,,,,,,,,
00037769,Wind - Onshore,240.0,Application,Taranaki,BRK-SFD,,,00037769,0,,,Taranaki,BRK-SFD,240,220,Wind - Onshore,Application,18,,Confirmed,Application Expected,2027-06-01 00:00:00,,,,,,,,,,,,,,
00037917,Wind - Onshore,300.0,Application,Northland,HEN-MDN-A,,,00037917,0,,,Northland,HEN-MDN-A,300,220,Wind - Onshore,Application,19,,Confirmed,Application Expected,2027-07-01 00:00:00,,,,,,,,,,,,,,
00038618,Wind - Onshore,300.0,Application,Northland,HEN-MDN-A,,,00038618,00037917,,,Northland,HEN-MDN-A,300,220,Wind - Onshore,Application,19,,Confirmed,Application Expected,2027-07-01 00:00:00,,,,,,,,,,,,,,
00037684,BESS,150.0,Application,Central North Island,NAP-OKI-2,,,00037684,00037657,,,Central North Island,NAP-OKI-2,150,220,BESS,Application,20,,Confirmed,Application Expected,2027-07-01 00:00:00,,,,,,,,,,,,,,
00037657,Solar,150.0,Application,Central North Island,NAP-OKI-2,,,00037657,0,,,Central North Island,NAP-OKI-2,150,220,Solar,Application,20,,Confirmed,Application Expected,2027-07-01 00:00:00,,,,,,,,,,,,,,
00037659,Wind - Onshore,259.0,Application,Otago-Southland,Edendale,,,00037659,0,,,Otago-Southland,Edendale,259,110,Wind - Onshore,Application,21,,Confirmed,Application Expected,2027-08-01 00:00:00,,,,,,,,,,,,,,
00038479,Other Generation,81.8,Application,Central North Island,Hawera GXP,,,00038479,0,,,Central North Island,Hawera GXP,81.8,33,Other Generation,Application,22,,Confirmed,No Consent Required,2027-08-01 00:00:00,,,,,,,,,,,,,,
00038372,Solar,500.0,Application,Canterbury,ISL_KIK_A/B,,,00038372,0,,,Canterbury,ISL_KIK_A/B,500,220,Solar,Application,23,,Confirmed,Application Expected,2027-09-01 00:00:00,,,,,,,,,,,,,,
00038377,BESS,200.0,Application,Canterbury,ISL_KIK_A/B,,,00038377,00038372,,,Canterbury,ISL_KIK_A/B,200,220,BESS,Application,23,,Confirmed,Application Expected,2027-09-01 00:00:00,,,,,,,,,,,,,,
00038429,Wind - Onshore,760.0,Application,Waikato,HLY-OTA-A,,,00038429,0,,,Waikato,HLY-OTA-A,760,220,Wind - Onshore,Application,24,,Confirmed,Application Expected,2027-09-01 00:00:00,,,,,,,,,,,,,,
00037689,Wind - Onshore,200.0,Application,Taranaki,BRK-SFD-A,,,00037689,0,,,Taranaki,BRK-SFD-A,200,220,Wind - Onshore,Application,25,,Confirmed,Application Expected,2027-10-01 00:00:00,,,,,,,,,,,,,,
00038428,Wind - Onshore,375.0,Application,Central North Island,BPE-WKM-A and/or BPE-WKM-B,,,00038428,0,,,Central North Island,BPE-WKM-A and/or BPE-WKM-B,375,220,Wind - Onshore,Application,26,,Received,Application Expected,2027-10-01 00:00:00,,,,,,,,,,,,,,
00038654,BESS,375.0,Application,Central North Island,BPE-WKM-A and/or BPE-WKM-B,,,00038654,00038428,,,Central North Island,BPE-WKM-A and/or BPE-WKM-B,375,220,BESS,Application,26,,Received,Application Expected,2027-10-01 00:00:00,,,,,,,,,,,,,,
,,,,,,Notes,,,,Notes,,,,,,,,,,,,,,,,,,,,,,,,,,
,,,,,,"1. The location is given as the substation where a project will connect, or if a new substation is required, the transmission circuit.",,,,"1. The location is given as the substation where a project will connect, or if a new substation is required, the transmission circuit.",,,,,,,,,,,,,,,,,,,,,,,,,,
,,,,,,2. This list includes generation projects requiring new or upgraded Transpower assets; generation projects connecting to an electricity distribution network and not requiring new or upgraded Transpower assets are not shown.,,,,2. This list includes generation projects requiring new or upgraded Transpower assets; generation projects connecting to an electricity distribution network and not requiring new or upgraded Transpower assets are not shown.,,,,,,,,,,,,,,,,,,,,,,,,,,
,,,,,,3. Sequence numbers (for investigations and applications) will be updated as and when projects move to a new stage or are withdrawn; or if a customer with two or more projects with consecutive sequence numbers prioritises a project with a higher number.,,,,3. Sequence numbers (for investigations and applications) will be updated as and when projects move to a new stage or are withdrawn; or if a customer with two or more projects with consecutive sequence numbers prioritises a project with a higher number.,,,,,,,,,,,,,,,,,,,,,,,,,,
,,,,,,"4. An Applications sequence number indicates the order in which Transpower will allocate internal resources to new connection investigations and the order in which Transpower will allocate physical assets (spare Transpower transmission assets and land) at the proposed point of connection. An accepted connection application does not guarantee access to transmission capacity beyond the point of connection and does not guarantee the project will proceed to commissioning. For investigations the sequence number indicates the order in which projects entered the investigation stage. Investigations can move into delivery when the investigation is complete, the sequence number will not apply to this transition.",,,,"4. An Applications sequence number indicates the order in which Transpower will allocate internal resources to new connection investigations and the order in which Transpower will allocate physical assets (spare Transpower transmission assets and land) at the proposed point of connection. An accepted connection application does not guarantee access to transmission capacity beyond the point of connection and does not guarantee the project will proceed to commissioning. For investigations the sequence number indicates the order in which projects entered the investigation stage. Investigations can move into delivery when the investigation is complete, the sequence number will not apply to this transition.",,,,,,,,,,,,,,,,,,,,,,,,,,
,,,,,,"5. Stage % Complete - Approximate progress of the project through the relevant stage based project milestones completed in the project schedule. Progress in delivery is progress for the Transpower connection only, not for the associated generation. Timeframes for delivery contracting will vary as they are dependent on bilateral negotiation and each customer's investment decision process.
Progress is dependent on both Transpower work and customer decisions at key stage gates.  Where customers are unable to make timely decisions progress may stall.  Stalled projects may be put on hold so resources can be re-allocated to other waiting projects.",,,,"5. Stage % Complete - Approximate progress of the project through the relevant stage based project milestones completed in the project schedule. Progress in delivery is progress for the Transpower connection only, not for the associated generation. Timeframes for delivery contracting will vary as they are dependent on bilateral negotiation and each customer's investment decision process.
Progress is dependent on both Transpower work and customer decisions at key stage gates.  Where customers are unable to make timely decisions progress may stall.  Stalled projects may be put on hold so resources can be re-allocated to other waiting projects.",,,,,,,,,,,,,,,,,,,,,,,,,,
,,,,,,"6. Where a developer for a project with a single connection, has multiple development stages, or multiple technologies, these are split into separate rows in this pipeline. ",,,,"6. Where a developer for a project with a single connection, has multiple development stages, or multiple technologies, these are split into separate rows in this pipeline. ",,,,,,,,,,,,,,,,,,,,,,,,,,
,,,,,,"7. Applications are deemed ready to proceed to investigation where Transpower has had confirmation the applicant: is ready to sign the associated services agreement, has FID for the residual application fee and the investigation costs, maintains a need date which justifies an investigation in the near term, and plans for securing property rights and consenting remain on track. Developers are required to be 'ready to proceed' 3 months ahead of the 'estimated date to progress to investigation'",,,,"7. Applications are deemed ready to proceed to investigation where Transpower has had confirmation the applicant: is ready to sign the associated services agreement, has FID for the residual application fee and the investigation costs, maintains a need date which justifies an investigation in the near term, and plans for securing property rights and consenting remain on track. Developers are required to be 'ready to proceed' 3 months ahead of the 'estimated date to progress to investigation'",,,,,,,,,,,,,,,,,,,,,,,,,,
,,,,,,! - Max MW value includes existing generation of () MW as part of the new connection ,,,,! - Max MW value includes existing generation of () MW as part of the new connection ,,,,,,,,,,,,,,,,,,,,,,,,,,
,,,,,,"*- Progressed based on no requirement for new Transpower capital assets for this connection, similar to the treatment of embedded generation connections with no requirement for new Transpower capital assets",,,,"*- Progressed based on no requirement for new Transpower capital assets for this connection, similar to the treatment of embedded generation connections with no requirement for new Transpower capital assets",,,,,,,,,,,,,,,,,,,,,,,,,,
,,,,,,# - Progressed as will contribute to short term system need in line with  Security of Supply Assessment,,,,# - Progressed as will contribute to short term system need in line with  Security of Supply Assessment,,,,,,,,,,,,,,,,,,,,,,,,,,
