TimePeriod,Variable,Scenario,Status,Unit,Value
2024,Load capacity,Reference,Projected,MW,50
2025,Load capacity,Reference,Projected,MW,101
2026,Load capacity,Reference,Projected,MW,113
2027,Load capacity,Reference,Projected,MW,183
2028,Load capacity,Reference,Projected,MW,183
2029,Load capacity,Reference,Projected,MW,233
2030,Load capacity,Reference,Projected,MW,233
2031,Load capacity,Reference,Projected,MW,233
2032,Load capacity,Reference,Projected,MW,233
2033,Load capacity,Reference,Projected,MW,233
2034,Load capacity,Reference,Projected,MW,233
2035,Load capacity,Reference,Projected,MW,233
2036,Load capacity,Reference,Projected,MW,233
2037,Load capacity,Reference,Projected,MW,233
2038,Load capacity,Reference,Projected,MW,233
2039,Load capacity,Reference,Projected,MW,233
2040,Load capacity,Reference,Projected,MW,233
2041,Load capacity,Reference,Projected,MW,233
2042,Load capacity,Reference,Projected,MW,233
2043,Load capacity,Reference,Projected,MW,233
2044,Load capacity,Reference,Projected,MW,233
2045,Load capacity,Reference,Projected,MW,233
2046,Load capacity,Reference,Projected,MW,233
2047,Load capacity,Reference,Projected,MW,233
2048,Load capacity,Reference,Projected,MW,233
2049,Load capacity,Reference,Projected,MW,233
2050,Load capacity,Reference,Projected,MW,233
2024,Load capacity,Growth,Projected,MW,50
2025,Load capacity,Growth,Projected,MW,101
2026,Load capacity,Growth,Projected,MW,263
2027,Load capacity,Growth,Projected,MW,333
2028,Load capacity,Growth,Projected,MW,333
2029,Load capacity,Growth,Projected,MW,383
2030,Load capacity,Growth,Projected,MW,383
2031,Load capacity,Growth,Projected,MW,383
2032,Load capacity,Growth,Projected,MW,383
2033,Load capacity,Growth,Projected,MW,383
2034,Load capacity,Growth,Projected,MW,383
2035,Load capacity,Growth,Projected,MW,383
2036,Load capacity,Growth,Projected,MW,383
2037,Load capacity,Growth,Projected,MW,383
2038,Load capacity,Growth,Projected,MW,383
2039,Load capacity,Growth,Projected,MW,383
2040,Load capacity,Growth,Projected,MW,383
2041,Load capacity,Growth,Projected,MW,383
2042,Load capacity,Growth,Projected,MW,383
2043,Load capacity,Growth,Projected,MW,383
2044,Load capacity,Growth,Projected,MW,383
2045,Load capacity,Growth,Projected,MW,383
2046,Load capacity,Growth,Projected,MW,383
2047,Load capacity,Growth,Projected,MW,383
2048,Load capacity,Growth,Projected,MW,383
2049,Load capacity,Growth,Projected,MW,383
2050,Load capacity,Growth,Projected,MW,383
2024,Load capacity,Constraint,Projected,MW,50
2025,Load capacity,Constraint,Projected,MW,101
2026,Load capacity,Constraint,Projected,MW,113
2027,Load capacity,Constraint,Projected,MW,113
2028,Load capacity,Constraint,Projected,MW,113
2029,Load capacity,Constraint,Projected,MW,113
2030,Load capacity,Constraint,Projected,MW,113
2031,Load capacity,Constraint,Projected,MW,113
2032,Load capacity,Constraint,Projected,MW,113
2033,Load capacity,Constraint,Projected,MW,113
2034,Load capacity,Constraint,Projected,MW,113
2035,Load capacity,Constraint,Projected,MW,113
2036,Load capacity,Constraint,Projected,MW,113
2037,Load capacity,Constraint,Projected,MW,113
2038,Load capacity,Constraint,Projected,MW,113
2039,Load capacity,Constraint,Projected,MW,113
2040,Load capacity,Constraint,Projected,MW,113
2041,Load capacity,Constraint,Projected,MW,113
2042,Load capacity,Constraint,Projected,MW,113
2043,Load capacity,Constraint,Projected,MW,113
2044,Load capacity,Constraint,Projected,MW,113
2045,Load capacity,Constraint,Projected,MW,113
2046,Load capacity,Constraint,Projected,MW,113
2047,Load capacity,Constraint,Projected,MW,113
2048,Load capacity,Constraint,Projected,MW,113
2049,Load capacity,Constraint,Projected,MW,113
2050,Load capacity,Constraint,Projected,MW,113
2024,Load capacity,Innovation,Projected,MW,50
2025,Load capacity,Innovation,Projected,MW,101
2026,Load capacity,Innovation,Projected,MW,263
2027,Load capacity,Innovation,Projected,MW,333
2028,Load capacity,Innovation,Projected,MW,333
2029,Load capacity,Innovation,Projected,MW,383
2030,Load capacity,Innovation,Projected,MW,483
2031,Load capacity,Innovation,Projected,MW,483
2032,Load capacity,Innovation,Projected,MW,483
2033,Load capacity,Innovation,Projected,MW,483
2034,Load capacity,Innovation,Projected,MW,483
2035,Load capacity,Innovation,Projected,MW,583
2036,Load capacity,Innovation,Projected,MW,583
2037,Load capacity,Innovation,Projected,MW,583
2038,Load capacity,Innovation,Projected,MW,583
2039,Load capacity,Innovation,Projected,MW,583
2040,Load capacity,Innovation,Projected,MW,583
2041,Load capacity,Innovation,Projected,MW,583
2042,Load capacity,Innovation,Projected,MW,583
2043,Load capacity,Innovation,Projected,MW,583
2044,Load capacity,Innovation,Projected,MW,583
2045,Load capacity,Innovation,Projected,MW,583
2046,Load capacity,Innovation,Projected,MW,583
2047,Load capacity,Innovation,Projected,MW,583
2048,Load capacity,Innovation,Projected,MW,583
2049,Load capacity,Innovation,Projected,MW,583
2050,Load capacity,Innovation,Projected,MW,583
2024,Load capacity,Environmental,Projected,MW,50
2025,Load capacity,Environmental,Projected,MW,101
2026,Load capacity,Environmental,Projected,MW,113
2027,Load capacity,Environmental,Projected,MW,183
2028,Load capacity,Environmental,Projected,MW,183
2029,Load capacity,Environmental,Projected,MW,233
2030,Load capacity,Environmental,Projected,MW,233
2031,Load capacity,Environmental,Projected,MW,233
2032,Load capacity,Environmental,Projected,MW,233
2033,Load capacity,Environmental,Projected,MW,233
2034,Load capacity,Environmental,Projected,MW,233
2035,Load capacity,Environmental,Projected,MW,233
2036,Load capacity,Environmental,Projected,MW,233
2037,Load capacity,Environmental,Projected,MW,233
2038,Load capacity,Environmental,Projected,MW,233
2039,Load capacity,Environmental,Projected,MW,233
2040,Load capacity,Environmental,Projected,MW,233
2041,Load capacity,Environmental,Projected,MW,233
2042,Load capacity,Environmental,Projected,MW,233
2043,Load capacity,Environmental,Projected,MW,233
2044,Load capacity,Environmental,Projected,MW,233
2045,Load capacity,Environmental,Projected,MW,233
2046,Load capacity,Environmental,Projected,MW,233
2047,Load capacity,Environmental,Projected,MW,233
2048,Load capacity,Environmental,Projected,MW,233
2049,Load capacity,Environmental,Projected,MW,233
2050,Load capacity,Environmental,Projected,MW,233
2024,Electricity consumption,Reference,Projected,TWh,0.394
2025,Electricity consumption,Reference,Projected,TWh,0.797
2026,Electricity consumption,Reference,Projected,TWh,0.892
2027,Electricity consumption,Reference,Projected,TWh,1.444
2028,Electricity consumption,Reference,Projected,TWh,1.444
2029,Electricity consumption,Reference,Projected,TWh,1.838
2030,Electricity consumption,Reference,Projected,TWh,1.838
2031,Electricity consumption,Reference,Projected,TWh,1.838
2032,Electricity consumption,Reference,Projected,TWh,1.838
2033,Electricity consumption,Reference,Projected,TWh,1.838
2034,Electricity consumption,Reference,Projected,TWh,1.838
2035,Electricity consumption,Reference,Projected,TWh,1.838
2036,Electricity consumption,Reference,Projected,TWh,1.838
2037,Electricity consumption,Reference,Projected,TWh,1.838
2038,Electricity consumption,Reference,Projected,TWh,1.838
2039,Electricity consumption,Reference,Projected,TWh,1.838
2040,Electricity consumption,Reference,Projected,TWh,1.838
2041,Electricity consumption,Reference,Projected,TWh,1.838
2042,Electricity consumption,Reference,Projected,TWh,1.838
2043,Electricity consumption,Reference,Projected,TWh,1.838
2044,Electricity consumption,Reference,Projected,TWh,1.838
2045,Electricity consumption,Reference,Projected,TWh,1.838
2046,Electricity consumption,Reference,Projected,TWh,1.838
2047,Electricity consumption,Reference,Projected,TWh,1.838
2048,Electricity consumption,Reference,Projected,TWh,1.838
2049,Electricity consumption,Reference,Projected,TWh,1.838
2050,Electricity consumption,Reference,Projected,TWh,1.838
2024,Electricity consumption,Growth,Projected,TWh,0.394
2025,Electricity consumption,Growth,Projected,TWh,0.797
2026,Electricity consumption,Growth,Projected,TWh,2.075
2027,Electricity consumption,Growth,Projected,TWh,2.627
2028,Electricity consumption,Growth,Projected,TWh,2.627
2029,Electricity consumption,Growth,Projected,TWh,3.022
2030,Electricity consumption,Growth,Projected,TWh,3.022
2031,Electricity consumption,Growth,Projected,TWh,3.022
2032,Electricity consumption,Growth,Projected,TWh,3.022
2033,Electricity consumption,Growth,Projected,TWh,3.022
2034,Electricity consumption,Growth,Projected,TWh,3.022
2035,Electricity consumption,Growth,Projected,TWh,3.022
2036,Electricity consumption,Growth,Projected,TWh,3.022
2037,Electricity consumption,Growth,Projected,TWh,3.022
2038,Electricity consumption,Growth,Projected,TWh,3.022
2039,Electricity consumption,Growth,Projected,TWh,3.022
2040,Electricity consumption,Growth,Projected,TWh,3.022
2041,Electricity consumption,Growth,Projected,TWh,3.022
2042,Electricity consumption,Growth,Projected,TWh,3.022
2043,Electricity consumption,Growth,Projected,TWh,3.022
2044,Electricity consumption,Growth,Projected,TWh,3.022
2045,Electricity consumption,Growth,Projected,TWh,3.022
2046,Electricity consumption,Growth,Projected,TWh,3.022
2047,Electricity consumption,Growth,Projected,TWh,3.022
2048,Electricity consumption,Growth,Projected,TWh,3.022
2049,Electricity consumption,Growth,Projected,TWh,3.022
2050,Electricity consumption,Growth,Projected,TWh,3.022
2024,Electricity consumption,Constraint,Projected,TWh,0.394
2025,Electricity consumption,Constraint,Projected,TWh,0.797
2026,Electricity consumption,Constraint,Projected,TWh,0.892
2027,Electricity consumption,Constraint,Projected,TWh,0.892
2028,Electricity consumption,Constraint,Projected,TWh,0.892
2029,Electricity consumption,Constraint,Projected,TWh,0.892
2030,Electricity consumption,Constraint,Projected,TWh,0.892
2031,Electricity consumption,Constraint,Projected,TWh,0.892
2032,Electricity consumption,Constraint,Projected,TWh,0.892
2033,Electricity consumption,Constraint,Projected,TWh,0.892
2034,Electricity consumption,Constraint,Projected,TWh,0.892
2035,Electricity consumption,Constraint,Projected,TWh,0.892
2036,Electricity consumption,Constraint,Projected,TWh,0.892
2037,Electricity consumption,Constraint,Projected,TWh,0.892
2038,Electricity consumption,Constraint,Projected,TWh,0.892
2039,Electricity consumption,Constraint,Projected,TWh,0.892
2040,Electricity consumption,Constraint,Projected,TWh,0.892
2041,Electricity consumption,Constraint,Projected,TWh,0.892
2042,Electricity consumption,Constraint,Projected,TWh,0.892
2043,Electricity consumption,Constraint,Projected,TWh,0.892
2044,Electricity consumption,Constraint,Projected,TWh,0.892
2045,Electricity consumption,Constraint,Projected,TWh,0.892
2046,Electricity consumption,Constraint,Projected,TWh,0.892
2047,Electricity consumption,Constraint,Projected,TWh,0.892
2048,Electricity consumption,Constraint,Projected,TWh,0.892
2049,Electricity consumption,Constraint,Projected,TWh,0.892
2050,Electricity consumption,Constraint,Projected,TWh,0.892
2024,Electricity consumption,Innovation,Projected,TWh,0.394
2025,Electricity consumption,Innovation,Projected,TWh,0.797
2026,Electricity consumption,Innovation,Projected,TWh,2.075
2027,Electricity consumption,Innovation,Projected,TWh,2.627
2028,Electricity consumption,Innovation,Projected,TWh,2.627
2029,Electricity consumption,Innovation,Projected,TWh,3.022
2030,Electricity consumption,Innovation,Projected,TWh,3.811
2031,Electricity consumption,Innovation,Projected,TWh,3.811
2032,Electricity consumption,Innovation,Projected,TWh,3.811
2033,Electricity consumption,Innovation,Projected,TWh,3.811
2034,Electricity consumption,Innovation,Projected,TWh,3.811
2035,Electricity consumption,Innovation,Projected,TWh,4.6
2036,Electricity consumption,Innovation,Projected,TWh,4.6
2037,Electricity consumption,Innovation,Projected,TWh,4.6
2038,Electricity consumption,Innovation,Projected,TWh,4.6
2039,Electricity consumption,Innovation,Projected,TWh,4.6
2040,Electricity consumption,Innovation,Projected,TWh,4.6
2041,Electricity consumption,Innovation,Projected,TWh,4.6
2042,Electricity consumption,Innovation,Projected,TWh,4.6
2043,Electricity consumption,Innovation,Projected,TWh,4.6
2044,Electricity consumption,Innovation,Projected,TWh,4.6
2045,Electricity consumption,Innovation,Projected,TWh,4.6
2046,Electricity consumption,Innovation,Projected,TWh,4.6
2047,Electricity consumption,Innovation,Projected,TWh,4.6
2048,Electricity consumption,Innovation,Projected,TWh,4.6
2049,Electricity consumption,Innovation,Projected,TWh,4.6
2050,Electricity consumption,Innovation,Projected,TWh,4.6
2024,Electricity consumption,Environmental,Projected,TWh,0.394
2025,Electricity consumption,Environmental,Projected,TWh,0.797
2026,Electricity consumption,Environmental,Projected,TWh,0.892
2027,Electricity consumption,Environmental,Projected,TWh,1.444
2028,Electricity consumption,Environmental,Projected,TWh,1.444
2029,Electricity consumption,Environmental,Projected,TWh,1.838
2030,Electricity consumption,Environmental,Projected,TWh,1.838
2031,Electricity consumption,Environmental,Projected,TWh,1.838
2032,Electricity consumption,Environmental,Projected,TWh,1.838
2033,Electricity consumption,Environmental,Projected,TWh,1.838
2034,Electricity consumption,Environmental,Projected,TWh,1.838
2035,Electricity consumption,Environmental,Projected,TWh,1.838
2036,Electricity consumption,Environmental,Projected,TWh,1.838
2037,Electricity consumption,Environmental,Projected,TWh,1.838
2038,Electricity consumption,Environmental,Projected,TWh,1.838
2039,Electricity consumption,Environmental,Projected,TWh,1.838
2040,Electricity consumption,Environmental,Projected,TWh,1.838
2041,Electricity consumption,Environmental,Projected,TWh,1.838
2042,Electricity consumption,Environmental,Projected,TWh,1.838
2043,Electricity consumption,Environmental,Projected,TWh,1.838
2044,Electricity consumption,Environmental,Projected,TWh,1.838
2045,Electricity consumption,Environmental,Projected,TWh,1.838
2046,Electricity consumption,Environmental,Projected,TWh,1.838
2047,Electricity consumption,Environmental,Projected,TWh,1.838
2048,Electricity consumption,Environmental,Projected,TWh,1.838
2049,Electricity consumption,Environmental,Projected,TWh,1.838
2050,Electricity consumption,Environmental,Projected,TWh,1.838
