TimePeriod,Scenario,Sector,Variable,Status,Unit,Value
1990,Constraint,Commercial,Electricity demand,Historical,TWh,5.321
1990,Constraint,Industrial,Electricity demand,Historical,TWh,13.26
1990,Constraint,Residential,Electricity demand,Historical,TWh,10.164
1990,Constraint,Transport,Electricity demand,Historical,TWh,0.061
1990,Environmental,Commercial,Electricity demand,Historical,TWh,5.321
1990,Environmental,Industrial,Electricity demand,Historical,TWh,13.26
1990,Environmental,Residential,Electricity demand,Historical,TWh,10.164
1990,Environmental,Transport,Electricity demand,Historical,TWh,0.061
1990,Growth,Commercial,Electricity demand,Historical,TWh,5.321
1990,Growth,Industrial,Electricity demand,Historical,TWh,13.26
1990,Growth,Residential,Electricity demand,Historical,TWh,10.164
1990,Growth,Transport,Electricity demand,Historical,TWh,0.061
1990,Innovation,Commercial,Electricity demand,Historical,TWh,5.321
1990,Innovation,Industrial,Electricity demand,Historical,TWh,13.26
1990,Innovation,Residential,Electricity demand,Historical,TWh,10.164
1990,Innovation,Transport,Electricity demand,Historical,TWh,0.061
1990,Reference,Commercial,Electricity demand,Historical,TWh,5.321
1990,Reference,Industrial,Electricity demand,Historical,TWh,13.26
1990,Reference,Residential,Electricity demand,Historical,TWh,10.164
1990,Reference,Transport,Electricity demand,Historical,TWh,0.061
1991,Constraint,Commercial,Electricity demand,Historical,TWh,5.417
1991,Constraint,Industrial,Electricity demand,Historical,TWh,13.523
1991,Constraint,Residential,Electricity demand,Historical,TWh,10.427
1991,Constraint,Transport,Electricity demand,Historical,TWh,0.054
1991,Environmental,Commercial,Electricity demand,Historical,TWh,5.417
1991,Environmental,Industrial,Electricity demand,Historical,TWh,13.523
1991,Environmental,Residential,Electricity demand,Historical,TWh,10.427
1991,Environmental,Transport,Electricity demand,Historical,TWh,0.054
1991,Growth,Commercial,Electricity demand,Historical,TWh,5.417
1991,Growth,Industrial,Electricity demand,Historical,TWh,13.523
1991,Growth,Residential,Electricity demand,Historical,TWh,10.427
1991,Growth,Transport,Electricity demand,Historical,TWh,0.054
1991,Innovation,Commercial,Electricity demand,Historical,TWh,5.417
1991,Innovation,Industrial,Electricity demand,Historical,TWh,13.523
1991,Innovation,Residential,Electricity demand,Historical,TWh,10.427
1991,Innovation,Transport,Electricity demand,Historical,TWh,0.054
1991,Reference,Commercial,Electricity demand,Historical,TWh,5.417
1991,Reference,Industrial,Electricity demand,Historical,TWh,13.523
1991,Reference,Residential,Electricity demand,Historical,TWh,10.427
1991,Reference,Transport,Electricity demand,Historical,TWh,0.054
1992,Constraint,Commercial,Electricity demand,Historical,TWh,5.317
1992,Constraint,Industrial,Electricity demand,Historical,TWh,13.186
1992,Constraint,Residential,Electricity demand,Historical,TWh,10.204
1992,Constraint,Transport,Electricity demand,Historical,TWh,0.055
1992,Environmental,Commercial,Electricity demand,Historical,TWh,5.317
1992,Environmental,Industrial,Electricity demand,Historical,TWh,13.186
1992,Environmental,Residential,Electricity demand,Historical,TWh,10.204
1992,Environmental,Transport,Electricity demand,Historical,TWh,0.055
1992,Growth,Commercial,Electricity demand,Historical,TWh,5.317
1992,Growth,Industrial,Electricity demand,Historical,TWh,13.186
1992,Growth,Residential,Electricity demand,Historical,TWh,10.204
1992,Growth,Transport,Electricity demand,Historical,TWh,0.055
1992,Innovation,Commercial,Electricity demand,Historical,TWh,5.317
1992,Innovation,Industrial,Electricity demand,Historical,TWh,13.186
1992,Innovation,Residential,Electricity demand,Historical,TWh,10.204
1992,Innovation,Transport,Electricity demand,Historical,TWh,0.055
1992,Reference,Commercial,Electricity demand,Historical,TWh,5.317
1992,Reference,Industrial,Electricity demand,Historical,TWh,13.186
1992,Reference,Residential,Electricity demand,Historical,TWh,10.204
1992,Reference,Transport,Electricity demand,Historical,TWh,0.055
1993,Constraint,Commercial,Electricity demand,Historical,TWh,5.412
1993,Constraint,Industrial,Electricity demand,Historical,TWh,14.194
1993,Constraint,Residential,Electricity demand,Historical,TWh,10.226
1993,Constraint,Transport,Electricity demand,Historical,TWh,0.061
1993,Environmental,Commercial,Electricity demand,Historical,TWh,5.412
1993,Environmental,Industrial,Electricity demand,Historical,TWh,14.194
1993,Environmental,Residential,Electricity demand,Historical,TWh,10.226
1993,Environmental,Transport,Electricity demand,Historical,TWh,0.061
1993,Growth,Commercial,Electricity demand,Historical,TWh,5.412
1993,Growth,Industrial,Electricity demand,Historical,TWh,14.194
1993,Growth,Residential,Electricity demand,Historical,TWh,10.226
1993,Growth,Transport,Electricity demand,Historical,TWh,0.061
1993,Innovation,Commercial,Electricity demand,Historical,TWh,5.412
1993,Innovation,Industrial,Electricity demand,Historical,TWh,14.194
1993,Innovation,Residential,Electricity demand,Historical,TWh,10.226
1993,Innovation,Transport,Electricity demand,Historical,TWh,0.061
1993,Reference,Commercial,Electricity demand,Historical,TWh,5.412
1993,Reference,Industrial,Electricity demand,Historical,TWh,14.194
1993,Reference,Residential,Electricity demand,Historical,TWh,10.226
1993,Reference,Transport,Electricity demand,Historical,TWh,0.061
1994,Constraint,Commercial,Electricity demand,Historical,TWh,5.521
1994,Constraint,Industrial,Electricity demand,Historical,TWh,14.573
1994,Constraint,Residential,Electricity demand,Historical,TWh,10.38
1994,Constraint,Transport,Electricity demand,Historical,TWh,0.065
1994,Environmental,Commercial,Electricity demand,Historical,TWh,5.521
1994,Environmental,Industrial,Electricity demand,Historical,TWh,14.573
1994,Environmental,Residential,Electricity demand,Historical,TWh,10.38
1994,Environmental,Transport,Electricity demand,Historical,TWh,0.065
1994,Growth,Commercial,Electricity demand,Historical,TWh,5.521
1994,Growth,Industrial,Electricity demand,Historical,TWh,14.573
1994,Growth,Residential,Electricity demand,Historical,TWh,10.38
1994,Growth,Transport,Electricity demand,Historical,TWh,0.065
1994,Innovation,Commercial,Electricity demand,Historical,TWh,5.521
1994,Innovation,Industrial,Electricity demand,Historical,TWh,14.573
1994,Innovation,Residential,Electricity demand,Historical,TWh,10.38
1994,Innovation,Transport,Electricity demand,Historical,TWh,0.065
1994,Reference,Commercial,Electricity demand,Historical,TWh,5.521
1994,Reference,Industrial,Electricity demand,Historical,TWh,14.573
1994,Reference,Residential,Electricity demand,Historical,TWh,10.38
1994,Reference,Transport,Electricity demand,Historical,TWh,0.065
1995,Constraint,Commercial,Electricity demand,Historical,TWh,5.772
1995,Constraint,Industrial,Electricity demand,Historical,TWh,14.801
1995,Constraint,Residential,Electricity demand,Historical,TWh,10.546
1995,Constraint,Transport,Electricity demand,Historical,TWh,0.067
1995,Environmental,Commercial,Electricity demand,Historical,TWh,5.772
1995,Environmental,Industrial,Electricity demand,Historical,TWh,14.801
1995,Environmental,Residential,Electricity demand,Historical,TWh,10.546
1995,Environmental,Transport,Electricity demand,Historical,TWh,0.067
1995,Growth,Commercial,Electricity demand,Historical,TWh,5.772
1995,Growth,Industrial,Electricity demand,Historical,TWh,14.801
1995,Growth,Residential,Electricity demand,Historical,TWh,10.546
1995,Growth,Transport,Electricity demand,Historical,TWh,0.067
1995,Innovation,Commercial,Electricity demand,Historical,TWh,5.772
1995,Innovation,Industrial,Electricity demand,Historical,TWh,14.801
1995,Innovation,Residential,Electricity demand,Historical,TWh,10.546
1995,Innovation,Transport,Electricity demand,Historical,TWh,0.067
1995,Reference,Commercial,Electricity demand,Historical,TWh,5.772
1995,Reference,Industrial,Electricity demand,Historical,TWh,14.801
1995,Reference,Residential,Electricity demand,Historical,TWh,10.546
1995,Reference,Transport,Electricity demand,Historical,TWh,0.067
1996,Constraint,Commercial,Electricity demand,Historical,TWh,5.934
1996,Constraint,Industrial,Electricity demand,Historical,TWh,15.047
1996,Constraint,Residential,Electricity demand,Historical,TWh,10.874
1996,Constraint,Transport,Electricity demand,Historical,TWh,0.068
1996,Environmental,Commercial,Electricity demand,Historical,TWh,5.934
1996,Environmental,Industrial,Electricity demand,Historical,TWh,15.047
1996,Environmental,Residential,Electricity demand,Historical,TWh,10.874
1996,Environmental,Transport,Electricity demand,Historical,TWh,0.068
1996,Growth,Commercial,Electricity demand,Historical,TWh,5.934
1996,Growth,Industrial,Electricity demand,Historical,TWh,15.047
1996,Growth,Residential,Electricity demand,Historical,TWh,10.874
1996,Growth,Transport,Electricity demand,Historical,TWh,0.068
1996,Innovation,Commercial,Electricity demand,Historical,TWh,5.934
1996,Innovation,Industrial,Electricity demand,Historical,TWh,15.047
1996,Innovation,Residential,Electricity demand,Historical,TWh,10.874
1996,Innovation,Transport,Electricity demand,Historical,TWh,0.068
1996,Reference,Commercial,Electricity demand,Historical,TWh,5.934
1996,Reference,Industrial,Electricity demand,Historical,TWh,15.047
1996,Reference,Residential,Electricity demand,Historical,TWh,10.874
1996,Reference,Transport,Electricity demand,Historical,TWh,0.068
1997,Constraint,Commercial,Electricity demand,Historical,TWh,6.432
1997,Constraint,Industrial,Electricity demand,Historical,TWh,15.714
1997,Constraint,Residential,Electricity demand,Historical,TWh,11.035
1997,Constraint,Transport,Electricity demand,Historical,TWh,0.072
1997,Environmental,Commercial,Electricity demand,Historical,TWh,6.432
1997,Environmental,Industrial,Electricity demand,Historical,TWh,15.714
1997,Environmental,Residential,Electricity demand,Historical,TWh,11.035
1997,Environmental,Transport,Electricity demand,Historical,TWh,0.072
1997,Growth,Commercial,Electricity demand,Historical,TWh,6.432
1997,Growth,Industrial,Electricity demand,Historical,TWh,15.714
1997,Growth,Residential,Electricity demand,Historical,TWh,11.035
1997,Growth,Transport,Electricity demand,Historical,TWh,0.072
1997,Innovation,Commercial,Electricity demand,Historical,TWh,6.432
1997,Innovation,Industrial,Electricity demand,Historical,TWh,15.714
1997,Innovation,Residential,Electricity demand,Historical,TWh,11.035
1997,Innovation,Transport,Electricity demand,Historical,TWh,0.072
1997,Reference,Commercial,Electricity demand,Historical,TWh,6.432
1997,Reference,Industrial,Electricity demand,Historical,TWh,15.714
1997,Reference,Residential,Electricity demand,Historical,TWh,11.035
1997,Reference,Transport,Electricity demand,Historical,TWh,0.072
1998,Constraint,Commercial,Electricity demand,Historical,TWh,6.451
1998,Constraint,Industrial,Electricity demand,Historical,TWh,15.645
1998,Constraint,Residential,Electricity demand,Historical,TWh,10.8
1998,Constraint,Transport,Electricity demand,Historical,TWh,0.073
1998,Environmental,Commercial,Electricity demand,Historical,TWh,6.451
1998,Environmental,Industrial,Electricity demand,Historical,TWh,15.645
1998,Environmental,Residential,Electricity demand,Historical,TWh,10.8
1998,Environmental,Transport,Electricity demand,Historical,TWh,0.073
1998,Growth,Commercial,Electricity demand,Historical,TWh,6.451
1998,Growth,Industrial,Electricity demand,Historical,TWh,15.645
1998,Growth,Residential,Electricity demand,Historical,TWh,10.8
1998,Growth,Transport,Electricity demand,Historical,TWh,0.073
1998,Innovation,Commercial,Electricity demand,Historical,TWh,6.451
1998,Innovation,Industrial,Electricity demand,Historical,TWh,15.645
1998,Innovation,Residential,Electricity demand,Historical,TWh,10.8
1998,Innovation,Transport,Electricity demand,Historical,TWh,0.073
1998,Reference,Commercial,Electricity demand,Historical,TWh,6.451
1998,Reference,Industrial,Electricity demand,Historical,TWh,15.645
1998,Reference,Residential,Electricity demand,Historical,TWh,10.8
1998,Reference,Transport,Electricity demand,Historical,TWh,0.073
1999,Constraint,Commercial,Electricity demand,Historical,TWh,6.686
1999,Constraint,Industrial,Electricity demand,Historical,TWh,16.017
1999,Constraint,Residential,Electricity demand,Historical,TWh,11.299
1999,Constraint,Transport,Electricity demand,Historical,TWh,0.074
1999,Environmental,Commercial,Electricity demand,Historical,TWh,6.686
1999,Environmental,Industrial,Electricity demand,Historical,TWh,16.017
1999,Environmental,Residential,Electricity demand,Historical,TWh,11.299
1999,Environmental,Transport,Electricity demand,Historical,TWh,0.074
1999,Growth,Commercial,Electricity demand,Historical,TWh,6.686
1999,Growth,Industrial,Electricity demand,Historical,TWh,16.017
1999,Growth,Residential,Electricity demand,Historical,TWh,11.299
1999,Growth,Transport,Electricity demand,Historical,TWh,0.074
1999,Innovation,Commercial,Electricity demand,Historical,TWh,6.686
1999,Innovation,Industrial,Electricity demand,Historical,TWh,16.017
1999,Innovation,Residential,Electricity demand,Historical,TWh,11.299
1999,Innovation,Transport,Electricity demand,Historical,TWh,0.074
1999,Reference,Commercial,Electricity demand,Historical,TWh,6.686
1999,Reference,Industrial,Electricity demand,Historical,TWh,16.017
1999,Reference,Residential,Electricity demand,Historical,TWh,11.299
1999,Reference,Transport,Electricity demand,Historical,TWh,0.074
2000,Constraint,Commercial,Electricity demand,Historical,TWh,6.904
2000,Constraint,Industrial,Electricity demand,Historical,TWh,16.508
2000,Constraint,Residential,Electricity demand,Historical,TWh,11.21
2000,Constraint,Transport,Electricity demand,Historical,TWh,0.073
2000,Environmental,Commercial,Electricity demand,Historical,TWh,6.904
2000,Environmental,Industrial,Electricity demand,Historical,TWh,16.508
2000,Environmental,Residential,Electricity demand,Historical,TWh,11.21
2000,Environmental,Transport,Electricity demand,Historical,TWh,0.073
2000,Growth,Commercial,Electricity demand,Historical,TWh,6.904
2000,Growth,Industrial,Electricity demand,Historical,TWh,16.508
2000,Growth,Residential,Electricity demand,Historical,TWh,11.21
2000,Growth,Transport,Electricity demand,Historical,TWh,0.073
2000,Innovation,Commercial,Electricity demand,Historical,TWh,6.904
2000,Innovation,Industrial,Electricity demand,Historical,TWh,16.508
2000,Innovation,Residential,Electricity demand,Historical,TWh,11.21
2000,Innovation,Transport,Electricity demand,Historical,TWh,0.073
2000,Reference,Commercial,Electricity demand,Historical,TWh,6.904
2000,Reference,Industrial,Electricity demand,Historical,TWh,16.508
2000,Reference,Residential,Electricity demand,Historical,TWh,11.21
2000,Reference,Transport,Electricity demand,Historical,TWh,0.073
2001,Constraint,Commercial,Electricity demand,Historical,TWh,6.856
2001,Constraint,Industrial,Electricity demand,Historical,TWh,16.768
2001,Constraint,Residential,Electricity demand,Historical,TWh,11.725
2001,Constraint,Transport,Electricity demand,Historical,TWh,0.071
2001,Environmental,Commercial,Electricity demand,Historical,TWh,6.856
2001,Environmental,Industrial,Electricity demand,Historical,TWh,16.768
2001,Environmental,Residential,Electricity demand,Historical,TWh,11.725
2001,Environmental,Transport,Electricity demand,Historical,TWh,0.071
2001,Growth,Commercial,Electricity demand,Historical,TWh,6.856
2001,Growth,Industrial,Electricity demand,Historical,TWh,16.768
2001,Growth,Residential,Electricity demand,Historical,TWh,11.725
2001,Growth,Transport,Electricity demand,Historical,TWh,0.071
2001,Innovation,Commercial,Electricity demand,Historical,TWh,6.856
2001,Innovation,Industrial,Electricity demand,Historical,TWh,16.768
2001,Innovation,Residential,Electricity demand,Historical,TWh,11.725
2001,Innovation,Transport,Electricity demand,Historical,TWh,0.071
2001,Reference,Commercial,Electricity demand,Historical,TWh,6.856
2001,Reference,Industrial,Electricity demand,Historical,TWh,16.768
2001,Reference,Residential,Electricity demand,Historical,TWh,11.725
2001,Reference,Transport,Electricity demand,Historical,TWh,0.071
2002,Constraint,Commercial,Electricity demand,Historical,TWh,7.068
2002,Constraint,Industrial,Electricity demand,Historical,TWh,17.44
2002,Constraint,Residential,Electricity demand,Historical,TWh,11.649
2002,Constraint,Transport,Electricity demand,Historical,TWh,0.071
2002,Environmental,Commercial,Electricity demand,Historical,TWh,7.068
2002,Environmental,Industrial,Electricity demand,Historical,TWh,17.44
2002,Environmental,Residential,Electricity demand,Historical,TWh,11.649
2002,Environmental,Transport,Electricity demand,Historical,TWh,0.071
2002,Growth,Commercial,Electricity demand,Historical,TWh,7.068
2002,Growth,Industrial,Electricity demand,Historical,TWh,17.44
2002,Growth,Residential,Electricity demand,Historical,TWh,11.649
2002,Growth,Transport,Electricity demand,Historical,TWh,0.071
2002,Innovation,Commercial,Electricity demand,Historical,TWh,7.068
2002,Innovation,Industrial,Electricity demand,Historical,TWh,17.44
2002,Innovation,Residential,Electricity demand,Historical,TWh,11.649
2002,Innovation,Transport,Electricity demand,Historical,TWh,0.071
2002,Reference,Commercial,Electricity demand,Historical,TWh,7.068
2002,Reference,Industrial,Electricity demand,Historical,TWh,17.44
2002,Reference,Residential,Electricity demand,Historical,TWh,11.649
2002,Reference,Transport,Electricity demand,Historical,TWh,0.071
2003,Constraint,Commercial,Electricity demand,Historical,TWh,7.217
2003,Constraint,Industrial,Electricity demand,Historical,TWh,17.027
2003,Constraint,Residential,Electricity demand,Historical,TWh,12.149
2003,Constraint,Transport,Electricity demand,Historical,TWh,0.07
2003,Environmental,Commercial,Electricity demand,Historical,TWh,7.217
2003,Environmental,Industrial,Electricity demand,Historical,TWh,17.027
2003,Environmental,Residential,Electricity demand,Historical,TWh,12.149
2003,Environmental,Transport,Electricity demand,Historical,TWh,0.07
2003,Growth,Commercial,Electricity demand,Historical,TWh,7.217
2003,Growth,Industrial,Electricity demand,Historical,TWh,17.027
2003,Growth,Residential,Electricity demand,Historical,TWh,12.149
2003,Growth,Transport,Electricity demand,Historical,TWh,0.07
2003,Innovation,Commercial,Electricity demand,Historical,TWh,7.217
2003,Innovation,Industrial,Electricity demand,Historical,TWh,17.027
2003,Innovation,Residential,Electricity demand,Historical,TWh,12.149
2003,Innovation,Transport,Electricity demand,Historical,TWh,0.07
2003,Reference,Commercial,Electricity demand,Historical,TWh,7.217
2003,Reference,Industrial,Electricity demand,Historical,TWh,17.027
2003,Reference,Residential,Electricity demand,Historical,TWh,12.149
2003,Reference,Transport,Electricity demand,Historical,TWh,0.07
2004,Constraint,Commercial,Electricity demand,Historical,TWh,7.789
2004,Constraint,Industrial,Electricity demand,Historical,TWh,17.675
2004,Constraint,Residential,Electricity demand,Historical,TWh,12.26
2004,Constraint,Transport,Electricity demand,Historical,TWh,0.071
2004,Environmental,Commercial,Electricity demand,Historical,TWh,7.789
2004,Environmental,Industrial,Electricity demand,Historical,TWh,17.675
2004,Environmental,Residential,Electricity demand,Historical,TWh,12.26
2004,Environmental,Transport,Electricity demand,Historical,TWh,0.071
2004,Growth,Commercial,Electricity demand,Historical,TWh,7.789
2004,Growth,Industrial,Electricity demand,Historical,TWh,17.675
2004,Growth,Residential,Electricity demand,Historical,TWh,12.26
2004,Growth,Transport,Electricity demand,Historical,TWh,0.071
2004,Innovation,Commercial,Electricity demand,Historical,TWh,7.789
2004,Innovation,Industrial,Electricity demand,Historical,TWh,17.675
2004,Innovation,Residential,Electricity demand,Historical,TWh,12.26
2004,Innovation,Transport,Electricity demand,Historical,TWh,0.071
2004,Reference,Commercial,Electricity demand,Historical,TWh,7.789
2004,Reference,Industrial,Electricity demand,Historical,TWh,17.675
2004,Reference,Residential,Electricity demand,Historical,TWh,12.26
2004,Reference,Transport,Electricity demand,Historical,TWh,0.071
2005,Constraint,Commercial,Electricity demand,Historical,TWh,8.234
2005,Constraint,Industrial,Electricity demand,Historical,TWh,17.967
2005,Constraint,Residential,Electricity demand,Historical,TWh,12.097
2005,Constraint,Transport,Electricity demand,Historical,TWh,0.07
2005,Environmental,Commercial,Electricity demand,Historical,TWh,8.234
2005,Environmental,Industrial,Electricity demand,Historical,TWh,17.967
2005,Environmental,Residential,Electricity demand,Historical,TWh,12.097
2005,Environmental,Transport,Electricity demand,Historical,TWh,0.07
2005,Growth,Commercial,Electricity demand,Historical,TWh,8.234
2005,Growth,Industrial,Electricity demand,Historical,TWh,17.967
2005,Growth,Residential,Electricity demand,Historical,TWh,12.097
2005,Growth,Transport,Electricity demand,Historical,TWh,0.07
2005,Innovation,Commercial,Electricity demand,Historical,TWh,8.234
2005,Innovation,Industrial,Electricity demand,Historical,TWh,17.967
2005,Innovation,Residential,Electricity demand,Historical,TWh,12.097
2005,Innovation,Transport,Electricity demand,Historical,TWh,0.07
2005,Reference,Commercial,Electricity demand,Historical,TWh,8.234
2005,Reference,Industrial,Electricity demand,Historical,TWh,17.967
2005,Reference,Residential,Electricity demand,Historical,TWh,12.097
2005,Reference,Transport,Electricity demand,Historical,TWh,0.07
2006,Constraint,Commercial,Electricity demand,Historical,TWh,8.815
2006,Constraint,Industrial,Electricity demand,Historical,TWh,17.728
2006,Constraint,Residential,Electricity demand,Historical,TWh,12.62
2006,Constraint,Transport,Electricity demand,Historical,TWh,0.066
2006,Environmental,Commercial,Electricity demand,Historical,TWh,8.815
2006,Environmental,Industrial,Electricity demand,Historical,TWh,17.728
2006,Environmental,Residential,Electricity demand,Historical,TWh,12.62
2006,Environmental,Transport,Electricity demand,Historical,TWh,0.066
2006,Growth,Commercial,Electricity demand,Historical,TWh,8.815
2006,Growth,Industrial,Electricity demand,Historical,TWh,17.728
2006,Growth,Residential,Electricity demand,Historical,TWh,12.62
2006,Growth,Transport,Electricity demand,Historical,TWh,0.066
2006,Innovation,Commercial,Electricity demand,Historical,TWh,8.815
2006,Innovation,Industrial,Electricity demand,Historical,TWh,17.728
2006,Innovation,Residential,Electricity demand,Historical,TWh,12.62
2006,Innovation,Transport,Electricity demand,Historical,TWh,0.066
2006,Reference,Commercial,Electricity demand,Historical,TWh,8.815
2006,Reference,Industrial,Electricity demand,Historical,TWh,17.728
2006,Reference,Residential,Electricity demand,Historical,TWh,12.62
2006,Reference,Transport,Electricity demand,Historical,TWh,0.066
2007,Constraint,Commercial,Electricity demand,Historical,TWh,9.133
2007,Constraint,Industrial,Electricity demand,Historical,TWh,17.896
2007,Constraint,Residential,Electricity demand,Historical,TWh,12.567
2007,Constraint,Transport,Electricity demand,Historical,TWh,0.067
2007,Environmental,Commercial,Electricity demand,Historical,TWh,9.133
2007,Environmental,Industrial,Electricity demand,Historical,TWh,17.896
2007,Environmental,Residential,Electricity demand,Historical,TWh,12.567
2007,Environmental,Transport,Electricity demand,Historical,TWh,0.067
2007,Growth,Commercial,Electricity demand,Historical,TWh,9.133
2007,Growth,Industrial,Electricity demand,Historical,TWh,17.896
2007,Growth,Residential,Electricity demand,Historical,TWh,12.567
2007,Growth,Transport,Electricity demand,Historical,TWh,0.067
2007,Innovation,Commercial,Electricity demand,Historical,TWh,9.133
2007,Innovation,Industrial,Electricity demand,Historical,TWh,17.896
2007,Innovation,Residential,Electricity demand,Historical,TWh,12.567
2007,Innovation,Transport,Electricity demand,Historical,TWh,0.067
2007,Reference,Commercial,Electricity demand,Historical,TWh,9.133
2007,Reference,Industrial,Electricity demand,Historical,TWh,17.896
2007,Reference,Residential,Electricity demand,Historical,TWh,12.567
2007,Reference,Transport,Electricity demand,Historical,TWh,0.067
2008,Constraint,Commercial,Electricity demand,Historical,TWh,9.025
2008,Constraint,Industrial,Electricity demand,Historical,TWh,17.649
2008,Constraint,Residential,Electricity demand,Historical,TWh,12.449
2008,Constraint,Transport,Electricity demand,Historical,TWh,0.066
2008,Environmental,Commercial,Electricity demand,Historical,TWh,9.025
2008,Environmental,Industrial,Electricity demand,Historical,TWh,17.649
2008,Environmental,Residential,Electricity demand,Historical,TWh,12.449
2008,Environmental,Transport,Electricity demand,Historical,TWh,0.066
2008,Growth,Commercial,Electricity demand,Historical,TWh,9.025
2008,Growth,Industrial,Electricity demand,Historical,TWh,17.649
2008,Growth,Residential,Electricity demand,Historical,TWh,12.449
2008,Growth,Transport,Electricity demand,Historical,TWh,0.066
2008,Innovation,Commercial,Electricity demand,Historical,TWh,9.025
2008,Innovation,Industrial,Electricity demand,Historical,TWh,17.649
2008,Innovation,Residential,Electricity demand,Historical,TWh,12.449
2008,Innovation,Transport,Electricity demand,Historical,TWh,0.066
2008,Reference,Commercial,Electricity demand,Historical,TWh,9.025
2008,Reference,Industrial,Electricity demand,Historical,TWh,17.649
2008,Reference,Residential,Electricity demand,Historical,TWh,12.449
2008,Reference,Transport,Electricity demand,Historical,TWh,0.066
2009,Constraint,Commercial,Electricity demand,Historical,TWh,8.933
2009,Constraint,Industrial,Electricity demand,Historical,TWh,17.376
2009,Constraint,Residential,Electricity demand,Historical,TWh,12.954
2009,Constraint,Transport,Electricity demand,Historical,TWh,0.059
2009,Environmental,Commercial,Electricity demand,Historical,TWh,8.933
2009,Environmental,Industrial,Electricity demand,Historical,TWh,17.376
2009,Environmental,Residential,Electricity demand,Historical,TWh,12.954
2009,Environmental,Transport,Electricity demand,Historical,TWh,0.059
2009,Growth,Commercial,Electricity demand,Historical,TWh,8.933
2009,Growth,Industrial,Electricity demand,Historical,TWh,17.376
2009,Growth,Residential,Electricity demand,Historical,TWh,12.954
2009,Growth,Transport,Electricity demand,Historical,TWh,0.059
2009,Innovation,Commercial,Electricity demand,Historical,TWh,8.933
2009,Innovation,Industrial,Electricity demand,Historical,TWh,17.376
2009,Innovation,Residential,Electricity demand,Historical,TWh,12.954
2009,Innovation,Transport,Electricity demand,Historical,TWh,0.059
2009,Reference,Commercial,Electricity demand,Historical,TWh,8.933
2009,Reference,Industrial,Electricity demand,Historical,TWh,17.376
2009,Reference,Residential,Electricity demand,Historical,TWh,12.954
2009,Reference,Transport,Electricity demand,Historical,TWh,0.059
2010,Constraint,Commercial,Electricity demand,Historical,TWh,9.005
2010,Constraint,Industrial,Electricity demand,Historical,TWh,18.969
2010,Constraint,Residential,Electricity demand,Historical,TWh,12.54
2010,Constraint,Transport,Electricity demand,Historical,TWh,0.064
2010,Environmental,Commercial,Electricity demand,Historical,TWh,9.005
2010,Environmental,Industrial,Electricity demand,Historical,TWh,18.969
2010,Environmental,Residential,Electricity demand,Historical,TWh,12.54
2010,Environmental,Transport,Electricity demand,Historical,TWh,0.064
2010,Growth,Commercial,Electricity demand,Historical,TWh,9.005
2010,Growth,Industrial,Electricity demand,Historical,TWh,18.969
2010,Growth,Residential,Electricity demand,Historical,TWh,12.54
2010,Growth,Transport,Electricity demand,Historical,TWh,0.064
2010,Innovation,Commercial,Electricity demand,Historical,TWh,9.005
2010,Innovation,Industrial,Electricity demand,Historical,TWh,18.969
2010,Innovation,Residential,Electricity demand,Historical,TWh,12.54
2010,Innovation,Transport,Electricity demand,Historical,TWh,0.064
2010,Reference,Commercial,Electricity demand,Historical,TWh,9.005
2010,Reference,Industrial,Electricity demand,Historical,TWh,18.969
2010,Reference,Residential,Electricity demand,Historical,TWh,12.54
2010,Reference,Transport,Electricity demand,Historical,TWh,0.064
2011,Constraint,Commercial,Electricity demand,Historical,TWh,8.972
2011,Constraint,Industrial,Electricity demand,Historical,TWh,18.703
2011,Constraint,Residential,Electricity demand,Historical,TWh,12.592
2011,Constraint,Transport,Electricity demand,Historical,TWh,0.068
2011,Environmental,Commercial,Electricity demand,Historical,TWh,8.972
2011,Environmental,Industrial,Electricity demand,Historical,TWh,18.703
2011,Environmental,Residential,Electricity demand,Historical,TWh,12.592
2011,Environmental,Transport,Electricity demand,Historical,TWh,0.068
2011,Growth,Commercial,Electricity demand,Historical,TWh,8.972
2011,Growth,Industrial,Electricity demand,Historical,TWh,18.703
2011,Growth,Residential,Electricity demand,Historical,TWh,12.592
2011,Growth,Transport,Electricity demand,Historical,TWh,0.068
2011,Innovation,Commercial,Electricity demand,Historical,TWh,8.972
2011,Innovation,Industrial,Electricity demand,Historical,TWh,18.703
2011,Innovation,Residential,Electricity demand,Historical,TWh,12.592
2011,Innovation,Transport,Electricity demand,Historical,TWh,0.068
2011,Reference,Commercial,Electricity demand,Historical,TWh,8.972
2011,Reference,Industrial,Electricity demand,Historical,TWh,18.703
2011,Reference,Residential,Electricity demand,Historical,TWh,12.592
2011,Reference,Transport,Electricity demand,Historical,TWh,0.068
2012,Constraint,Commercial,Electricity demand,Historical,TWh,9.364
2012,Constraint,Industrial,Electricity demand,Historical,TWh,17.912
2012,Constraint,Residential,Electricity demand,Historical,TWh,12.641
2012,Constraint,Transport,Electricity demand,Historical,TWh,0.07
2012,Environmental,Commercial,Electricity demand,Historical,TWh,9.364
2012,Environmental,Industrial,Electricity demand,Historical,TWh,17.912
2012,Environmental,Residential,Electricity demand,Historical,TWh,12.641
2012,Environmental,Transport,Electricity demand,Historical,TWh,0.07
2012,Growth,Commercial,Electricity demand,Historical,TWh,9.364
2012,Growth,Industrial,Electricity demand,Historical,TWh,17.912
2012,Growth,Residential,Electricity demand,Historical,TWh,12.641
2012,Growth,Transport,Electricity demand,Historical,TWh,0.07
2012,Innovation,Commercial,Electricity demand,Historical,TWh,9.364
2012,Innovation,Industrial,Electricity demand,Historical,TWh,17.912
2012,Innovation,Residential,Electricity demand,Historical,TWh,12.641
2012,Innovation,Transport,Electricity demand,Historical,TWh,0.07
2012,Reference,Commercial,Electricity demand,Historical,TWh,9.364
2012,Reference,Industrial,Electricity demand,Historical,TWh,17.912
2012,Reference,Residential,Electricity demand,Historical,TWh,12.641
2012,Reference,Transport,Electricity demand,Historical,TWh,0.07
2013,Constraint,Commercial,Electricity demand,Historical,TWh,9.292
2013,Constraint,Industrial,Electricity demand,Historical,TWh,17.481
2013,Constraint,Residential,Electricity demand,Historical,TWh,12.476
2013,Constraint,Transport,Electricity demand,Historical,TWh,0.067
2013,Environmental,Commercial,Electricity demand,Historical,TWh,9.292
2013,Environmental,Industrial,Electricity demand,Historical,TWh,17.481
2013,Environmental,Residential,Electricity demand,Historical,TWh,12.476
2013,Environmental,Transport,Electricity demand,Historical,TWh,0.067
2013,Growth,Commercial,Electricity demand,Historical,TWh,9.292
2013,Growth,Industrial,Electricity demand,Historical,TWh,17.481
2013,Growth,Residential,Electricity demand,Historical,TWh,12.476
2013,Growth,Transport,Electricity demand,Historical,TWh,0.067
2013,Innovation,Commercial,Electricity demand,Historical,TWh,9.292
2013,Innovation,Industrial,Electricity demand,Historical,TWh,17.481
2013,Innovation,Residential,Electricity demand,Historical,TWh,12.476
2013,Innovation,Transport,Electricity demand,Historical,TWh,0.067
2013,Reference,Commercial,Electricity demand,Historical,TWh,9.292
2013,Reference,Industrial,Electricity demand,Historical,TWh,17.481
2013,Reference,Residential,Electricity demand,Historical,TWh,12.476
2013,Reference,Transport,Electricity demand,Historical,TWh,0.067
2014,Constraint,Commercial,Electricity demand,Historical,TWh,9.312
2014,Constraint,Industrial,Electricity demand,Historical,TWh,18.427
2014,Constraint,Residential,Electricity demand,Historical,TWh,12.479
2014,Constraint,Transport,Electricity demand,Historical,TWh,0.069
2014,Environmental,Commercial,Electricity demand,Historical,TWh,9.312
2014,Environmental,Industrial,Electricity demand,Historical,TWh,18.427
2014,Environmental,Residential,Electricity demand,Historical,TWh,12.479
2014,Environmental,Transport,Electricity demand,Historical,TWh,0.069
2014,Growth,Commercial,Electricity demand,Historical,TWh,9.312
2014,Growth,Industrial,Electricity demand,Historical,TWh,18.427
2014,Growth,Residential,Electricity demand,Historical,TWh,12.479
2014,Growth,Transport,Electricity demand,Historical,TWh,0.069
2014,Innovation,Commercial,Electricity demand,Historical,TWh,9.312
2014,Innovation,Industrial,Electricity demand,Historical,TWh,18.427
2014,Innovation,Residential,Electricity demand,Historical,TWh,12.479
2014,Innovation,Transport,Electricity demand,Historical,TWh,0.069
2014,Reference,Commercial,Electricity demand,Historical,TWh,9.312
2014,Reference,Industrial,Electricity demand,Historical,TWh,18.427
2014,Reference,Residential,Electricity demand,Historical,TWh,12.479
2014,Reference,Transport,Electricity demand,Historical,TWh,0.069
2015,Constraint,Commercial,Electricity demand,Historical,TWh,9.491
2015,Constraint,Industrial,Electricity demand,Historical,TWh,18.744
2015,Constraint,Residential,Electricity demand,Historical,TWh,12.574
2015,Constraint,Transport,Electricity demand,Historical,TWh,0.083
2015,Environmental,Commercial,Electricity demand,Historical,TWh,9.491
2015,Environmental,Industrial,Electricity demand,Historical,TWh,18.744
2015,Environmental,Residential,Electricity demand,Historical,TWh,12.574
2015,Environmental,Transport,Electricity demand,Historical,TWh,0.083
2015,Growth,Commercial,Electricity demand,Historical,TWh,9.491
2015,Growth,Industrial,Electricity demand,Historical,TWh,18.744
2015,Growth,Residential,Electricity demand,Historical,TWh,12.574
2015,Growth,Transport,Electricity demand,Historical,TWh,0.083
2015,Innovation,Commercial,Electricity demand,Historical,TWh,9.491
2015,Innovation,Industrial,Electricity demand,Historical,TWh,18.744
2015,Innovation,Residential,Electricity demand,Historical,TWh,12.574
2015,Innovation,Transport,Electricity demand,Historical,TWh,0.083
2015,Reference,Commercial,Electricity demand,Historical,TWh,9.491
2015,Reference,Industrial,Electricity demand,Historical,TWh,18.744
2015,Reference,Residential,Electricity demand,Historical,TWh,12.574
2015,Reference,Transport,Electricity demand,Historical,TWh,0.083
2016,Constraint,Commercial,Electricity demand,Historical,TWh,9.496
2016,Constraint,Industrial,Electricity demand,Historical,TWh,18.398
2016,Constraint,Residential,Electricity demand,Historical,TWh,12.24
2016,Constraint,Transport,Electricity demand,Historical,TWh,0.091
2016,Environmental,Commercial,Electricity demand,Historical,TWh,9.496
2016,Environmental,Industrial,Electricity demand,Historical,TWh,18.398
2016,Environmental,Residential,Electricity demand,Historical,TWh,12.24
2016,Environmental,Transport,Electricity demand,Historical,TWh,0.091
2016,Growth,Commercial,Electricity demand,Historical,TWh,9.496
2016,Growth,Industrial,Electricity demand,Historical,TWh,18.398
2016,Growth,Residential,Electricity demand,Historical,TWh,12.24
2016,Growth,Transport,Electricity demand,Historical,TWh,0.091
2016,Innovation,Commercial,Electricity demand,Historical,TWh,9.496
2016,Innovation,Industrial,Electricity demand,Historical,TWh,18.398
2016,Innovation,Residential,Electricity demand,Historical,TWh,12.24
2016,Innovation,Transport,Electricity demand,Historical,TWh,0.091
2016,Reference,Commercial,Electricity demand,Historical,TWh,9.496
2016,Reference,Industrial,Electricity demand,Historical,TWh,18.398
2016,Reference,Residential,Electricity demand,Historical,TWh,12.24
2016,Reference,Transport,Electricity demand,Historical,TWh,0.091
2017,Constraint,Commercial,Electricity demand,Historical,TWh,9.368
2017,Constraint,Industrial,Electricity demand,Historical,TWh,17.861
2017,Constraint,Residential,Electricity demand,Historical,TWh,12.625
2017,Constraint,Transport,Electricity demand,Historical,TWh,0.091
2017,Environmental,Commercial,Electricity demand,Historical,TWh,9.368
2017,Environmental,Industrial,Electricity demand,Historical,TWh,17.861
2017,Environmental,Residential,Electricity demand,Historical,TWh,12.625
2017,Environmental,Transport,Electricity demand,Historical,TWh,0.091
2017,Growth,Commercial,Electricity demand,Historical,TWh,9.368
2017,Growth,Industrial,Electricity demand,Historical,TWh,17.861
2017,Growth,Residential,Electricity demand,Historical,TWh,12.625
2017,Growth,Transport,Electricity demand,Historical,TWh,0.091
2017,Innovation,Commercial,Electricity demand,Historical,TWh,9.368
2017,Innovation,Industrial,Electricity demand,Historical,TWh,17.861
2017,Innovation,Residential,Electricity demand,Historical,TWh,12.625
2017,Innovation,Transport,Electricity demand,Historical,TWh,0.091
2017,Reference,Commercial,Electricity demand,Historical,TWh,9.368
2017,Reference,Industrial,Electricity demand,Historical,TWh,17.861
2017,Reference,Residential,Electricity demand,Historical,TWh,12.625
2017,Reference,Transport,Electricity demand,Historical,TWh,0.091
2018,Constraint,Commercial,Electricity demand,Historical,TWh,9.494
2018,Constraint,Industrial,Electricity demand,Historical,TWh,17.767
2018,Constraint,Residential,Electricity demand,Historical,TWh,12.959
2018,Constraint,Transport,Electricity demand,Historical,TWh,0.094
2018,Environmental,Commercial,Electricity demand,Historical,TWh,9.494
2018,Environmental,Industrial,Electricity demand,Historical,TWh,17.767
2018,Environmental,Residential,Electricity demand,Historical,TWh,12.959
2018,Environmental,Transport,Electricity demand,Historical,TWh,0.094
2018,Growth,Commercial,Electricity demand,Historical,TWh,9.494
2018,Growth,Industrial,Electricity demand,Historical,TWh,17.767
2018,Growth,Residential,Electricity demand,Historical,TWh,12.959
2018,Growth,Transport,Electricity demand,Historical,TWh,0.094
2018,Innovation,Commercial,Electricity demand,Historical,TWh,9.494
2018,Innovation,Industrial,Electricity demand,Historical,TWh,17.767
2018,Innovation,Residential,Electricity demand,Historical,TWh,12.959
2018,Innovation,Transport,Electricity demand,Historical,TWh,0.094
2018,Reference,Commercial,Electricity demand,Historical,TWh,9.494
2018,Reference,Industrial,Electricity demand,Historical,TWh,17.767
2018,Reference,Residential,Electricity demand,Historical,TWh,12.959
2018,Reference,Transport,Electricity demand,Historical,TWh,0.094
2019,Constraint,Commercial,Electricity demand,Historical,TWh,9.579
2019,Constraint,Industrial,Electricity demand,Historical,TWh,17.905
2019,Constraint,Residential,Electricity demand,Historical,TWh,12.942
2019,Constraint,Transport,Electricity demand,Historical,TWh,0.108
2019,Environmental,Commercial,Electricity demand,Historical,TWh,9.579
2019,Environmental,Industrial,Electricity demand,Historical,TWh,17.905
2019,Environmental,Residential,Electricity demand,Historical,TWh,12.942
2019,Environmental,Transport,Electricity demand,Historical,TWh,0.108
2019,Growth,Commercial,Electricity demand,Historical,TWh,9.579
2019,Growth,Industrial,Electricity demand,Historical,TWh,17.905
2019,Growth,Residential,Electricity demand,Historical,TWh,12.942
2019,Growth,Transport,Electricity demand,Historical,TWh,0.108
2019,Innovation,Commercial,Electricity demand,Historical,TWh,9.579
2019,Innovation,Industrial,Electricity demand,Historical,TWh,17.905
2019,Innovation,Residential,Electricity demand,Historical,TWh,12.942
2019,Innovation,Transport,Electricity demand,Historical,TWh,0.108
2019,Reference,Commercial,Electricity demand,Historical,TWh,9.579
2019,Reference,Industrial,Electricity demand,Historical,TWh,17.905
2019,Reference,Residential,Electricity demand,Historical,TWh,12.942
2019,Reference,Transport,Electricity demand,Historical,TWh,0.108
2020,Constraint,Commercial,Electricity demand,Historical,TWh,9.134
2020,Constraint,Industrial,Electricity demand,Historical,TWh,17.432
2020,Constraint,Residential,Electricity demand,Historical,TWh,13.284
2020,Constraint,Transport,Electricity demand,Historical,TWh,0.112
2020,Environmental,Commercial,Electricity demand,Historical,TWh,9.134
2020,Environmental,Industrial,Electricity demand,Historical,TWh,17.432
2020,Environmental,Residential,Electricity demand,Historical,TWh,13.284
2020,Environmental,Transport,Electricity demand,Historical,TWh,0.112
2020,Growth,Commercial,Electricity demand,Historical,TWh,9.134
2020,Growth,Industrial,Electricity demand,Historical,TWh,17.432
2020,Growth,Residential,Electricity demand,Historical,TWh,13.284
2020,Growth,Transport,Electricity demand,Historical,TWh,0.112
2020,Innovation,Commercial,Electricity demand,Historical,TWh,9.134
2020,Innovation,Industrial,Electricity demand,Historical,TWh,17.432
2020,Innovation,Residential,Electricity demand,Historical,TWh,13.284
2020,Innovation,Transport,Electricity demand,Historical,TWh,0.112
2020,Reference,Commercial,Electricity demand,Historical,TWh,9.134
2020,Reference,Industrial,Electricity demand,Historical,TWh,17.432
2020,Reference,Residential,Electricity demand,Historical,TWh,13.284
2020,Reference,Transport,Electricity demand,Historical,TWh,0.112
2021,Constraint,Commercial,Electricity demand,Historical,TWh,9.29
2021,Constraint,Industrial,Electricity demand,Historical,TWh,16.941
2021,Constraint,Residential,Electricity demand,Historical,TWh,13.559
2021,Constraint,Transport,Electricity demand,Historical,TWh,0.133
2021,Environmental,Commercial,Electricity demand,Historical,TWh,9.29
2021,Environmental,Industrial,Electricity demand,Historical,TWh,16.941
2021,Environmental,Residential,Electricity demand,Historical,TWh,13.559
2021,Environmental,Transport,Electricity demand,Historical,TWh,0.133
2021,Growth,Commercial,Electricity demand,Historical,TWh,9.29
2021,Growth,Industrial,Electricity demand,Historical,TWh,16.941
2021,Growth,Residential,Electricity demand,Historical,TWh,13.559
2021,Growth,Transport,Electricity demand,Historical,TWh,0.133
2021,Innovation,Commercial,Electricity demand,Historical,TWh,9.29
2021,Innovation,Industrial,Electricity demand,Historical,TWh,16.941
2021,Innovation,Residential,Electricity demand,Historical,TWh,13.559
2021,Innovation,Transport,Electricity demand,Historical,TWh,0.133
2021,Reference,Commercial,Electricity demand,Historical,TWh,9.29
2021,Reference,Industrial,Electricity demand,Historical,TWh,16.941
2021,Reference,Residential,Electricity demand,Historical,TWh,13.559
2021,Reference,Transport,Electricity demand,Historical,TWh,0.133
2022,Constraint,Commercial,Electricity demand,Historical,TWh,9.35
2022,Constraint,Industrial,Electricity demand,Historical,TWh,16.475
2022,Constraint,Residential,Electricity demand,Historical,TWh,13.412
2022,Constraint,Transport,Electricity demand,Historical,TWh,0.193
2022,Environmental,Commercial,Electricity demand,Historical,TWh,9.35
2022,Environmental,Industrial,Electricity demand,Historical,TWh,16.475
2022,Environmental,Residential,Electricity demand,Historical,TWh,13.412
2022,Environmental,Transport,Electricity demand,Historical,TWh,0.193
2022,Growth,Commercial,Electricity demand,Historical,TWh,9.35
2022,Growth,Industrial,Electricity demand,Historical,TWh,16.475
2022,Growth,Residential,Electricity demand,Historical,TWh,13.412
2022,Growth,Transport,Electricity demand,Historical,TWh,0.193
2022,Innovation,Commercial,Electricity demand,Historical,TWh,9.35
2022,Innovation,Industrial,Electricity demand,Historical,TWh,16.475
2022,Innovation,Residential,Electricity demand,Historical,TWh,13.412
2022,Innovation,Transport,Electricity demand,Historical,TWh,0.193
2022,Reference,Commercial,Electricity demand,Historical,TWh,9.35
2022,Reference,Industrial,Electricity demand,Historical,TWh,16.475
2022,Reference,Residential,Electricity demand,Historical,TWh,13.412
2022,Reference,Transport,Electricity demand,Historical,TWh,0.193
2023,Constraint,Commercial,Electricity demand,Historical,TWh,9.56
2023,Constraint,Industrial,Electricity demand,Historical,TWh,16.012
2023,Constraint,Residential,Electricity demand,Historical,TWh,13.773
2023,Constraint,Transport,Electricity demand,Historical,TWh,0.275
2023,Environmental,Commercial,Electricity demand,Historical,TWh,9.56
2023,Environmental,Industrial,Electricity demand,Historical,TWh,16.012
2023,Environmental,Residential,Electricity demand,Historical,TWh,13.773
2023,Environmental,Transport,Electricity demand,Historical,TWh,0.275
2023,Growth,Commercial,Electricity demand,Historical,TWh,9.56
2023,Growth,Industrial,Electricity demand,Historical,TWh,16.012
2023,Growth,Residential,Electricity demand,Historical,TWh,13.773
2023,Growth,Transport,Electricity demand,Historical,TWh,0.275
2023,Innovation,Commercial,Electricity demand,Historical,TWh,9.56
2023,Innovation,Industrial,Electricity demand,Historical,TWh,16.012
2023,Innovation,Residential,Electricity demand,Historical,TWh,13.773
2023,Innovation,Transport,Electricity demand,Historical,TWh,0.275
2023,Reference,Commercial,Electricity demand,Historical,TWh,9.56
2023,Reference,Industrial,Electricity demand,Historical,TWh,16.012
2023,Reference,Residential,Electricity demand,Historical,TWh,13.773
2023,Reference,Transport,Electricity demand,Historical,TWh,0.275
2024,Constraint,Commercial,Electricity demand,Projected,TWh,10.122
2024,Constraint,Industrial,Electricity demand,Projected,TWh,16.686
2024,Constraint,Residential,Electricity demand,Projected,TWh,13.338
2024,Constraint,Transport,Electricity demand,Projected,TWh,0.331
2024,Environmental,Commercial,Electricity demand,Projected,TWh,10.17
2024,Environmental,Industrial,Electricity demand,Projected,TWh,17.068
2024,Environmental,Residential,Electricity demand,Projected,TWh,13.471
2024,Environmental,Transport,Electricity demand,Projected,TWh,0.372
2024,Growth,Commercial,Electricity demand,Projected,TWh,10.113
2024,Growth,Industrial,Electricity demand,Projected,TWh,16.638
2024,Growth,Residential,Electricity demand,Projected,TWh,13.466
2024,Growth,Transport,Electricity demand,Projected,TWh,0.379
2024,Innovation,Commercial,Electricity demand,Projected,TWh,10.2
2024,Innovation,Industrial,Electricity demand,Projected,TWh,17.151
2024,Innovation,Residential,Electricity demand,Projected,TWh,13.471
2024,Innovation,Transport,Electricity demand,Projected,TWh,0.375
2024,Reference,Commercial,Electricity demand,Projected,TWh,10.119
2024,Reference,Industrial,Electricity demand,Projected,TWh,16.671
2024,Reference,Residential,Electricity demand,Projected,TWh,13.432
2024,Reference,Transport,Electricity demand,Projected,TWh,0.354
2025,Constraint,Commercial,Electricity demand,Projected,TWh,10.75
2025,Constraint,Industrial,Electricity demand,Projected,TWh,17.047
2025,Constraint,Residential,Electricity demand,Projected,TWh,13.273
2025,Constraint,Transport,Electricity demand,Projected,TWh,0.393
2025,Environmental,Commercial,Electricity demand,Projected,TWh,10.828
2025,Environmental,Industrial,Electricity demand,Projected,TWh,17.679
2025,Environmental,Residential,Electricity demand,Projected,TWh,13.513
2025,Environmental,Transport,Electricity demand,Projected,TWh,0.483
2025,Growth,Commercial,Electricity demand,Projected,TWh,10.726
2025,Growth,Industrial,Electricity demand,Projected,TWh,16.938
2025,Growth,Residential,Electricity demand,Projected,TWh,13.526
2025,Growth,Transport,Electricity demand,Projected,TWh,0.497
2025,Innovation,Commercial,Electricity demand,Projected,TWh,10.858
2025,Innovation,Industrial,Electricity demand,Projected,TWh,17.753
2025,Innovation,Residential,Electricity demand,Projected,TWh,13.513
2025,Innovation,Transport,Electricity demand,Projected,TWh,0.489
2025,Reference,Commercial,Electricity demand,Projected,TWh,10.743
2025,Reference,Industrial,Electricity demand,Projected,TWh,17.016
2025,Reference,Residential,Electricity demand,Projected,TWh,13.459
2025,Reference,Transport,Electricity demand,Projected,TWh,0.437
2026,Constraint,Commercial,Electricity demand,Projected,TWh,11.113
2026,Constraint,Industrial,Electricity demand,Projected,TWh,17.323
2026,Constraint,Residential,Electricity demand,Projected,TWh,13.214
2026,Constraint,Transport,Electricity demand,Projected,TWh,0.455
2026,Environmental,Commercial,Electricity demand,Projected,TWh,11.218
2026,Environmental,Industrial,Electricity demand,Projected,TWh,18.314
2026,Environmental,Residential,Electricity demand,Projected,TWh,13.568
2026,Environmental,Transport,Electricity demand,Projected,TWh,0.613
2026,Growth,Commercial,Electricity demand,Projected,TWh,12.25
2026,Growth,Industrial,Electricity demand,Projected,TWh,17.14
2026,Growth,Residential,Electricity demand,Projected,TWh,13.591
2026,Growth,Transport,Electricity demand,Projected,TWh,0.635
2026,Innovation,Commercial,Electricity demand,Projected,TWh,12.433
2026,Innovation,Industrial,Electricity demand,Projected,TWh,18.382
2026,Innovation,Residential,Electricity demand,Projected,TWh,13.568
2026,Innovation,Transport,Electricity demand,Projected,TWh,0.623
2026,Reference,Commercial,Electricity demand,Projected,TWh,11.102
2026,Reference,Industrial,Electricity demand,Projected,TWh,17.277
2026,Reference,Residential,Electricity demand,Projected,TWh,13.491
2026,Reference,Transport,Electricity demand,Projected,TWh,0.529
2027,Constraint,Commercial,Electricity demand,Projected,TWh,11.322
2027,Constraint,Industrial,Electricity demand,Projected,TWh,17.588
2027,Constraint,Residential,Electricity demand,Projected,TWh,13.146
2027,Constraint,Transport,Electricity demand,Projected,TWh,0.516
2027,Environmental,Commercial,Electricity demand,Projected,TWh,12.064
2027,Environmental,Industrial,Electricity demand,Projected,TWh,19.111
2027,Environmental,Residential,Electricity demand,Projected,TWh,13.625
2027,Environmental,Transport,Electricity demand,Projected,TWh,0.756
2027,Growth,Commercial,Electricity demand,Projected,TWh,13.042
2027,Growth,Industrial,Electricity demand,Projected,TWh,17.373
2027,Growth,Residential,Electricity demand,Projected,TWh,13.656
2027,Growth,Transport,Electricity demand,Projected,TWh,0.788
2027,Innovation,Commercial,Electricity demand,Projected,TWh,13.269
2027,Innovation,Industrial,Electricity demand,Projected,TWh,19.153
2027,Innovation,Residential,Electricity demand,Projected,TWh,13.625
2027,Innovation,Transport,Electricity demand,Projected,TWh,0.77
2027,Reference,Commercial,Electricity demand,Projected,TWh,11.899
2027,Reference,Industrial,Electricity demand,Projected,TWh,17.572
2027,Reference,Residential,Electricity demand,Projected,TWh,13.519
2027,Reference,Transport,Electricity demand,Projected,TWh,0.627
2028,Constraint,Commercial,Electricity demand,Projected,TWh,11.482
2028,Constraint,Industrial,Electricity demand,Projected,TWh,17.881
2028,Constraint,Residential,Electricity demand,Projected,TWh,13.071
2028,Constraint,Transport,Electricity demand,Projected,TWh,0.583
2028,Environmental,Commercial,Electricity demand,Projected,TWh,12.364
2028,Environmental,Industrial,Electricity demand,Projected,TWh,20.038
2028,Environmental,Residential,Electricity demand,Projected,TWh,13.688
2028,Environmental,Transport,Electricity demand,Projected,TWh,0.911
2028,Growth,Commercial,Electricity demand,Projected,TWh,13.3
2028,Growth,Industrial,Electricity demand,Projected,TWh,17.721
2028,Growth,Residential,Electricity demand,Projected,TWh,13.723
2028,Growth,Transport,Electricity demand,Projected,TWh,0.957
2028,Innovation,Commercial,Electricity demand,Projected,TWh,13.556
2028,Innovation,Industrial,Electricity demand,Projected,TWh,20.054
2028,Innovation,Residential,Electricity demand,Projected,TWh,13.688
2028,Innovation,Transport,Electricity demand,Projected,TWh,0.932
2028,Reference,Commercial,Electricity demand,Projected,TWh,12.127
2028,Reference,Industrial,Electricity demand,Projected,TWh,17.935
2028,Reference,Residential,Electricity demand,Projected,TWh,13.543
2028,Reference,Transport,Electricity demand,Projected,TWh,0.736
2029,Constraint,Commercial,Electricity demand,Projected,TWh,11.63
2029,Constraint,Industrial,Electricity demand,Projected,TWh,18.234
2029,Constraint,Residential,Electricity demand,Projected,TWh,12.997
2029,Constraint,Transport,Electricity demand,Projected,TWh,0.665
2029,Environmental,Commercial,Electricity demand,Projected,TWh,13.076
2029,Environmental,Industrial,Electricity demand,Projected,TWh,21.016
2029,Environmental,Residential,Electricity demand,Projected,TWh,13.7
2029,Environmental,Transport,Electricity demand,Projected,TWh,1.1
2029,Growth,Commercial,Electricity demand,Projected,TWh,13.949
2029,Growth,Industrial,Electricity demand,Projected,TWh,18.183
2029,Growth,Residential,Electricity demand,Projected,TWh,13.787
2029,Growth,Transport,Electricity demand,Projected,TWh,1.163
2029,Innovation,Commercial,Electricity demand,Projected,TWh,14.242
2029,Innovation,Industrial,Electricity demand,Projected,TWh,20.981
2029,Innovation,Residential,Electricity demand,Projected,TWh,13.7
2029,Innovation,Transport,Electricity demand,Projected,TWh,1.128
2029,Reference,Commercial,Electricity demand,Projected,TWh,12.73
2029,Reference,Industrial,Electricity demand,Projected,TWh,18.349
2029,Reference,Residential,Electricity demand,Projected,TWh,13.507
2029,Reference,Transport,Electricity demand,Projected,TWh,0.872
2030,Constraint,Commercial,Electricity demand,Projected,TWh,11.764
2030,Constraint,Industrial,Electricity demand,Projected,TWh,18.652
2030,Constraint,Residential,Electricity demand,Projected,TWh,12.922
2030,Constraint,Transport,Electricity demand,Projected,TWh,0.763
2030,Environmental,Commercial,Electricity demand,Projected,TWh,13.4
2030,Environmental,Industrial,Electricity demand,Projected,TWh,21.948
2030,Environmental,Residential,Electricity demand,Projected,TWh,13.719
2030,Environmental,Transport,Electricity demand,Projected,TWh,1.321
2030,Growth,Commercial,Electricity demand,Projected,TWh,14.192
2030,Growth,Industrial,Electricity demand,Projected,TWh,18.732
2030,Growth,Residential,Electricity demand,Projected,TWh,13.848
2030,Growth,Transport,Electricity demand,Projected,TWh,1.404
2030,Innovation,Commercial,Electricity demand,Projected,TWh,15.363
2030,Innovation,Industrial,Electricity demand,Projected,TWh,21.946
2030,Innovation,Residential,Electricity demand,Projected,TWh,13.719
2030,Innovation,Transport,Electricity demand,Projected,TWh,1.358
2030,Reference,Commercial,Electricity demand,Projected,TWh,12.898
2030,Reference,Industrial,Electricity demand,Projected,TWh,18.777
2030,Reference,Residential,Electricity demand,Projected,TWh,13.47
2030,Reference,Transport,Electricity demand,Projected,TWh,1.036
2031,Constraint,Commercial,Electricity demand,Projected,TWh,11.88
2031,Constraint,Industrial,Electricity demand,Projected,TWh,19.058
2031,Constraint,Residential,Electricity demand,Projected,TWh,12.947
2031,Constraint,Transport,Electricity demand,Projected,TWh,0.875
2031,Environmental,Commercial,Electricity demand,Projected,TWh,13.757
2031,Environmental,Industrial,Electricity demand,Projected,TWh,22.868
2031,Environmental,Residential,Electricity demand,Projected,TWh,13.843
2031,Environmental,Transport,Electricity demand,Projected,TWh,1.56
2031,Growth,Commercial,Electricity demand,Projected,TWh,14.438
2031,Growth,Industrial,Electricity demand,Projected,TWh,19.307
2031,Growth,Residential,Electricity demand,Projected,TWh,14.011
2031,Growth,Transport,Electricity demand,Projected,TWh,1.668
2031,Innovation,Commercial,Electricity demand,Projected,TWh,15.681
2031,Innovation,Industrial,Electricity demand,Projected,TWh,22.826
2031,Innovation,Residential,Electricity demand,Projected,TWh,13.843
2031,Innovation,Transport,Electricity demand,Projected,TWh,1.607
2031,Reference,Commercial,Electricity demand,Projected,TWh,13.051
2031,Reference,Industrial,Electricity demand,Projected,TWh,19.206
2031,Reference,Residential,Electricity demand,Projected,TWh,13.531
2031,Reference,Transport,Electricity demand,Projected,TWh,1.221
2032,Constraint,Commercial,Electricity demand,Projected,TWh,11.974
2032,Constraint,Industrial,Electricity demand,Projected,TWh,19.364
2032,Constraint,Residential,Electricity demand,Projected,TWh,12.976
2032,Constraint,Transport,Electricity demand,Projected,TWh,1.001
2032,Environmental,Commercial,Electricity demand,Projected,TWh,14.101
2032,Environmental,Industrial,Electricity demand,Projected,TWh,23.698
2032,Environmental,Residential,Electricity demand,Projected,TWh,13.972
2032,Environmental,Transport,Electricity demand,Projected,TWh,1.819
2032,Growth,Commercial,Electricity demand,Projected,TWh,14.701
2032,Growth,Industrial,Electricity demand,Projected,TWh,19.853
2032,Growth,Residential,Electricity demand,Projected,TWh,14.179
2032,Growth,Transport,Electricity demand,Projected,TWh,1.956
2032,Innovation,Commercial,Electricity demand,Projected,TWh,15.996
2032,Innovation,Industrial,Electricity demand,Projected,TWh,23.652
2032,Innovation,Residential,Electricity demand,Projected,TWh,13.972
2032,Innovation,Transport,Electricity demand,Projected,TWh,1.877
2032,Reference,Commercial,Electricity demand,Projected,TWh,13.211
2032,Reference,Industrial,Electricity demand,Projected,TWh,19.594
2032,Reference,Residential,Electricity demand,Projected,TWh,13.596
2032,Reference,Transport,Electricity demand,Projected,TWh,1.426
2033,Constraint,Commercial,Electricity demand,Projected,TWh,12.078
2033,Constraint,Industrial,Electricity demand,Projected,TWh,19.61
2033,Constraint,Residential,Electricity demand,Projected,TWh,13.009
2033,Constraint,Transport,Electricity demand,Projected,TWh,1.145
2033,Environmental,Commercial,Electricity demand,Projected,TWh,14.442
2033,Environmental,Industrial,Electricity demand,Projected,TWh,24.468
2033,Environmental,Residential,Electricity demand,Projected,TWh,14.102
2033,Environmental,Transport,Electricity demand,Projected,TWh,2.106
2033,Growth,Commercial,Electricity demand,Projected,TWh,14.983
2033,Growth,Industrial,Electricity demand,Projected,TWh,20.35
2033,Growth,Residential,Electricity demand,Projected,TWh,14.35
2033,Growth,Transport,Electricity demand,Projected,TWh,2.278
2033,Innovation,Commercial,Electricity demand,Projected,TWh,16.311
2033,Innovation,Industrial,Electricity demand,Projected,TWh,24.435
2033,Innovation,Residential,Electricity demand,Projected,TWh,14.102
2033,Innovation,Transport,Electricity demand,Projected,TWh,2.178
2033,Reference,Commercial,Electricity demand,Projected,TWh,13.386
2033,Reference,Industrial,Electricity demand,Projected,TWh,19.927
2033,Reference,Residential,Electricity demand,Projected,TWh,13.666
2033,Reference,Transport,Electricity demand,Projected,TWh,1.66
2034,Constraint,Commercial,Electricity demand,Projected,TWh,12.195
2034,Constraint,Industrial,Electricity demand,Projected,TWh,19.82
2034,Constraint,Residential,Electricity demand,Projected,TWh,13.083
2034,Constraint,Transport,Electricity demand,Projected,TWh,1.32
2034,Environmental,Commercial,Electricity demand,Projected,TWh,14.757
2034,Environmental,Industrial,Electricity demand,Projected,TWh,25.143
2034,Environmental,Residential,Electricity demand,Projected,TWh,14.267
2034,Environmental,Transport,Electricity demand,Projected,TWh,2.439
2034,Growth,Commercial,Electricity demand,Projected,TWh,15.314
2034,Growth,Industrial,Electricity demand,Projected,TWh,20.868
2034,Growth,Residential,Electricity demand,Projected,TWh,14.515
2034,Growth,Transport,Electricity demand,Projected,TWh,2.653
2034,Innovation,Commercial,Electricity demand,Projected,TWh,16.606
2034,Innovation,Industrial,Electricity demand,Projected,TWh,25.144
2034,Innovation,Residential,Electricity demand,Projected,TWh,14.267
2034,Innovation,Transport,Electricity demand,Projected,TWh,2.527
2034,Reference,Commercial,Electricity demand,Projected,TWh,13.577
2034,Reference,Industrial,Electricity demand,Projected,TWh,20.226
2034,Reference,Residential,Electricity demand,Projected,TWh,13.78
2034,Reference,Transport,Electricity demand,Projected,TWh,1.935
2035,Constraint,Commercial,Electricity demand,Projected,TWh,12.326
2035,Constraint,Industrial,Electricity demand,Projected,TWh,20.02
2035,Constraint,Residential,Electricity demand,Projected,TWh,13.161
2035,Constraint,Transport,Electricity demand,Projected,TWh,1.52
2035,Environmental,Commercial,Electricity demand,Projected,TWh,15.039
2035,Environmental,Industrial,Electricity demand,Projected,TWh,25.714
2035,Environmental,Residential,Electricity demand,Projected,TWh,14.424
2035,Environmental,Transport,Electricity demand,Projected,TWh,2.808
2035,Growth,Commercial,Electricity demand,Projected,TWh,15.653
2035,Growth,Industrial,Electricity demand,Projected,TWh,21.358
2035,Growth,Residential,Electricity demand,Projected,TWh,14.684
2035,Growth,Transport,Electricity demand,Projected,TWh,3.072
2035,Innovation,Commercial,Electricity demand,Projected,TWh,17.657
2035,Innovation,Industrial,Electricity demand,Projected,TWh,25.755
2035,Innovation,Residential,Electricity demand,Projected,TWh,14.424
2035,Innovation,Transport,Electricity demand,Projected,TWh,2.915
2035,Reference,Commercial,Electricity demand,Projected,TWh,13.805
2035,Reference,Industrial,Electricity demand,Projected,TWh,20.555
2035,Reference,Residential,Electricity demand,Projected,TWh,13.899
2035,Reference,Transport,Electricity demand,Projected,TWh,2.244
2036,Constraint,Commercial,Electricity demand,Projected,TWh,12.468
2036,Constraint,Industrial,Electricity demand,Projected,TWh,20.227
2036,Constraint,Residential,Electricity demand,Projected,TWh,13.241
2036,Constraint,Transport,Electricity demand,Projected,TWh,1.747
2036,Environmental,Commercial,Electricity demand,Projected,TWh,15.279
2036,Environmental,Industrial,Electricity demand,Projected,TWh,26.171
2036,Environmental,Residential,Electricity demand,Projected,TWh,14.569
2036,Environmental,Transport,Electricity demand,Projected,TWh,3.219
2036,Growth,Commercial,Electricity demand,Projected,TWh,15.985
2036,Growth,Industrial,Electricity demand,Projected,TWh,21.819
2036,Growth,Residential,Electricity demand,Projected,TWh,14.856
2036,Growth,Transport,Electricity demand,Projected,TWh,3.542
2036,Innovation,Commercial,Electricity demand,Projected,TWh,17.891
2036,Innovation,Industrial,Electricity demand,Projected,TWh,26.255
2036,Innovation,Residential,Electricity demand,Projected,TWh,14.569
2036,Innovation,Transport,Electricity demand,Projected,TWh,3.347
2036,Reference,Commercial,Electricity demand,Projected,TWh,14.047
2036,Reference,Industrial,Electricity demand,Projected,TWh,20.896
2036,Reference,Residential,Electricity demand,Projected,TWh,14.021
2036,Reference,Transport,Electricity demand,Projected,TWh,2.593
2037,Constraint,Commercial,Electricity demand,Projected,TWh,12.61
2037,Constraint,Industrial,Electricity demand,Projected,TWh,20.425
2037,Constraint,Residential,Electricity demand,Projected,TWh,13.323
2037,Constraint,Transport,Electricity demand,Projected,TWh,2.002
2037,Environmental,Commercial,Electricity demand,Projected,TWh,15.488
2037,Environmental,Industrial,Electricity demand,Projected,TWh,26.526
2037,Environmental,Residential,Electricity demand,Projected,TWh,14.704
2037,Environmental,Transport,Electricity demand,Projected,TWh,3.669
2037,Growth,Commercial,Electricity demand,Projected,TWh,16.329
2037,Growth,Industrial,Electricity demand,Projected,TWh,22.285
2037,Growth,Residential,Electricity demand,Projected,TWh,15.029
2037,Growth,Transport,Electricity demand,Projected,TWh,4.061
2037,Innovation,Commercial,Electricity demand,Projected,TWh,18.094
2037,Innovation,Industrial,Electricity demand,Projected,TWh,26.648
2037,Innovation,Residential,Electricity demand,Projected,TWh,14.704
2037,Innovation,Transport,Electricity demand,Projected,TWh,3.823
2037,Reference,Commercial,Electricity demand,Projected,TWh,14.29
2037,Reference,Industrial,Electricity demand,Projected,TWh,21.225
2037,Reference,Residential,Electricity demand,Projected,TWh,14.143
2037,Reference,Transport,Electricity demand,Projected,TWh,2.979
2038,Constraint,Commercial,Electricity demand,Projected,TWh,12.747
2038,Constraint,Industrial,Electricity demand,Projected,TWh,20.614
2038,Constraint,Residential,Electricity demand,Projected,TWh,13.403
2038,Constraint,Transport,Electricity demand,Projected,TWh,2.289
2038,Environmental,Commercial,Electricity demand,Projected,TWh,15.667
2038,Environmental,Industrial,Electricity demand,Projected,TWh,26.792
2038,Environmental,Residential,Electricity demand,Projected,TWh,14.828
2038,Environmental,Transport,Electricity demand,Projected,TWh,4.16
2038,Growth,Commercial,Electricity demand,Projected,TWh,16.672
2038,Growth,Industrial,Electricity demand,Projected,TWh,22.741
2038,Growth,Residential,Electricity demand,Projected,TWh,15.201
2038,Growth,Transport,Electricity demand,Projected,TWh,4.633
2038,Innovation,Commercial,Electricity demand,Projected,TWh,18.269
2038,Innovation,Industrial,Electricity demand,Projected,TWh,26.949
2038,Innovation,Residential,Electricity demand,Projected,TWh,14.828
2038,Innovation,Transport,Electricity demand,Projected,TWh,4.343
2038,Reference,Commercial,Electricity demand,Projected,TWh,14.528
2038,Reference,Industrial,Electricity demand,Projected,TWh,21.544
2038,Reference,Residential,Electricity demand,Projected,TWh,14.265
2038,Reference,Transport,Electricity demand,Projected,TWh,3.41
2039,Constraint,Commercial,Electricity demand,Projected,TWh,12.875
2039,Constraint,Industrial,Electricity demand,Projected,TWh,20.764
2039,Constraint,Residential,Electricity demand,Projected,TWh,13.478
2039,Constraint,Transport,Electricity demand,Projected,TWh,2.623
2039,Environmental,Commercial,Electricity demand,Projected,TWh,15.824
2039,Environmental,Industrial,Electricity demand,Projected,TWh,26.98
2039,Environmental,Residential,Electricity demand,Projected,TWh,14.935
2039,Environmental,Transport,Electricity demand,Projected,TWh,4.715
2039,Growth,Commercial,Electricity demand,Projected,TWh,16.998
2039,Growth,Industrial,Electricity demand,Projected,TWh,23.141
2039,Growth,Residential,Electricity demand,Projected,TWh,15.352
2039,Growth,Transport,Electricity demand,Projected,TWh,5.282
2039,Innovation,Commercial,Electricity demand,Projected,TWh,18.42
2039,Innovation,Industrial,Electricity demand,Projected,TWh,27.167
2039,Innovation,Residential,Electricity demand,Projected,TWh,14.935
2039,Innovation,Transport,Electricity demand,Projected,TWh,4.932
2039,Reference,Commercial,Electricity demand,Projected,TWh,14.752
2039,Reference,Industrial,Electricity demand,Projected,TWh,21.815
2039,Reference,Residential,Electricity demand,Projected,TWh,14.375
2039,Reference,Transport,Electricity demand,Projected,TWh,3.906
2040,Constraint,Commercial,Electricity demand,Projected,TWh,13.007
2040,Constraint,Industrial,Electricity demand,Projected,TWh,20.915
2040,Constraint,Residential,Electricity demand,Projected,TWh,13.548
2040,Constraint,Transport,Electricity demand,Projected,TWh,2.996
2040,Environmental,Commercial,Electricity demand,Projected,TWh,15.962
2040,Environmental,Industrial,Electricity demand,Projected,TWh,27.106
2040,Environmental,Residential,Electricity demand,Projected,TWh,15.036
2040,Environmental,Transport,Electricity demand,Projected,TWh,5.276
2040,Growth,Commercial,Electricity demand,Projected,TWh,17.303
2040,Growth,Industrial,Electricity demand,Projected,TWh,23.49
2040,Growth,Residential,Electricity demand,Projected,TWh,15.499
2040,Growth,Transport,Electricity demand,Projected,TWh,5.942
2040,Innovation,Commercial,Electricity demand,Projected,TWh,18.552
2040,Innovation,Industrial,Electricity demand,Projected,TWh,27.319
2040,Innovation,Residential,Electricity demand,Projected,TWh,15.036
2040,Innovation,Transport,Electricity demand,Projected,TWh,5.527
2040,Reference,Commercial,Electricity demand,Projected,TWh,14.953
2040,Reference,Industrial,Electricity demand,Projected,TWh,22.036
2040,Reference,Residential,Electricity demand,Projected,TWh,14.481
2040,Reference,Transport,Electricity demand,Projected,TWh,4.45
2041,Constraint,Commercial,Electricity demand,Projected,TWh,13.102
2041,Constraint,Industrial,Electricity demand,Projected,TWh,20.99
2041,Constraint,Residential,Electricity demand,Projected,TWh,13.614
2041,Constraint,Transport,Electricity demand,Projected,TWh,3.4
2041,Environmental,Commercial,Electricity demand,Projected,TWh,16.083
2041,Environmental,Industrial,Electricity demand,Projected,TWh,27.18
2041,Environmental,Residential,Electricity demand,Projected,TWh,15.132
2041,Environmental,Transport,Electricity demand,Projected,TWh,5.825
2041,Growth,Commercial,Electricity demand,Projected,TWh,17.585
2041,Growth,Industrial,Electricity demand,Projected,TWh,23.788
2041,Growth,Residential,Electricity demand,Projected,TWh,15.641
2041,Growth,Transport,Electricity demand,Projected,TWh,6.596
2041,Innovation,Commercial,Electricity demand,Projected,TWh,18.667
2041,Innovation,Industrial,Electricity demand,Projected,TWh,27.416
2041,Innovation,Residential,Electricity demand,Projected,TWh,15.132
2041,Innovation,Transport,Electricity demand,Projected,TWh,6.112
2041,Reference,Commercial,Electricity demand,Projected,TWh,15.129
2041,Reference,Industrial,Electricity demand,Projected,TWh,22.203
2041,Reference,Residential,Electricity demand,Projected,TWh,14.582
2041,Reference,Transport,Electricity demand,Projected,TWh,5.002
2042,Constraint,Commercial,Electricity demand,Projected,TWh,13.145
2042,Constraint,Industrial,Electricity demand,Projected,TWh,21.011
2042,Constraint,Residential,Electricity demand,Projected,TWh,13.676
2042,Constraint,Transport,Electricity demand,Projected,TWh,3.809
2042,Environmental,Commercial,Electricity demand,Projected,TWh,16.166
2042,Environmental,Industrial,Electricity demand,Projected,TWh,27.212
2042,Environmental,Residential,Electricity demand,Projected,TWh,15.224
2042,Environmental,Transport,Electricity demand,Projected,TWh,6.335
2042,Growth,Commercial,Electricity demand,Projected,TWh,17.803
2042,Growth,Industrial,Electricity demand,Projected,TWh,24.013
2042,Growth,Residential,Electricity demand,Projected,TWh,15.78
2042,Growth,Transport,Electricity demand,Projected,TWh,7.212
2042,Innovation,Commercial,Electricity demand,Projected,TWh,18.745
2042,Innovation,Industrial,Electricity demand,Projected,TWh,27.468
2042,Innovation,Residential,Electricity demand,Projected,TWh,15.224
2042,Innovation,Transport,Electricity demand,Projected,TWh,6.658
2042,Reference,Commercial,Electricity demand,Projected,TWh,15.253
2042,Reference,Industrial,Electricity demand,Projected,TWh,22.31
2042,Reference,Residential,Electricity demand,Projected,TWh,14.68
2042,Reference,Transport,Electricity demand,Projected,TWh,5.526
2043,Constraint,Commercial,Electricity demand,Projected,TWh,13.16
2043,Constraint,Industrial,Electricity demand,Projected,TWh,20.978
2043,Constraint,Residential,Electricity demand,Projected,TWh,13.735
2043,Constraint,Transport,Electricity demand,Projected,TWh,4.218
2043,Environmental,Commercial,Electricity demand,Projected,TWh,16.238
2043,Environmental,Industrial,Electricity demand,Projected,TWh,27.211
2043,Environmental,Residential,Electricity demand,Projected,TWh,15.314
2043,Environmental,Transport,Electricity demand,Projected,TWh,6.813
2043,Growth,Commercial,Electricity demand,Projected,TWh,17.99
2043,Growth,Industrial,Electricity demand,Projected,TWh,24.175
2043,Growth,Residential,Electricity demand,Projected,TWh,15.915
2043,Growth,Transport,Electricity demand,Projected,TWh,7.799
2043,Innovation,Commercial,Electricity demand,Projected,TWh,18.811
2043,Innovation,Industrial,Electricity demand,Projected,TWh,27.485
2043,Innovation,Residential,Electricity demand,Projected,TWh,15.314
2043,Innovation,Transport,Electricity demand,Projected,TWh,7.172
2043,Reference,Commercial,Electricity demand,Projected,TWh,15.354
2043,Reference,Industrial,Electricity demand,Projected,TWh,22.371
2043,Reference,Residential,Electricity demand,Projected,TWh,14.774
2043,Reference,Transport,Electricity demand,Projected,TWh,6.024
2044,Constraint,Commercial,Electricity demand,Projected,TWh,13.151
2044,Constraint,Industrial,Electricity demand,Projected,TWh,20.9
2044,Constraint,Residential,Electricity demand,Projected,TWh,13.777
2044,Constraint,Transport,Electricity demand,Projected,TWh,4.585
2044,Environmental,Commercial,Electricity demand,Projected,TWh,16.302
2044,Environmental,Industrial,Electricity demand,Projected,TWh,27.183
2044,Environmental,Residential,Electricity demand,Projected,TWh,15.393
2044,Environmental,Transport,Electricity demand,Projected,TWh,7.237
2044,Growth,Commercial,Electricity demand,Projected,TWh,18.164
2044,Growth,Industrial,Electricity demand,Projected,TWh,24.302
2044,Growth,Residential,Electricity demand,Projected,TWh,16.044
2044,Growth,Transport,Electricity demand,Projected,TWh,8.33
2044,Innovation,Commercial,Electricity demand,Projected,TWh,18.869
2044,Innovation,Industrial,Electricity demand,Projected,TWh,27.474
2044,Innovation,Residential,Electricity demand,Projected,TWh,15.393
2044,Innovation,Transport,Electricity demand,Projected,TWh,7.629
2044,Reference,Commercial,Electricity demand,Projected,TWh,15.437
2044,Reference,Industrial,Electricity demand,Projected,TWh,22.393
2044,Reference,Residential,Electricity demand,Projected,TWh,14.857
2044,Reference,Transport,Electricity demand,Projected,TWh,6.469
2045,Constraint,Commercial,Electricity demand,Projected,TWh,13.127
2045,Constraint,Industrial,Electricity demand,Projected,TWh,20.794
2045,Constraint,Residential,Electricity demand,Projected,TWh,13.816
2045,Constraint,Transport,Electricity demand,Projected,TWh,4.954
2045,Environmental,Commercial,Electricity demand,Projected,TWh,16.358
2045,Environmental,Industrial,Electricity demand,Projected,TWh,27.134
2045,Environmental,Residential,Electricity demand,Projected,TWh,15.47
2045,Environmental,Transport,Electricity demand,Projected,TWh,7.66
2045,Growth,Commercial,Electricity demand,Projected,TWh,18.328
2045,Growth,Industrial,Electricity demand,Projected,TWh,24.401
2045,Growth,Residential,Electricity demand,Projected,TWh,16.171
2045,Growth,Transport,Electricity demand,Projected,TWh,8.865
2045,Innovation,Commercial,Electricity demand,Projected,TWh,18.919
2045,Innovation,Industrial,Electricity demand,Projected,TWh,27.44
2045,Innovation,Residential,Electricity demand,Projected,TWh,15.47
2045,Innovation,Transport,Electricity demand,Projected,TWh,8.087
2045,Reference,Commercial,Electricity demand,Projected,TWh,15.505
2045,Reference,Industrial,Electricity demand,Projected,TWh,22.385
2045,Reference,Residential,Electricity demand,Projected,TWh,14.937
2045,Reference,Transport,Electricity demand,Projected,TWh,6.915
2046,Constraint,Commercial,Electricity demand,Projected,TWh,13.094
2046,Constraint,Industrial,Electricity demand,Projected,TWh,20.669
2046,Constraint,Residential,Electricity demand,Projected,TWh,13.854
2046,Constraint,Transport,Electricity demand,Projected,TWh,5.324
2046,Environmental,Commercial,Electricity demand,Projected,TWh,16.407
2046,Environmental,Industrial,Electricity demand,Projected,TWh,27.066
2046,Environmental,Residential,Electricity demand,Projected,TWh,15.547
2046,Environmental,Transport,Electricity demand,Projected,TWh,8.078
2046,Growth,Commercial,Electricity demand,Projected,TWh,18.474
2046,Growth,Industrial,Electricity demand,Projected,TWh,24.468
2046,Growth,Residential,Electricity demand,Projected,TWh,16.297
2046,Growth,Transport,Electricity demand,Projected,TWh,9.397
2046,Innovation,Commercial,Electricity demand,Projected,TWh,18.963
2046,Innovation,Industrial,Electricity demand,Projected,TWh,27.387
2046,Innovation,Residential,Electricity demand,Projected,TWh,15.547
2046,Innovation,Transport,Electricity demand,Projected,TWh,8.538
2046,Reference,Commercial,Electricity demand,Projected,TWh,15.561
2046,Reference,Industrial,Electricity demand,Projected,TWh,22.353
2046,Reference,Residential,Electricity demand,Projected,TWh,15.016
2046,Reference,Transport,Electricity demand,Projected,TWh,7.359
2047,Constraint,Commercial,Electricity demand,Projected,TWh,13.054
2047,Constraint,Industrial,Electricity demand,Projected,TWh,20.53
2047,Constraint,Residential,Electricity demand,Projected,TWh,13.89
2047,Constraint,Transport,Electricity demand,Projected,TWh,5.689
2047,Environmental,Commercial,Electricity demand,Projected,TWh,16.45
2047,Environmental,Industrial,Electricity demand,Projected,TWh,26.983
2047,Environmental,Residential,Electricity demand,Projected,TWh,15.623
2047,Environmental,Transport,Electricity demand,Projected,TWh,8.487
2047,Growth,Commercial,Electricity demand,Projected,TWh,18.605
2047,Growth,Industrial,Electricity demand,Projected,TWh,24.509
2047,Growth,Residential,Electricity demand,Projected,TWh,16.421
2047,Growth,Transport,Electricity demand,Projected,TWh,9.922
2047,Innovation,Commercial,Electricity demand,Projected,TWh,19
2047,Innovation,Industrial,Electricity demand,Projected,TWh,27.318
2047,Innovation,Residential,Electricity demand,Projected,TWh,15.623
2047,Innovation,Transport,Electricity demand,Projected,TWh,8.982
2047,Reference,Commercial,Electricity demand,Projected,TWh,15.607
2047,Reference,Industrial,Electricity demand,Projected,TWh,22.303
2047,Reference,Residential,Electricity demand,Projected,TWh,15.093
2047,Reference,Transport,Electricity demand,Projected,TWh,7.796
2048,Constraint,Commercial,Electricity demand,Projected,TWh,13.005
2048,Constraint,Industrial,Electricity demand,Projected,TWh,20.379
2048,Constraint,Residential,Electricity demand,Projected,TWh,13.926
2048,Constraint,Transport,Electricity demand,Projected,TWh,6.059
2048,Environmental,Commercial,Electricity demand,Projected,TWh,16.487
2048,Environmental,Industrial,Electricity demand,Projected,TWh,26.887
2048,Environmental,Residential,Electricity demand,Projected,TWh,15.699
2048,Environmental,Transport,Electricity demand,Projected,TWh,8.899
2048,Growth,Commercial,Electricity demand,Projected,TWh,18.729
2048,Growth,Industrial,Electricity demand,Projected,TWh,24.531
2048,Growth,Residential,Electricity demand,Projected,TWh,16.545
2048,Growth,Transport,Electricity demand,Projected,TWh,10.457
2048,Innovation,Commercial,Electricity demand,Projected,TWh,19.032
2048,Innovation,Industrial,Electricity demand,Projected,TWh,27.236
2048,Innovation,Residential,Electricity demand,Projected,TWh,15.699
2048,Innovation,Transport,Electricity demand,Projected,TWh,9.429
2048,Reference,Commercial,Electricity demand,Projected,TWh,15.644
2048,Reference,Industrial,Electricity demand,Projected,TWh,22.24
2048,Reference,Residential,Electricity demand,Projected,TWh,15.17
2048,Reference,Transport,Electricity demand,Projected,TWh,8.237
2049,Constraint,Commercial,Electricity demand,Projected,TWh,12.954
2049,Constraint,Industrial,Electricity demand,Projected,TWh,20.224
2049,Constraint,Residential,Electricity demand,Projected,TWh,13.944
2049,Constraint,Transport,Electricity demand,Projected,TWh,6.362
2049,Environmental,Commercial,Electricity demand,Projected,TWh,16.518
2049,Environmental,Industrial,Electricity demand,Projected,TWh,26.78
2049,Environmental,Residential,Electricity demand,Projected,TWh,15.764
2049,Environmental,Transport,Electricity demand,Projected,TWh,9.237
2049,Growth,Commercial,Electricity demand,Projected,TWh,18.852
2049,Growth,Industrial,Electricity demand,Projected,TWh,24.551
2049,Growth,Residential,Electricity demand,Projected,TWh,16.652
2049,Growth,Transport,Electricity demand,Projected,TWh,10.914
2049,Innovation,Commercial,Electricity demand,Projected,TWh,19.057
2049,Innovation,Industrial,Electricity demand,Projected,TWh,27.142
2049,Innovation,Residential,Electricity demand,Projected,TWh,15.764
2049,Innovation,Transport,Electricity demand,Projected,TWh,9.801
2049,Reference,Commercial,Electricity demand,Projected,TWh,15.674
2049,Reference,Industrial,Electricity demand,Projected,TWh,22.163
2049,Reference,Residential,Electricity demand,Projected,TWh,15.236
2049,Reference,Transport,Electricity demand,Projected,TWh,8.606
2050,Constraint,Commercial,Electricity demand,Projected,TWh,12.906
2050,Constraint,Industrial,Electricity demand,Projected,TWh,20.081
2050,Constraint,Residential,Electricity demand,Projected,TWh,13.965
2050,Constraint,Transport,Electricity demand,Projected,TWh,6.642
2050,Environmental,Commercial,Electricity demand,Projected,TWh,16.546
2050,Environmental,Industrial,Electricity demand,Projected,TWh,26.677
2050,Environmental,Residential,Electricity demand,Projected,TWh,15.83
2050,Environmental,Transport,Electricity demand,Projected,TWh,9.551
2050,Growth,Commercial,Electricity demand,Projected,TWh,18.98
2050,Growth,Industrial,Electricity demand,Projected,TWh,24.587
2050,Growth,Residential,Electricity demand,Projected,TWh,16.762
2050,Growth,Transport,Electricity demand,Projected,TWh,11.343
2050,Innovation,Commercial,Electricity demand,Projected,TWh,19.079
2050,Innovation,Industrial,Electricity demand,Projected,TWh,27.054
2050,Innovation,Residential,Electricity demand,Projected,TWh,15.83
2050,Innovation,Transport,Electricity demand,Projected,TWh,10.147
2050,Reference,Commercial,Electricity demand,Projected,TWh,15.705
2050,Reference,Industrial,Electricity demand,Projected,TWh,22.099
2050,Reference,Residential,Electricity demand,Projected,TWh,15.303
2050,Reference,Transport,Electricity demand,Projected,TWh,8.949
