TimePeriod,Scenario,Status,Unit,Value
1990,Constraint,Historical,TWh,28.806
1990,Environmental,Historical,TWh,28.806
1990,Growth,Historical,TWh,28.806
1990,Innovation,Historical,TWh,28.806
1990,Reference,Historical,TWh,28.806
1991,Constraint,Historical,TWh,29.42
1991,Environmental,Historical,TWh,29.42
1991,Growth,Historical,TWh,29.42
1991,Innovation,Historical,TWh,29.42
1991,Reference,Historical,TWh,29.42
1992,Constraint,Historical,TWh,28.762
1992,Environmental,Historical,TWh,28.762
1992,Growth,Historical,TWh,28.762
1992,Innovation,Historical,TWh,28.762
1992,Reference,Historical,TWh,28.762
1993,Constraint,Historical,TWh,29.894
1993,Environmental,Historical,TWh,29.894
1993,Growth,Historical,TWh,29.894
1993,Innovation,Historical,TWh,29.894
1993,Reference,Historical,TWh,29.894
1994,Constraint,Historical,TWh,30.539
1994,Environmental,Historical,TWh,30.539
1994,Growth,Historical,TWh,30.539
1994,Innovation,Historical,TWh,30.539
1994,Reference,Historical,TWh,30.539
1995,Constraint,Historical,TWh,31.186
1995,Environmental,Historical,TWh,31.186
1995,Growth,Historical,TWh,31.186
1995,Innovation,Historical,TWh,31.186
1995,Reference,Historical,TWh,31.186
1996,Constraint,Historical,TWh,31.923
1996,Environmental,Historical,TWh,31.923
1996,Growth,Historical,TWh,31.923
1996,Innovation,Historical,TWh,31.923
1996,Reference,Historical,TWh,31.923
1997,Constraint,Historical,TWh,33.253
1997,Environmental,Historical,TWh,33.253
1997,Growth,Historical,TWh,33.253
1997,Innovation,Historical,TWh,33.253
1997,Reference,Historical,TWh,33.253
1998,Constraint,Historical,TWh,32.969
1998,Environmental,Historical,TWh,32.969
1998,Growth,Historical,TWh,32.969
1998,Innovation,Historical,TWh,32.969
1998,Reference,Historical,TWh,32.969
1999,Constraint,Historical,TWh,34.075
1999,Environmental,Historical,TWh,34.075
1999,Growth,Historical,TWh,34.075
1999,Innovation,Historical,TWh,34.075
1999,Reference,Historical,TWh,34.075
2000,Constraint,Historical,TWh,34.695
2000,Environmental,Historical,TWh,34.695
2000,Growth,Historical,TWh,34.695
2000,Innovation,Historical,TWh,34.695
2000,Reference,Historical,TWh,34.695
2001,Constraint,Historical,TWh,35.419
2001,Environmental,Historical,TWh,35.419
2001,Growth,Historical,TWh,35.419
2001,Innovation,Historical,TWh,35.419
2001,Reference,Historical,TWh,35.419
2002,Constraint,Historical,TWh,36.228
2002,Environmental,Historical,TWh,36.228
2002,Growth,Historical,TWh,36.228
2002,Innovation,Historical,TWh,36.228
2002,Reference,Historical,TWh,36.228
2003,Constraint,Historical,TWh,36.462
2003,Environmental,Historical,TWh,36.462
2003,Growth,Historical,TWh,36.462
2003,Innovation,Historical,TWh,36.462
2003,Reference,Historical,TWh,36.462
2004,Constraint,Historical,TWh,37.794
2004,Environmental,Historical,TWh,37.794
2004,Growth,Historical,TWh,37.794
2004,Innovation,Historical,TWh,37.794
2004,Reference,Historical,TWh,37.794
2005,Constraint,Historical,TWh,38.368
2005,Environmental,Historical,TWh,38.368
2005,Growth,Historical,TWh,38.368
2005,Innovation,Historical,TWh,38.368
2005,Reference,Historical,TWh,38.368
2006,Constraint,Historical,TWh,39.229
2006,Environmental,Historical,TWh,39.229
2006,Growth,Historical,TWh,39.229
2006,Innovation,Historical,TWh,39.229
2006,Reference,Historical,TWh,39.229
2007,Constraint,Historical,TWh,39.662
2007,Environmental,Historical,TWh,39.662
2007,Growth,Historical,TWh,39.662
2007,Innovation,Historical,TWh,39.662
2007,Reference,Historical,TWh,39.662
2008,Constraint,Historical,TWh,39.188
2008,Environmental,Historical,TWh,39.188
2008,Growth,Historical,TWh,39.188
2008,Innovation,Historical,TWh,39.188
2008,Reference,Historical,TWh,39.188
2009,Constraint,Historical,TWh,39.322
2009,Environmental,Historical,TWh,39.322
2009,Growth,Historical,TWh,39.322
2009,Innovation,Historical,TWh,39.322
2009,Reference,Historical,TWh,39.322
2010,Constraint,Historical,TWh,40.578
2010,Environmental,Historical,TWh,40.578
2010,Growth,Historical,TWh,40.578
2010,Innovation,Historical,TWh,40.578
2010,Reference,Historical,TWh,40.578
2011,Constraint,Historical,TWh,40.335
2011,Environmental,Historical,TWh,40.335
2011,Growth,Historical,TWh,40.335
2011,Innovation,Historical,TWh,40.335
2011,Reference,Historical,TWh,40.335
2012,Constraint,Historical,TWh,39.986
2012,Environmental,Historical,TWh,39.986
2012,Growth,Historical,TWh,39.986
2012,Innovation,Historical,TWh,39.986
2012,Reference,Historical,TWh,39.986
2013,Constraint,Historical,TWh,39.316
2013,Environmental,Historical,TWh,39.316
2013,Growth,Historical,TWh,39.316
2013,Innovation,Historical,TWh,39.316
2013,Reference,Historical,TWh,39.316
2014,Constraint,Historical,TWh,40.287
2014,Environmental,Historical,TWh,40.287
2014,Growth,Historical,TWh,40.287
2014,Innovation,Historical,TWh,40.287
2014,Reference,Historical,TWh,40.287
2015,Constraint,Historical,TWh,40.893
2015,Environmental,Historical,TWh,40.893
2015,Growth,Historical,TWh,40.893
2015,Innovation,Historical,TWh,40.893
2015,Reference,Historical,TWh,40.893
2016,Constraint,Historical,TWh,40.225
2016,Environmental,Historical,TWh,40.225
2016,Growth,Historical,TWh,40.225
2016,Innovation,Historical,TWh,40.225
2016,Reference,Historical,TWh,40.225
2017,Constraint,Historical,TWh,39.946
2017,Environmental,Historical,TWh,39.946
2017,Growth,Historical,TWh,39.946
2017,Innovation,Historical,TWh,39.946
2017,Reference,Historical,TWh,39.946
2018,Constraint,Historical,TWh,40.314
2018,Environmental,Historical,TWh,40.314
2018,Growth,Historical,TWh,40.314
2018,Innovation,Historical,TWh,40.314
2018,Reference,Historical,TWh,40.314
2019,Constraint,Historical,TWh,40.534
2019,Environmental,Historical,TWh,40.534
2019,Growth,Historical,TWh,40.534
2019,Innovation,Historical,TWh,40.534
2019,Reference,Historical,TWh,40.534
2020,Constraint,Historical,TWh,39.962
2020,Environmental,Historical,TWh,39.962
2020,Growth,Historical,TWh,39.962
2020,Innovation,Historical,TWh,39.962
2020,Reference,Historical,TWh,39.962
2021,Constraint,Historical,TWh,39.923
2021,Environmental,Historical,TWh,39.923
2021,Growth,Historical,TWh,39.923
2021,Innovation,Historical,TWh,39.923
2021,Reference,Historical,TWh,39.923
2022,Constraint,Historical,TWh,39.43
2022,Environmental,Historical,TWh,39.43
2022,Growth,Historical,TWh,39.43
2022,Innovation,Historical,TWh,39.43
2022,Reference,Historical,TWh,39.43
2023,Constraint,Historical,TWh,39.62
2023,Environmental,Historical,TWh,39.62
2023,Growth,Historical,TWh,39.62
2023,Innovation,Historical,TWh,39.62
2023,Reference,Historical,TWh,39.62
2024,Constraint,Projected,TWh,40.477
2024,Environmental,Projected,TWh,41.08
2024,Growth,Projected,TWh,40.595
2024,Innovation,Projected,TWh,41.197
2024,Reference,Projected,TWh,40.575
2025,Constraint,Projected,TWh,41.463
2025,Environmental,Projected,TWh,42.502
2025,Growth,Projected,TWh,41.686
2025,Innovation,Projected,TWh,42.613
2025,Reference,Projected,TWh,41.655
2026,Constraint,Projected,TWh,42.105
2026,Environmental,Projected,TWh,43.712
2026,Growth,Projected,TWh,43.616
2026,Innovation,Projected,TWh,45.006
2026,Reference,Projected,TWh,42.398
2027,Constraint,Projected,TWh,42.572
2027,Environmental,Projected,TWh,45.556
2027,Growth,Projected,TWh,44.859
2027,Innovation,Projected,TWh,46.817
2027,Reference,Projected,TWh,43.616
2028,Constraint,Projected,TWh,43.017
2028,Environmental,Projected,TWh,47.002
2028,Growth,Projected,TWh,45.701
2028,Innovation,Projected,TWh,48.23
2028,Reference,Projected,TWh,44.341
2029,Constraint,Projected,TWh,43.526
2029,Environmental,Projected,TWh,48.892
2029,Growth,Projected,TWh,47.081
2029,Innovation,Projected,TWh,50.05
2029,Reference,Projected,TWh,45.459
2030,Constraint,Projected,TWh,44.101
2030,Environmental,Projected,TWh,50.388
2030,Growth,Projected,TWh,48.176
2030,Innovation,Projected,TWh,52.386
2030,Reference,Projected,TWh,46.181
2031,Constraint,Projected,TWh,44.76
2031,Environmental,Projected,TWh,52.029
2031,Growth,Projected,TWh,49.424
2031,Innovation,Projected,TWh,53.957
2031,Reference,Projected,TWh,47.009
2032,Constraint,Projected,TWh,45.315
2032,Environmental,Projected,TWh,53.591
2032,Growth,Projected,TWh,50.689
2032,Innovation,Projected,TWh,55.498
2032,Reference,Projected,TWh,47.828
2033,Constraint,Projected,TWh,45.842
2033,Environmental,Projected,TWh,55.117
2033,Growth,Projected,TWh,51.961
2033,Innovation,Projected,TWh,57.026
2033,Reference,Projected,TWh,48.638
2034,Constraint,Projected,TWh,46.418
2034,Environmental,Projected,TWh,56.606
2034,Growth,Projected,TWh,53.351
2034,Innovation,Projected,TWh,58.545
2034,Reference,Projected,TWh,49.518
2035,Constraint,Projected,TWh,47.026
2035,Environmental,Projected,TWh,57.985
2035,Growth,Projected,TWh,54.767
2035,Innovation,Projected,TWh,60.75
2035,Reference,Projected,TWh,50.503
2036,Constraint,Projected,TWh,47.684
2036,Environmental,Projected,TWh,59.239
2036,Growth,Projected,TWh,56.203
2036,Innovation,Projected,TWh,62.063
2036,Reference,Projected,TWh,51.557
2037,Constraint,Projected,TWh,48.36
2037,Environmental,Projected,TWh,60.387
2037,Growth,Projected,TWh,57.705
2037,Innovation,Projected,TWh,63.268
2037,Reference,Projected,TWh,52.638
2038,Constraint,Projected,TWh,49.053
2038,Environmental,Projected,TWh,61.448
2038,Growth,Projected,TWh,59.247
2038,Innovation,Projected,TWh,64.389
2038,Reference,Projected,TWh,53.746
2039,Constraint,Projected,TWh,49.741
2039,Environmental,Projected,TWh,62.454
2039,Growth,Projected,TWh,60.773
2039,Innovation,Projected,TWh,65.454
2039,Reference,Projected,TWh,54.848
2040,Constraint,Projected,TWh,50.466
2040,Environmental,Projected,TWh,63.381
2040,Growth,Projected,TWh,62.233
2040,Innovation,Projected,TWh,66.434
2040,Reference,Projected,TWh,55.92
2041,Constraint,Projected,TWh,51.106
2041,Environmental,Projected,TWh,64.221
2041,Growth,Projected,TWh,63.61
2041,Innovation,Projected,TWh,67.327
2041,Reference,Projected,TWh,56.917
2042,Constraint,Projected,TWh,51.641
2042,Environmental,Projected,TWh,64.938
2042,Growth,Projected,TWh,64.809
2042,Innovation,Projected,TWh,68.095
2042,Reference,Projected,TWh,57.769
2043,Constraint,Projected,TWh,52.091
2043,Environmental,Projected,TWh,65.576
2043,Growth,Projected,TWh,65.879
2043,Innovation,Projected,TWh,68.782
2043,Reference,Projected,TWh,58.523
2044,Constraint,Projected,TWh,52.413
2044,Environmental,Projected,TWh,66.115
2044,Growth,Projected,TWh,66.84
2044,Innovation,Projected,TWh,69.365
2044,Reference,Projected,TWh,59.155
2045,Constraint,Projected,TWh,52.691
2045,Environmental,Projected,TWh,66.622
2045,Growth,Projected,TWh,67.765
2045,Innovation,Projected,TWh,69.916
2045,Reference,Projected,TWh,59.742
2046,Constraint,Projected,TWh,52.941
2046,Environmental,Projected,TWh,67.098
2046,Growth,Projected,TWh,68.635
2046,Innovation,Projected,TWh,70.436
2046,Reference,Projected,TWh,60.289
2047,Constraint,Projected,TWh,53.163
2047,Environmental,Projected,TWh,67.543
2047,Growth,Projected,TWh,69.458
2047,Innovation,Projected,TWh,70.924
2047,Reference,Projected,TWh,60.799
2048,Constraint,Projected,TWh,53.369
2048,Environmental,Projected,TWh,67.972
2048,Growth,Projected,TWh,70.261
2048,Innovation,Projected,TWh,71.395
2048,Reference,Projected,TWh,61.291
2049,Constraint,Projected,TWh,53.485
2049,Environmental,Projected,TWh,68.299
2049,Growth,Projected,TWh,70.968
2049,Innovation,Projected,TWh,71.764
2049,Reference,Projected,TWh,61.678
2050,Constraint,Projected,TWh,53.593
2050,Environmental,Projected,TWh,68.604
2050,Growth,Projected,TWh,71.672
2050,Innovation,Projected,TWh,72.11
2050,Reference,Projected,TWh,62.056
