TimePeriod,Scenario,Sector,Unit,Value,Variable,Status
1990,Constraint,Commercial,Gross PJ,34.808,Total energy demand,Historical
1990,Constraint,Industrial,Gross PJ,170.505,Total energy demand,Historical
1990,Constraint,Residential,Gross PJ,64.777,Total energy demand,Historical
1990,Constraint,Transport,Gross PJ,119.577,Total energy demand,Historical
1990,Environmental,Commercial,Gross PJ,34.808,Total energy demand,Historical
1990,Environmental,Industrial,Gross PJ,170.505,Total energy demand,Historical
1990,Environmental,Residential,Gross PJ,64.777,Total energy demand,Historical
1990,Environmental,Transport,Gross PJ,119.577,Total energy demand,Historical
1990,Growth,Commercial,Gross PJ,34.808,Total energy demand,Historical
1990,Growth,Industrial,Gross PJ,170.505,Total energy demand,Historical
1990,Growth,Residential,Gross PJ,64.777,Total energy demand,Historical
1990,Growth,Transport,Gross PJ,119.577,Total energy demand,Historical
1990,Innovation,Commercial,Gross PJ,34.808,Total energy demand,Historical
1990,Innovation,Industrial,Gross PJ,170.505,Total energy demand,Historical
1990,Innovation,Residential,Gross PJ,64.777,Total energy demand,Historical
1990,Innovation,Transport,Gross PJ,119.577,Total energy demand,Historical
1990,Reference,Commercial,Gross PJ,34.808,Total energy demand,Historical
1990,Reference,Industrial,Gross PJ,170.505,Total energy demand,Historical
1990,Reference,Residential,Gross PJ,64.777,Total energy demand,Historical
1990,Reference,Transport,Gross PJ,119.577,Total energy demand,Historical
1991,Constraint,Commercial,Gross PJ,35.204,Total energy demand,Historical
1991,Constraint,Industrial,Gross PJ,172.103,Total energy demand,Historical
1991,Constraint,Residential,Gross PJ,65.318,Total energy demand,Historical
1991,Constraint,Transport,Gross PJ,118.956,Total energy demand,Historical
1991,Environmental,Commercial,Gross PJ,35.204,Total energy demand,Historical
1991,Environmental,Industrial,Gross PJ,172.103,Total energy demand,Historical
1991,Environmental,Residential,Gross PJ,65.318,Total energy demand,Historical
1991,Environmental,Transport,Gross PJ,118.956,Total energy demand,Historical
1991,Growth,Commercial,Gross PJ,35.204,Total energy demand,Historical
1991,Growth,Industrial,Gross PJ,172.103,Total energy demand,Historical
1991,Growth,Residential,Gross PJ,65.318,Total energy demand,Historical
1991,Growth,Transport,Gross PJ,118.956,Total energy demand,Historical
1991,Innovation,Commercial,Gross PJ,35.204,Total energy demand,Historical
1991,Innovation,Industrial,Gross PJ,172.103,Total energy demand,Historical
1991,Innovation,Residential,Gross PJ,65.318,Total energy demand,Historical
1991,Innovation,Transport,Gross PJ,118.956,Total energy demand,Historical
1991,Reference,Commercial,Gross PJ,35.204,Total energy demand,Historical
1991,Reference,Industrial,Gross PJ,172.103,Total energy demand,Historical
1991,Reference,Residential,Gross PJ,65.318,Total energy demand,Historical
1991,Reference,Transport,Gross PJ,118.956,Total energy demand,Historical
1992,Constraint,Commercial,Gross PJ,36.938,Total energy demand,Historical
1992,Constraint,Industrial,Gross PJ,176.974,Total energy demand,Historical
1992,Constraint,Residential,Gross PJ,64.05,Total energy demand,Historical
1992,Constraint,Transport,Gross PJ,124.072,Total energy demand,Historical
1992,Environmental,Commercial,Gross PJ,36.938,Total energy demand,Historical
1992,Environmental,Industrial,Gross PJ,176.974,Total energy demand,Historical
1992,Environmental,Residential,Gross PJ,64.05,Total energy demand,Historical
1992,Environmental,Transport,Gross PJ,124.072,Total energy demand,Historical
1992,Growth,Commercial,Gross PJ,36.938,Total energy demand,Historical
1992,Growth,Industrial,Gross PJ,176.974,Total energy demand,Historical
1992,Growth,Residential,Gross PJ,64.05,Total energy demand,Historical
1992,Growth,Transport,Gross PJ,124.072,Total energy demand,Historical
1992,Innovation,Commercial,Gross PJ,36.938,Total energy demand,Historical
1992,Innovation,Industrial,Gross PJ,176.974,Total energy demand,Historical
1992,Innovation,Residential,Gross PJ,64.05,Total energy demand,Historical
1992,Innovation,Transport,Gross PJ,124.072,Total energy demand,Historical
1992,Reference,Commercial,Gross PJ,36.938,Total energy demand,Historical
1992,Reference,Industrial,Gross PJ,176.974,Total energy demand,Historical
1992,Reference,Residential,Gross PJ,64.05,Total energy demand,Historical
1992,Reference,Transport,Gross PJ,124.072,Total energy demand,Historical
1993,Constraint,Commercial,Gross PJ,32.896,Total energy demand,Historical
1993,Constraint,Industrial,Gross PJ,184.973,Total energy demand,Historical
1993,Constraint,Residential,Gross PJ,64.039,Total energy demand,Historical
1993,Constraint,Transport,Gross PJ,130.355,Total energy demand,Historical
1993,Environmental,Commercial,Gross PJ,32.896,Total energy demand,Historical
1993,Environmental,Industrial,Gross PJ,184.973,Total energy demand,Historical
1993,Environmental,Residential,Gross PJ,64.039,Total energy demand,Historical
1993,Environmental,Transport,Gross PJ,130.355,Total energy demand,Historical
1993,Growth,Commercial,Gross PJ,32.896,Total energy demand,Historical
1993,Growth,Industrial,Gross PJ,184.973,Total energy demand,Historical
1993,Growth,Residential,Gross PJ,64.039,Total energy demand,Historical
1993,Growth,Transport,Gross PJ,130.355,Total energy demand,Historical
1993,Innovation,Commercial,Gross PJ,32.896,Total energy demand,Historical
1993,Innovation,Industrial,Gross PJ,184.973,Total energy demand,Historical
1993,Innovation,Residential,Gross PJ,64.039,Total energy demand,Historical
1993,Innovation,Transport,Gross PJ,130.355,Total energy demand,Historical
1993,Reference,Commercial,Gross PJ,32.896,Total energy demand,Historical
1993,Reference,Industrial,Gross PJ,184.973,Total energy demand,Historical
1993,Reference,Residential,Gross PJ,64.039,Total energy demand,Historical
1993,Reference,Transport,Gross PJ,130.355,Total energy demand,Historical
1994,Constraint,Commercial,Gross PJ,37.156,Total energy demand,Historical
1994,Constraint,Industrial,Gross PJ,189.588,Total energy demand,Historical
1994,Constraint,Residential,Gross PJ,65.112,Total energy demand,Historical
1994,Constraint,Transport,Gross PJ,139.788,Total energy demand,Historical
1994,Environmental,Commercial,Gross PJ,37.156,Total energy demand,Historical
1994,Environmental,Industrial,Gross PJ,189.588,Total energy demand,Historical
1994,Environmental,Residential,Gross PJ,65.112,Total energy demand,Historical
1994,Environmental,Transport,Gross PJ,139.788,Total energy demand,Historical
1994,Growth,Commercial,Gross PJ,37.156,Total energy demand,Historical
1994,Growth,Industrial,Gross PJ,189.588,Total energy demand,Historical
1994,Growth,Residential,Gross PJ,65.112,Total energy demand,Historical
1994,Growth,Transport,Gross PJ,139.788,Total energy demand,Historical
1994,Innovation,Commercial,Gross PJ,37.156,Total energy demand,Historical
1994,Innovation,Industrial,Gross PJ,189.588,Total energy demand,Historical
1994,Innovation,Residential,Gross PJ,65.112,Total energy demand,Historical
1994,Innovation,Transport,Gross PJ,139.788,Total energy demand,Historical
1994,Reference,Commercial,Gross PJ,37.156,Total energy demand,Historical
1994,Reference,Industrial,Gross PJ,189.588,Total energy demand,Historical
1994,Reference,Residential,Gross PJ,65.112,Total energy demand,Historical
1994,Reference,Transport,Gross PJ,139.788,Total energy demand,Historical
1995,Constraint,Commercial,Gross PJ,36.661,Total energy demand,Historical
1995,Constraint,Industrial,Gross PJ,188.52,Total energy demand,Historical
1995,Constraint,Residential,Gross PJ,65.438,Total energy demand,Historical
1995,Constraint,Transport,Gross PJ,148.883,Total energy demand,Historical
1995,Environmental,Commercial,Gross PJ,36.661,Total energy demand,Historical
1995,Environmental,Industrial,Gross PJ,188.52,Total energy demand,Historical
1995,Environmental,Residential,Gross PJ,65.438,Total energy demand,Historical
1995,Environmental,Transport,Gross PJ,148.883,Total energy demand,Historical
1995,Growth,Commercial,Gross PJ,36.661,Total energy demand,Historical
1995,Growth,Industrial,Gross PJ,188.52,Total energy demand,Historical
1995,Growth,Residential,Gross PJ,65.438,Total energy demand,Historical
1995,Growth,Transport,Gross PJ,148.883,Total energy demand,Historical
1995,Innovation,Commercial,Gross PJ,36.661,Total energy demand,Historical
1995,Innovation,Industrial,Gross PJ,188.52,Total energy demand,Historical
1995,Innovation,Residential,Gross PJ,65.438,Total energy demand,Historical
1995,Innovation,Transport,Gross PJ,148.883,Total energy demand,Historical
1995,Reference,Commercial,Gross PJ,36.661,Total energy demand,Historical
1995,Reference,Industrial,Gross PJ,188.52,Total energy demand,Historical
1995,Reference,Residential,Gross PJ,65.438,Total energy demand,Historical
1995,Reference,Transport,Gross PJ,148.883,Total energy demand,Historical
1996,Constraint,Commercial,Gross PJ,35.655,Total energy demand,Historical
1996,Constraint,Industrial,Gross PJ,192.082,Total energy demand,Historical
1996,Constraint,Residential,Gross PJ,66.837,Total energy demand,Historical
1996,Constraint,Transport,Gross PJ,150.396,Total energy demand,Historical
1996,Environmental,Commercial,Gross PJ,35.655,Total energy demand,Historical
1996,Environmental,Industrial,Gross PJ,192.082,Total energy demand,Historical
1996,Environmental,Residential,Gross PJ,66.837,Total energy demand,Historical
1996,Environmental,Transport,Gross PJ,150.396,Total energy demand,Historical
1996,Growth,Commercial,Gross PJ,35.655,Total energy demand,Historical
1996,Growth,Industrial,Gross PJ,192.082,Total energy demand,Historical
1996,Growth,Residential,Gross PJ,66.837,Total energy demand,Historical
1996,Growth,Transport,Gross PJ,150.396,Total energy demand,Historical
1996,Innovation,Commercial,Gross PJ,35.655,Total energy demand,Historical
1996,Innovation,Industrial,Gross PJ,192.082,Total energy demand,Historical
1996,Innovation,Residential,Gross PJ,66.837,Total energy demand,Historical
1996,Innovation,Transport,Gross PJ,150.396,Total energy demand,Historical
1996,Reference,Commercial,Gross PJ,35.655,Total energy demand,Historical
1996,Reference,Industrial,Gross PJ,192.082,Total energy demand,Historical
1996,Reference,Residential,Gross PJ,66.837,Total energy demand,Historical
1996,Reference,Transport,Gross PJ,150.396,Total energy demand,Historical
1997,Constraint,Commercial,Gross PJ,37.222,Total energy demand,Historical
1997,Constraint,Industrial,Gross PJ,191.084,Total energy demand,Historical
1997,Constraint,Residential,Gross PJ,67.578,Total energy demand,Historical
1997,Constraint,Transport,Gross PJ,153.845,Total energy demand,Historical
1997,Environmental,Commercial,Gross PJ,37.222,Total energy demand,Historical
1997,Environmental,Industrial,Gross PJ,191.084,Total energy demand,Historical
1997,Environmental,Residential,Gross PJ,67.578,Total energy demand,Historical
1997,Environmental,Transport,Gross PJ,153.845,Total energy demand,Historical
1997,Growth,Commercial,Gross PJ,37.222,Total energy demand,Historical
1997,Growth,Industrial,Gross PJ,191.084,Total energy demand,Historical
1997,Growth,Residential,Gross PJ,67.578,Total energy demand,Historical
1997,Growth,Transport,Gross PJ,153.845,Total energy demand,Historical
1997,Innovation,Commercial,Gross PJ,37.222,Total energy demand,Historical
1997,Innovation,Industrial,Gross PJ,191.084,Total energy demand,Historical
1997,Innovation,Residential,Gross PJ,67.578,Total energy demand,Historical
1997,Innovation,Transport,Gross PJ,153.845,Total energy demand,Historical
1997,Reference,Commercial,Gross PJ,37.222,Total energy demand,Historical
1997,Reference,Industrial,Gross PJ,191.084,Total energy demand,Historical
1997,Reference,Residential,Gross PJ,67.578,Total energy demand,Historical
1997,Reference,Transport,Gross PJ,153.845,Total energy demand,Historical
1998,Constraint,Commercial,Gross PJ,37.674,Total energy demand,Historical
1998,Constraint,Industrial,Gross PJ,184.676,Total energy demand,Historical
1998,Constraint,Residential,Gross PJ,67.371,Total energy demand,Historical
1998,Constraint,Transport,Gross PJ,156.629,Total energy demand,Historical
1998,Environmental,Commercial,Gross PJ,37.674,Total energy demand,Historical
1998,Environmental,Industrial,Gross PJ,184.676,Total energy demand,Historical
1998,Environmental,Residential,Gross PJ,67.371,Total energy demand,Historical
1998,Environmental,Transport,Gross PJ,156.629,Total energy demand,Historical
1998,Growth,Commercial,Gross PJ,37.674,Total energy demand,Historical
1998,Growth,Industrial,Gross PJ,184.676,Total energy demand,Historical
1998,Growth,Residential,Gross PJ,67.371,Total energy demand,Historical
1998,Growth,Transport,Gross PJ,156.629,Total energy demand,Historical
1998,Innovation,Commercial,Gross PJ,37.674,Total energy demand,Historical
1998,Innovation,Industrial,Gross PJ,184.676,Total energy demand,Historical
1998,Innovation,Residential,Gross PJ,67.371,Total energy demand,Historical
1998,Innovation,Transport,Gross PJ,156.629,Total energy demand,Historical
1998,Reference,Commercial,Gross PJ,37.674,Total energy demand,Historical
1998,Reference,Industrial,Gross PJ,184.676,Total energy demand,Historical
1998,Reference,Residential,Gross PJ,67.371,Total energy demand,Historical
1998,Reference,Transport,Gross PJ,156.629,Total energy demand,Historical
1999,Constraint,Commercial,Gross PJ,38.605,Total energy demand,Historical
1999,Constraint,Industrial,Gross PJ,191.704,Total energy demand,Historical
1999,Constraint,Residential,Gross PJ,70.046,Total energy demand,Historical
1999,Constraint,Transport,Gross PJ,160.503,Total energy demand,Historical
1999,Environmental,Commercial,Gross PJ,38.605,Total energy demand,Historical
1999,Environmental,Industrial,Gross PJ,191.704,Total energy demand,Historical
1999,Environmental,Residential,Gross PJ,70.046,Total energy demand,Historical
1999,Environmental,Transport,Gross PJ,160.503,Total energy demand,Historical
1999,Growth,Commercial,Gross PJ,38.605,Total energy demand,Historical
1999,Growth,Industrial,Gross PJ,191.704,Total energy demand,Historical
1999,Growth,Residential,Gross PJ,70.046,Total energy demand,Historical
1999,Growth,Transport,Gross PJ,160.503,Total energy demand,Historical
1999,Innovation,Commercial,Gross PJ,38.605,Total energy demand,Historical
1999,Innovation,Industrial,Gross PJ,191.704,Total energy demand,Historical
1999,Innovation,Residential,Gross PJ,70.046,Total energy demand,Historical
1999,Innovation,Transport,Gross PJ,160.503,Total energy demand,Historical
1999,Reference,Commercial,Gross PJ,38.605,Total energy demand,Historical
1999,Reference,Industrial,Gross PJ,191.704,Total energy demand,Historical
1999,Reference,Residential,Gross PJ,70.046,Total energy demand,Historical
1999,Reference,Transport,Gross PJ,160.503,Total energy demand,Historical
2000,Constraint,Commercial,Gross PJ,39.936,Total energy demand,Historical
2000,Constraint,Industrial,Gross PJ,201.8,Total energy demand,Historical
2000,Constraint,Residential,Gross PJ,71.915,Total energy demand,Historical
2000,Constraint,Transport,Gross PJ,167.928,Total energy demand,Historical
2000,Environmental,Commercial,Gross PJ,39.936,Total energy demand,Historical
2000,Environmental,Industrial,Gross PJ,201.8,Total energy demand,Historical
2000,Environmental,Residential,Gross PJ,71.915,Total energy demand,Historical
2000,Environmental,Transport,Gross PJ,167.928,Total energy demand,Historical
2000,Growth,Commercial,Gross PJ,39.936,Total energy demand,Historical
2000,Growth,Industrial,Gross PJ,201.8,Total energy demand,Historical
2000,Growth,Residential,Gross PJ,71.915,Total energy demand,Historical
2000,Growth,Transport,Gross PJ,167.928,Total energy demand,Historical
2000,Innovation,Commercial,Gross PJ,39.936,Total energy demand,Historical
2000,Innovation,Industrial,Gross PJ,201.8,Total energy demand,Historical
2000,Innovation,Residential,Gross PJ,71.915,Total energy demand,Historical
2000,Innovation,Transport,Gross PJ,167.928,Total energy demand,Historical
2000,Reference,Commercial,Gross PJ,39.936,Total energy demand,Historical
2000,Reference,Industrial,Gross PJ,201.8,Total energy demand,Historical
2000,Reference,Residential,Gross PJ,71.915,Total energy demand,Historical
2000,Reference,Transport,Gross PJ,167.928,Total energy demand,Historical
2001,Constraint,Commercial,Gross PJ,39.869,Total energy demand,Historical
2001,Constraint,Industrial,Gross PJ,208.645,Total energy demand,Historical
2001,Constraint,Residential,Gross PJ,74.183,Total energy demand,Historical
2001,Constraint,Transport,Gross PJ,169.29,Total energy demand,Historical
2001,Environmental,Commercial,Gross PJ,39.869,Total energy demand,Historical
2001,Environmental,Industrial,Gross PJ,208.645,Total energy demand,Historical
2001,Environmental,Residential,Gross PJ,74.183,Total energy demand,Historical
2001,Environmental,Transport,Gross PJ,169.29,Total energy demand,Historical
2001,Growth,Commercial,Gross PJ,39.869,Total energy demand,Historical
2001,Growth,Industrial,Gross PJ,208.645,Total energy demand,Historical
2001,Growth,Residential,Gross PJ,74.183,Total energy demand,Historical
2001,Growth,Transport,Gross PJ,169.29,Total energy demand,Historical
2001,Innovation,Commercial,Gross PJ,39.869,Total energy demand,Historical
2001,Innovation,Industrial,Gross PJ,208.645,Total energy demand,Historical
2001,Innovation,Residential,Gross PJ,74.183,Total energy demand,Historical
2001,Innovation,Transport,Gross PJ,169.29,Total energy demand,Historical
2001,Reference,Commercial,Gross PJ,39.869,Total energy demand,Historical
2001,Reference,Industrial,Gross PJ,208.645,Total energy demand,Historical
2001,Reference,Residential,Gross PJ,74.183,Total energy demand,Historical
2001,Reference,Transport,Gross PJ,169.29,Total energy demand,Historical
2002,Constraint,Commercial,Gross PJ,41.388,Total energy demand,Historical
2002,Constraint,Industrial,Gross PJ,223.872,Total energy demand,Historical
2002,Constraint,Residential,Gross PJ,74.188,Total energy demand,Historical
2002,Constraint,Transport,Gross PJ,175.834,Total energy demand,Historical
2002,Environmental,Commercial,Gross PJ,41.388,Total energy demand,Historical
2002,Environmental,Industrial,Gross PJ,223.872,Total energy demand,Historical
2002,Environmental,Residential,Gross PJ,74.188,Total energy demand,Historical
2002,Environmental,Transport,Gross PJ,175.834,Total energy demand,Historical
2002,Growth,Commercial,Gross PJ,41.388,Total energy demand,Historical
2002,Growth,Industrial,Gross PJ,223.872,Total energy demand,Historical
2002,Growth,Residential,Gross PJ,74.188,Total energy demand,Historical
2002,Growth,Transport,Gross PJ,175.834,Total energy demand,Historical
2002,Innovation,Commercial,Gross PJ,41.388,Total energy demand,Historical
2002,Innovation,Industrial,Gross PJ,223.872,Total energy demand,Historical
2002,Innovation,Residential,Gross PJ,74.188,Total energy demand,Historical
2002,Innovation,Transport,Gross PJ,175.834,Total energy demand,Historical
2002,Reference,Commercial,Gross PJ,41.388,Total energy demand,Historical
2002,Reference,Industrial,Gross PJ,223.872,Total energy demand,Historical
2002,Reference,Residential,Gross PJ,74.188,Total energy demand,Historical
2002,Reference,Transport,Gross PJ,175.834,Total energy demand,Historical
2003,Constraint,Commercial,Gross PJ,43.866,Total energy demand,Historical
2003,Constraint,Industrial,Gross PJ,210.998,Total energy demand,Historical
2003,Constraint,Residential,Gross PJ,76.493,Total energy demand,Historical
2003,Constraint,Transport,Gross PJ,183.231,Total energy demand,Historical
2003,Environmental,Commercial,Gross PJ,43.866,Total energy demand,Historical
2003,Environmental,Industrial,Gross PJ,210.998,Total energy demand,Historical
2003,Environmental,Residential,Gross PJ,76.493,Total energy demand,Historical
2003,Environmental,Transport,Gross PJ,183.231,Total energy demand,Historical
2003,Growth,Commercial,Gross PJ,43.866,Total energy demand,Historical
2003,Growth,Industrial,Gross PJ,210.998,Total energy demand,Historical
2003,Growth,Residential,Gross PJ,76.493,Total energy demand,Historical
2003,Growth,Transport,Gross PJ,183.231,Total energy demand,Historical
2003,Innovation,Commercial,Gross PJ,43.866,Total energy demand,Historical
2003,Innovation,Industrial,Gross PJ,210.998,Total energy demand,Historical
2003,Innovation,Residential,Gross PJ,76.493,Total energy demand,Historical
2003,Innovation,Transport,Gross PJ,183.231,Total energy demand,Historical
2003,Reference,Commercial,Gross PJ,43.866,Total energy demand,Historical
2003,Reference,Industrial,Gross PJ,210.998,Total energy demand,Historical
2003,Reference,Residential,Gross PJ,76.493,Total energy demand,Historical
2003,Reference,Transport,Gross PJ,183.231,Total energy demand,Historical
2004,Constraint,Commercial,Gross PJ,47.338,Total energy demand,Historical
2004,Constraint,Industrial,Gross PJ,209.263,Total energy demand,Historical
2004,Constraint,Residential,Gross PJ,77.958,Total energy demand,Historical
2004,Constraint,Transport,Gross PJ,187.582,Total energy demand,Historical
2004,Environmental,Commercial,Gross PJ,47.338,Total energy demand,Historical
2004,Environmental,Industrial,Gross PJ,209.263,Total energy demand,Historical
2004,Environmental,Residential,Gross PJ,77.958,Total energy demand,Historical
2004,Environmental,Transport,Gross PJ,187.582,Total energy demand,Historical
2004,Growth,Commercial,Gross PJ,47.338,Total energy demand,Historical
2004,Growth,Industrial,Gross PJ,209.263,Total energy demand,Historical
2004,Growth,Residential,Gross PJ,77.958,Total energy demand,Historical
2004,Growth,Transport,Gross PJ,187.582,Total energy demand,Historical
2004,Innovation,Commercial,Gross PJ,47.338,Total energy demand,Historical
2004,Innovation,Industrial,Gross PJ,209.263,Total energy demand,Historical
2004,Innovation,Residential,Gross PJ,77.958,Total energy demand,Historical
2004,Innovation,Transport,Gross PJ,187.582,Total energy demand,Historical
2004,Reference,Commercial,Gross PJ,47.338,Total energy demand,Historical
2004,Reference,Industrial,Gross PJ,209.263,Total energy demand,Historical
2004,Reference,Residential,Gross PJ,77.958,Total energy demand,Historical
2004,Reference,Transport,Gross PJ,187.582,Total energy demand,Historical
2005,Constraint,Commercial,Gross PJ,48.461,Total energy demand,Historical
2005,Constraint,Industrial,Gross PJ,198.626,Total energy demand,Historical
2005,Constraint,Residential,Gross PJ,76.919,Total energy demand,Historical
2005,Constraint,Transport,Gross PJ,188.728,Total energy demand,Historical
2005,Environmental,Commercial,Gross PJ,48.461,Total energy demand,Historical
2005,Environmental,Industrial,Gross PJ,198.626,Total energy demand,Historical
2005,Environmental,Residential,Gross PJ,76.919,Total energy demand,Historical
2005,Environmental,Transport,Gross PJ,188.728,Total energy demand,Historical
2005,Growth,Commercial,Gross PJ,48.461,Total energy demand,Historical
2005,Growth,Industrial,Gross PJ,198.626,Total energy demand,Historical
2005,Growth,Residential,Gross PJ,76.919,Total energy demand,Historical
2005,Growth,Transport,Gross PJ,188.728,Total energy demand,Historical
2005,Innovation,Commercial,Gross PJ,48.461,Total energy demand,Historical
2005,Innovation,Industrial,Gross PJ,198.626,Total energy demand,Historical
2005,Innovation,Residential,Gross PJ,76.919,Total energy demand,Historical
2005,Innovation,Transport,Gross PJ,188.728,Total energy demand,Historical
2005,Reference,Commercial,Gross PJ,48.461,Total energy demand,Historical
2005,Reference,Industrial,Gross PJ,198.626,Total energy demand,Historical
2005,Reference,Residential,Gross PJ,76.919,Total energy demand,Historical
2005,Reference,Transport,Gross PJ,188.728,Total energy demand,Historical
2006,Constraint,Commercial,Gross PJ,48.986,Total energy demand,Historical
2006,Constraint,Industrial,Gross PJ,197.728,Total energy demand,Historical
2006,Constraint,Residential,Gross PJ,79.581,Total energy demand,Historical
2006,Constraint,Transport,Gross PJ,190.697,Total energy demand,Historical
2006,Environmental,Commercial,Gross PJ,48.986,Total energy demand,Historical
2006,Environmental,Industrial,Gross PJ,197.728,Total energy demand,Historical
2006,Environmental,Residential,Gross PJ,79.581,Total energy demand,Historical
2006,Environmental,Transport,Gross PJ,190.697,Total energy demand,Historical
2006,Growth,Commercial,Gross PJ,48.986,Total energy demand,Historical
2006,Growth,Industrial,Gross PJ,197.728,Total energy demand,Historical
2006,Growth,Residential,Gross PJ,79.581,Total energy demand,Historical
2006,Growth,Transport,Gross PJ,190.697,Total energy demand,Historical
2006,Innovation,Commercial,Gross PJ,48.986,Total energy demand,Historical
2006,Innovation,Industrial,Gross PJ,197.728,Total energy demand,Historical
2006,Innovation,Residential,Gross PJ,79.581,Total energy demand,Historical
2006,Innovation,Transport,Gross PJ,190.697,Total energy demand,Historical
2006,Reference,Commercial,Gross PJ,48.986,Total energy demand,Historical
2006,Reference,Industrial,Gross PJ,197.728,Total energy demand,Historical
2006,Reference,Residential,Gross PJ,79.581,Total energy demand,Historical
2006,Reference,Transport,Gross PJ,190.697,Total energy demand,Historical
2007,Constraint,Commercial,Gross PJ,49.215,Total energy demand,Historical
2007,Constraint,Industrial,Gross PJ,203.894,Total energy demand,Historical
2007,Constraint,Residential,Gross PJ,78.167,Total energy demand,Historical
2007,Constraint,Transport,Gross PJ,192.19,Total energy demand,Historical
2007,Environmental,Commercial,Gross PJ,49.215,Total energy demand,Historical
2007,Environmental,Industrial,Gross PJ,203.894,Total energy demand,Historical
2007,Environmental,Residential,Gross PJ,78.167,Total energy demand,Historical
2007,Environmental,Transport,Gross PJ,192.19,Total energy demand,Historical
2007,Growth,Commercial,Gross PJ,49.215,Total energy demand,Historical
2007,Growth,Industrial,Gross PJ,203.894,Total energy demand,Historical
2007,Growth,Residential,Gross PJ,78.167,Total energy demand,Historical
2007,Growth,Transport,Gross PJ,192.19,Total energy demand,Historical
2007,Innovation,Commercial,Gross PJ,49.215,Total energy demand,Historical
2007,Innovation,Industrial,Gross PJ,203.894,Total energy demand,Historical
2007,Innovation,Residential,Gross PJ,78.167,Total energy demand,Historical
2007,Innovation,Transport,Gross PJ,192.19,Total energy demand,Historical
2007,Reference,Commercial,Gross PJ,49.215,Total energy demand,Historical
2007,Reference,Industrial,Gross PJ,203.894,Total energy demand,Historical
2007,Reference,Residential,Gross PJ,78.167,Total energy demand,Historical
2007,Reference,Transport,Gross PJ,192.19,Total energy demand,Historical
2008,Constraint,Commercial,Gross PJ,48.586,Total energy demand,Historical
2008,Constraint,Industrial,Gross PJ,198.054,Total energy demand,Historical
2008,Constraint,Residential,Gross PJ,76.819,Total energy demand,Historical
2008,Constraint,Transport,Gross PJ,192.043,Total energy demand,Historical
2008,Environmental,Commercial,Gross PJ,48.586,Total energy demand,Historical
2008,Environmental,Industrial,Gross PJ,198.054,Total energy demand,Historical
2008,Environmental,Residential,Gross PJ,76.819,Total energy demand,Historical
2008,Environmental,Transport,Gross PJ,192.043,Total energy demand,Historical
2008,Growth,Commercial,Gross PJ,48.586,Total energy demand,Historical
2008,Growth,Industrial,Gross PJ,198.054,Total energy demand,Historical
2008,Growth,Residential,Gross PJ,76.819,Total energy demand,Historical
2008,Growth,Transport,Gross PJ,192.043,Total energy demand,Historical
2008,Innovation,Commercial,Gross PJ,48.586,Total energy demand,Historical
2008,Innovation,Industrial,Gross PJ,198.054,Total energy demand,Historical
2008,Innovation,Residential,Gross PJ,76.819,Total energy demand,Historical
2008,Innovation,Transport,Gross PJ,192.043,Total energy demand,Historical
2008,Reference,Commercial,Gross PJ,48.586,Total energy demand,Historical
2008,Reference,Industrial,Gross PJ,198.054,Total energy demand,Historical
2008,Reference,Residential,Gross PJ,76.819,Total energy demand,Historical
2008,Reference,Transport,Gross PJ,192.043,Total energy demand,Historical
2009,Constraint,Commercial,Gross PJ,47.918,Total energy demand,Historical
2009,Constraint,Industrial,Gross PJ,191.35,Total energy demand,Historical
2009,Constraint,Residential,Gross PJ,80.12,Total energy demand,Historical
2009,Constraint,Transport,Gross PJ,189.147,Total energy demand,Historical
2009,Environmental,Commercial,Gross PJ,47.918,Total energy demand,Historical
2009,Environmental,Industrial,Gross PJ,191.35,Total energy demand,Historical
2009,Environmental,Residential,Gross PJ,80.12,Total energy demand,Historical
2009,Environmental,Transport,Gross PJ,189.147,Total energy demand,Historical
2009,Growth,Commercial,Gross PJ,47.918,Total energy demand,Historical
2009,Growth,Industrial,Gross PJ,191.35,Total energy demand,Historical
2009,Growth,Residential,Gross PJ,80.12,Total energy demand,Historical
2009,Growth,Transport,Gross PJ,189.147,Total energy demand,Historical
2009,Innovation,Commercial,Gross PJ,47.918,Total energy demand,Historical
2009,Innovation,Industrial,Gross PJ,191.35,Total energy demand,Historical
2009,Innovation,Residential,Gross PJ,80.12,Total energy demand,Historical
2009,Innovation,Transport,Gross PJ,189.147,Total energy demand,Historical
2009,Reference,Commercial,Gross PJ,47.918,Total energy demand,Historical
2009,Reference,Industrial,Gross PJ,191.35,Total energy demand,Historical
2009,Reference,Residential,Gross PJ,80.12,Total energy demand,Historical
2009,Reference,Transport,Gross PJ,189.147,Total energy demand,Historical
2010,Constraint,Commercial,Gross PJ,48.443,Total energy demand,Historical
2010,Constraint,Industrial,Gross PJ,201.201,Total energy demand,Historical
2010,Constraint,Residential,Gross PJ,77.846,Total energy demand,Historical
2010,Constraint,Transport,Gross PJ,192.68,Total energy demand,Historical
2010,Environmental,Commercial,Gross PJ,48.443,Total energy demand,Historical
2010,Environmental,Industrial,Gross PJ,201.201,Total energy demand,Historical
2010,Environmental,Residential,Gross PJ,77.846,Total energy demand,Historical
2010,Environmental,Transport,Gross PJ,192.68,Total energy demand,Historical
2010,Growth,Commercial,Gross PJ,48.443,Total energy demand,Historical
2010,Growth,Industrial,Gross PJ,201.201,Total energy demand,Historical
2010,Growth,Residential,Gross PJ,77.846,Total energy demand,Historical
2010,Growth,Transport,Gross PJ,192.68,Total energy demand,Historical
2010,Innovation,Commercial,Gross PJ,48.443,Total energy demand,Historical
2010,Innovation,Industrial,Gross PJ,201.201,Total energy demand,Historical
2010,Innovation,Residential,Gross PJ,77.846,Total energy demand,Historical
2010,Innovation,Transport,Gross PJ,192.68,Total energy demand,Historical
2010,Reference,Commercial,Gross PJ,48.443,Total energy demand,Historical
2010,Reference,Industrial,Gross PJ,201.201,Total energy demand,Historical
2010,Reference,Residential,Gross PJ,77.846,Total energy demand,Historical
2010,Reference,Transport,Gross PJ,192.68,Total energy demand,Historical
2011,Constraint,Commercial,Gross PJ,47.961,Total energy demand,Historical
2011,Constraint,Industrial,Gross PJ,198.977,Total energy demand,Historical
2011,Constraint,Residential,Gross PJ,78.03,Total energy demand,Historical
2011,Constraint,Transport,Gross PJ,192.551,Total energy demand,Historical
2011,Environmental,Commercial,Gross PJ,47.961,Total energy demand,Historical
2011,Environmental,Industrial,Gross PJ,198.977,Total energy demand,Historical
2011,Environmental,Residential,Gross PJ,78.03,Total energy demand,Historical
2011,Environmental,Transport,Gross PJ,192.551,Total energy demand,Historical
2011,Growth,Commercial,Gross PJ,47.961,Total energy demand,Historical
2011,Growth,Industrial,Gross PJ,198.977,Total energy demand,Historical
2011,Growth,Residential,Gross PJ,78.03,Total energy demand,Historical
2011,Growth,Transport,Gross PJ,192.551,Total energy demand,Historical
2011,Innovation,Commercial,Gross PJ,47.961,Total energy demand,Historical
2011,Innovation,Industrial,Gross PJ,198.977,Total energy demand,Historical
2011,Innovation,Residential,Gross PJ,78.03,Total energy demand,Historical
2011,Innovation,Transport,Gross PJ,192.551,Total energy demand,Historical
2011,Reference,Commercial,Gross PJ,47.961,Total energy demand,Historical
2011,Reference,Industrial,Gross PJ,198.977,Total energy demand,Historical
2011,Reference,Residential,Gross PJ,78.03,Total energy demand,Historical
2011,Reference,Transport,Gross PJ,192.551,Total energy demand,Historical
2012,Constraint,Commercial,Gross PJ,50.915,Total energy demand,Historical
2012,Constraint,Industrial,Gross PJ,205.792,Total energy demand,Historical
2012,Constraint,Residential,Gross PJ,79.499,Total energy demand,Historical
2012,Constraint,Transport,Gross PJ,187.712,Total energy demand,Historical
2012,Environmental,Commercial,Gross PJ,50.915,Total energy demand,Historical
2012,Environmental,Industrial,Gross PJ,205.792,Total energy demand,Historical
2012,Environmental,Residential,Gross PJ,79.499,Total energy demand,Historical
2012,Environmental,Transport,Gross PJ,187.712,Total energy demand,Historical
2012,Growth,Commercial,Gross PJ,50.915,Total energy demand,Historical
2012,Growth,Industrial,Gross PJ,205.792,Total energy demand,Historical
2012,Growth,Residential,Gross PJ,79.499,Total energy demand,Historical
2012,Growth,Transport,Gross PJ,187.712,Total energy demand,Historical
2012,Innovation,Commercial,Gross PJ,50.915,Total energy demand,Historical
2012,Innovation,Industrial,Gross PJ,205.792,Total energy demand,Historical
2012,Innovation,Residential,Gross PJ,79.499,Total energy demand,Historical
2012,Innovation,Transport,Gross PJ,187.712,Total energy demand,Historical
2012,Reference,Commercial,Gross PJ,50.915,Total energy demand,Historical
2012,Reference,Industrial,Gross PJ,205.792,Total energy demand,Historical
2012,Reference,Residential,Gross PJ,79.499,Total energy demand,Historical
2012,Reference,Transport,Gross PJ,187.712,Total energy demand,Historical
2013,Constraint,Commercial,Gross PJ,50.756,Total energy demand,Historical
2013,Constraint,Industrial,Gross PJ,212.48,Total energy demand,Historical
2013,Constraint,Residential,Gross PJ,78.73,Total energy demand,Historical
2013,Constraint,Transport,Gross PJ,188.951,Total energy demand,Historical
2013,Environmental,Commercial,Gross PJ,50.756,Total energy demand,Historical
2013,Environmental,Industrial,Gross PJ,212.48,Total energy demand,Historical
2013,Environmental,Residential,Gross PJ,78.73,Total energy demand,Historical
2013,Environmental,Transport,Gross PJ,188.951,Total energy demand,Historical
2013,Growth,Commercial,Gross PJ,50.756,Total energy demand,Historical
2013,Growth,Industrial,Gross PJ,212.48,Total energy demand,Historical
2013,Growth,Residential,Gross PJ,78.73,Total energy demand,Historical
2013,Growth,Transport,Gross PJ,188.951,Total energy demand,Historical
2013,Innovation,Commercial,Gross PJ,50.756,Total energy demand,Historical
2013,Innovation,Industrial,Gross PJ,212.48,Total energy demand,Historical
2013,Innovation,Residential,Gross PJ,78.73,Total energy demand,Historical
2013,Innovation,Transport,Gross PJ,188.951,Total energy demand,Historical
2013,Reference,Commercial,Gross PJ,50.756,Total energy demand,Historical
2013,Reference,Industrial,Gross PJ,212.48,Total energy demand,Historical
2013,Reference,Residential,Gross PJ,78.73,Total energy demand,Historical
2013,Reference,Transport,Gross PJ,188.951,Total energy demand,Historical
2014,Constraint,Commercial,Gross PJ,51.816,Total energy demand,Historical
2014,Constraint,Industrial,Gross PJ,227.116,Total energy demand,Historical
2014,Constraint,Residential,Gross PJ,78.849,Total energy demand,Historical
2014,Constraint,Transport,Gross PJ,192.69,Total energy demand,Historical
2014,Environmental,Commercial,Gross PJ,51.816,Total energy demand,Historical
2014,Environmental,Industrial,Gross PJ,227.116,Total energy demand,Historical
2014,Environmental,Residential,Gross PJ,78.849,Total energy demand,Historical
2014,Environmental,Transport,Gross PJ,192.69,Total energy demand,Historical
2014,Growth,Commercial,Gross PJ,51.816,Total energy demand,Historical
2014,Growth,Industrial,Gross PJ,227.116,Total energy demand,Historical
2014,Growth,Residential,Gross PJ,78.849,Total energy demand,Historical
2014,Growth,Transport,Gross PJ,192.69,Total energy demand,Historical
2014,Innovation,Commercial,Gross PJ,51.816,Total energy demand,Historical
2014,Innovation,Industrial,Gross PJ,227.116,Total energy demand,Historical
2014,Innovation,Residential,Gross PJ,78.849,Total energy demand,Historical
2014,Innovation,Transport,Gross PJ,192.69,Total energy demand,Historical
2014,Reference,Commercial,Gross PJ,51.816,Total energy demand,Historical
2014,Reference,Industrial,Gross PJ,227.116,Total energy demand,Historical
2014,Reference,Residential,Gross PJ,78.849,Total energy demand,Historical
2014,Reference,Transport,Gross PJ,192.69,Total energy demand,Historical
2015,Constraint,Commercial,Gross PJ,53.316,Total energy demand,Historical
2015,Constraint,Industrial,Gross PJ,222.656,Total energy demand,Historical
2015,Constraint,Residential,Gross PJ,80.025,Total energy demand,Historical
2015,Constraint,Transport,Gross PJ,199.65,Total energy demand,Historical
2015,Environmental,Commercial,Gross PJ,53.316,Total energy demand,Historical
2015,Environmental,Industrial,Gross PJ,222.656,Total energy demand,Historical
2015,Environmental,Residential,Gross PJ,80.025,Total energy demand,Historical
2015,Environmental,Transport,Gross PJ,199.65,Total energy demand,Historical
2015,Growth,Commercial,Gross PJ,53.316,Total energy demand,Historical
2015,Growth,Industrial,Gross PJ,222.656,Total energy demand,Historical
2015,Growth,Residential,Gross PJ,80.025,Total energy demand,Historical
2015,Growth,Transport,Gross PJ,199.65,Total energy demand,Historical
2015,Innovation,Commercial,Gross PJ,53.316,Total energy demand,Historical
2015,Innovation,Industrial,Gross PJ,222.656,Total energy demand,Historical
2015,Innovation,Residential,Gross PJ,80.025,Total energy demand,Historical
2015,Innovation,Transport,Gross PJ,199.65,Total energy demand,Historical
2015,Reference,Commercial,Gross PJ,53.316,Total energy demand,Historical
2015,Reference,Industrial,Gross PJ,222.656,Total energy demand,Historical
2015,Reference,Residential,Gross PJ,80.025,Total energy demand,Historical
2015,Reference,Transport,Gross PJ,199.65,Total energy demand,Historical
2016,Constraint,Commercial,Gross PJ,52.842,Total energy demand,Historical
2016,Constraint,Industrial,Gross PJ,223.914,Total energy demand,Historical
2016,Constraint,Residential,Gross PJ,78.559,Total energy demand,Historical
2016,Constraint,Transport,Gross PJ,201.772,Total energy demand,Historical
2016,Environmental,Commercial,Gross PJ,52.842,Total energy demand,Historical
2016,Environmental,Industrial,Gross PJ,223.914,Total energy demand,Historical
2016,Environmental,Residential,Gross PJ,78.559,Total energy demand,Historical
2016,Environmental,Transport,Gross PJ,201.772,Total energy demand,Historical
2016,Growth,Commercial,Gross PJ,52.842,Total energy demand,Historical
2016,Growth,Industrial,Gross PJ,223.914,Total energy demand,Historical
2016,Growth,Residential,Gross PJ,78.559,Total energy demand,Historical
2016,Growth,Transport,Gross PJ,201.772,Total energy demand,Historical
2016,Innovation,Commercial,Gross PJ,52.842,Total energy demand,Historical
2016,Innovation,Industrial,Gross PJ,223.914,Total energy demand,Historical
2016,Innovation,Residential,Gross PJ,78.559,Total energy demand,Historical
2016,Innovation,Transport,Gross PJ,201.772,Total energy demand,Historical
2016,Reference,Commercial,Gross PJ,52.842,Total energy demand,Historical
2016,Reference,Industrial,Gross PJ,223.914,Total energy demand,Historical
2016,Reference,Residential,Gross PJ,78.559,Total energy demand,Historical
2016,Reference,Transport,Gross PJ,201.772,Total energy demand,Historical
2017,Constraint,Commercial,Gross PJ,53.345,Total energy demand,Historical
2017,Constraint,Industrial,Gross PJ,220.488,Total energy demand,Historical
2017,Constraint,Residential,Gross PJ,80.551,Total energy demand,Historical
2017,Constraint,Transport,Gross PJ,214.957,Total energy demand,Historical
2017,Environmental,Commercial,Gross PJ,53.345,Total energy demand,Historical
2017,Environmental,Industrial,Gross PJ,220.488,Total energy demand,Historical
2017,Environmental,Residential,Gross PJ,80.551,Total energy demand,Historical
2017,Environmental,Transport,Gross PJ,214.957,Total energy demand,Historical
2017,Growth,Commercial,Gross PJ,53.345,Total energy demand,Historical
2017,Growth,Industrial,Gross PJ,220.488,Total energy demand,Historical
2017,Growth,Residential,Gross PJ,80.551,Total energy demand,Historical
2017,Growth,Transport,Gross PJ,214.957,Total energy demand,Historical
2017,Innovation,Commercial,Gross PJ,53.345,Total energy demand,Historical
2017,Innovation,Industrial,Gross PJ,220.488,Total energy demand,Historical
2017,Innovation,Residential,Gross PJ,80.551,Total energy demand,Historical
2017,Innovation,Transport,Gross PJ,214.957,Total energy demand,Historical
2017,Reference,Commercial,Gross PJ,53.345,Total energy demand,Historical
2017,Reference,Industrial,Gross PJ,220.488,Total energy demand,Historical
2017,Reference,Residential,Gross PJ,80.551,Total energy demand,Historical
2017,Reference,Transport,Gross PJ,214.957,Total energy demand,Historical
2018,Constraint,Commercial,Gross PJ,53.278,Total energy demand,Historical
2018,Constraint,Industrial,Gross PJ,219.389,Total energy demand,Historical
2018,Constraint,Residential,Gross PJ,81.746,Total energy demand,Historical
2018,Constraint,Transport,Gross PJ,219.589,Total energy demand,Historical
2018,Environmental,Commercial,Gross PJ,53.278,Total energy demand,Historical
2018,Environmental,Industrial,Gross PJ,219.389,Total energy demand,Historical
2018,Environmental,Residential,Gross PJ,81.746,Total energy demand,Historical
2018,Environmental,Transport,Gross PJ,219.589,Total energy demand,Historical
2018,Growth,Commercial,Gross PJ,53.278,Total energy demand,Historical
2018,Growth,Industrial,Gross PJ,219.389,Total energy demand,Historical
2018,Growth,Residential,Gross PJ,81.746,Total energy demand,Historical
2018,Growth,Transport,Gross PJ,219.589,Total energy demand,Historical
2018,Innovation,Commercial,Gross PJ,53.278,Total energy demand,Historical
2018,Innovation,Industrial,Gross PJ,219.389,Total energy demand,Historical
2018,Innovation,Residential,Gross PJ,81.746,Total energy demand,Historical
2018,Innovation,Transport,Gross PJ,219.589,Total energy demand,Historical
2018,Reference,Commercial,Gross PJ,53.278,Total energy demand,Historical
2018,Reference,Industrial,Gross PJ,219.389,Total energy demand,Historical
2018,Reference,Residential,Gross PJ,81.746,Total energy demand,Historical
2018,Reference,Transport,Gross PJ,219.589,Total energy demand,Historical
2019,Constraint,Commercial,Gross PJ,56.832,Total energy demand,Historical
2019,Constraint,Industrial,Gross PJ,231.047,Total energy demand,Historical
2019,Constraint,Residential,Gross PJ,81.814,Total energy demand,Historical
2019,Constraint,Transport,Gross PJ,212.591,Total energy demand,Historical
2019,Environmental,Commercial,Gross PJ,56.832,Total energy demand,Historical
2019,Environmental,Industrial,Gross PJ,231.047,Total energy demand,Historical
2019,Environmental,Residential,Gross PJ,81.814,Total energy demand,Historical
2019,Environmental,Transport,Gross PJ,212.591,Total energy demand,Historical
2019,Growth,Commercial,Gross PJ,56.832,Total energy demand,Historical
2019,Growth,Industrial,Gross PJ,231.047,Total energy demand,Historical
2019,Growth,Residential,Gross PJ,81.814,Total energy demand,Historical
2019,Growth,Transport,Gross PJ,212.591,Total energy demand,Historical
2019,Innovation,Commercial,Gross PJ,56.832,Total energy demand,Historical
2019,Innovation,Industrial,Gross PJ,231.047,Total energy demand,Historical
2019,Innovation,Residential,Gross PJ,81.814,Total energy demand,Historical
2019,Innovation,Transport,Gross PJ,212.591,Total energy demand,Historical
2019,Reference,Commercial,Gross PJ,56.832,Total energy demand,Historical
2019,Reference,Industrial,Gross PJ,231.047,Total energy demand,Historical
2019,Reference,Residential,Gross PJ,81.814,Total energy demand,Historical
2019,Reference,Transport,Gross PJ,212.591,Total energy demand,Historical
2020,Constraint,Commercial,Gross PJ,54.356,Total energy demand,Historical
2020,Constraint,Industrial,Gross PJ,212.463,Total energy demand,Historical
2020,Constraint,Residential,Gross PJ,83.271,Total energy demand,Historical
2020,Constraint,Transport,Gross PJ,191.294,Total energy demand,Historical
2020,Environmental,Commercial,Gross PJ,54.356,Total energy demand,Historical
2020,Environmental,Industrial,Gross PJ,212.463,Total energy demand,Historical
2020,Environmental,Residential,Gross PJ,83.271,Total energy demand,Historical
2020,Environmental,Transport,Gross PJ,191.294,Total energy demand,Historical
2020,Growth,Commercial,Gross PJ,54.356,Total energy demand,Historical
2020,Growth,Industrial,Gross PJ,212.463,Total energy demand,Historical
2020,Growth,Residential,Gross PJ,83.271,Total energy demand,Historical
2020,Growth,Transport,Gross PJ,191.294,Total energy demand,Historical
2020,Innovation,Commercial,Gross PJ,54.356,Total energy demand,Historical
2020,Innovation,Industrial,Gross PJ,212.463,Total energy demand,Historical
2020,Innovation,Residential,Gross PJ,83.271,Total energy demand,Historical
2020,Innovation,Transport,Gross PJ,191.294,Total energy demand,Historical
2020,Reference,Commercial,Gross PJ,54.356,Total energy demand,Historical
2020,Reference,Industrial,Gross PJ,212.463,Total energy demand,Historical
2020,Reference,Residential,Gross PJ,83.271,Total energy demand,Historical
2020,Reference,Transport,Gross PJ,191.294,Total energy demand,Historical
2021,Constraint,Commercial,Gross PJ,54.95,Total energy demand,Historical
2021,Constraint,Industrial,Gross PJ,205.576,Total energy demand,Historical
2021,Constraint,Residential,Gross PJ,84.53,Total energy demand,Historical
2021,Constraint,Transport,Gross PJ,200.943,Total energy demand,Historical
2021,Environmental,Commercial,Gross PJ,54.95,Total energy demand,Historical
2021,Environmental,Industrial,Gross PJ,205.576,Total energy demand,Historical
2021,Environmental,Residential,Gross PJ,84.53,Total energy demand,Historical
2021,Environmental,Transport,Gross PJ,200.943,Total energy demand,Historical
2021,Growth,Commercial,Gross PJ,54.95,Total energy demand,Historical
2021,Growth,Industrial,Gross PJ,205.576,Total energy demand,Historical
2021,Growth,Residential,Gross PJ,84.53,Total energy demand,Historical
2021,Growth,Transport,Gross PJ,200.943,Total energy demand,Historical
2021,Innovation,Commercial,Gross PJ,54.95,Total energy demand,Historical
2021,Innovation,Industrial,Gross PJ,205.576,Total energy demand,Historical
2021,Innovation,Residential,Gross PJ,84.53,Total energy demand,Historical
2021,Innovation,Transport,Gross PJ,200.943,Total energy demand,Historical
2021,Reference,Commercial,Gross PJ,54.95,Total energy demand,Historical
2021,Reference,Industrial,Gross PJ,205.576,Total energy demand,Historical
2021,Reference,Residential,Gross PJ,84.53,Total energy demand,Historical
2021,Reference,Transport,Gross PJ,200.943,Total energy demand,Historical
2022,Constraint,Commercial,Gross PJ,56.925,Total energy demand,Historical
2022,Constraint,Industrial,Gross PJ,199.983,Total energy demand,Historical
2022,Constraint,Residential,Gross PJ,83.569,Total energy demand,Historical
2022,Constraint,Transport,Gross PJ,200.488,Total energy demand,Historical
2022,Environmental,Commercial,Gross PJ,56.925,Total energy demand,Historical
2022,Environmental,Industrial,Gross PJ,199.983,Total energy demand,Historical
2022,Environmental,Residential,Gross PJ,83.569,Total energy demand,Historical
2022,Environmental,Transport,Gross PJ,200.488,Total energy demand,Historical
2022,Growth,Commercial,Gross PJ,56.925,Total energy demand,Historical
2022,Growth,Industrial,Gross PJ,199.983,Total energy demand,Historical
2022,Growth,Residential,Gross PJ,83.569,Total energy demand,Historical
2022,Growth,Transport,Gross PJ,200.488,Total energy demand,Historical
2022,Innovation,Commercial,Gross PJ,56.925,Total energy demand,Historical
2022,Innovation,Industrial,Gross PJ,199.983,Total energy demand,Historical
2022,Innovation,Residential,Gross PJ,83.569,Total energy demand,Historical
2022,Innovation,Transport,Gross PJ,200.488,Total energy demand,Historical
2022,Reference,Commercial,Gross PJ,56.925,Total energy demand,Historical
2022,Reference,Industrial,Gross PJ,199.983,Total energy demand,Historical
2022,Reference,Residential,Gross PJ,83.569,Total energy demand,Historical
2022,Reference,Transport,Gross PJ,200.488,Total energy demand,Historical
2023,Constraint,Commercial,Gross PJ,54.437,Total energy demand,Historical
2023,Constraint,Industrial,Gross PJ,196.995,Total energy demand,Historical
2023,Constraint,Residential,Gross PJ,85.524,Total energy demand,Historical
2023,Constraint,Transport,Gross PJ,209.591,Total energy demand,Historical
2023,Environmental,Commercial,Gross PJ,54.437,Total energy demand,Historical
2023,Environmental,Industrial,Gross PJ,196.995,Total energy demand,Historical
2023,Environmental,Residential,Gross PJ,85.524,Total energy demand,Historical
2023,Environmental,Transport,Gross PJ,209.591,Total energy demand,Historical
2023,Growth,Commercial,Gross PJ,54.437,Total energy demand,Historical
2023,Growth,Industrial,Gross PJ,196.995,Total energy demand,Historical
2023,Growth,Residential,Gross PJ,85.524,Total energy demand,Historical
2023,Growth,Transport,Gross PJ,209.591,Total energy demand,Historical
2023,Innovation,Commercial,Gross PJ,54.437,Total energy demand,Historical
2023,Innovation,Industrial,Gross PJ,196.995,Total energy demand,Historical
2023,Innovation,Residential,Gross PJ,85.524,Total energy demand,Historical
2023,Innovation,Transport,Gross PJ,209.591,Total energy demand,Historical
2023,Reference,Commercial,Gross PJ,54.437,Total energy demand,Historical
2023,Reference,Industrial,Gross PJ,196.995,Total energy demand,Historical
2023,Reference,Residential,Gross PJ,85.524,Total energy demand,Historical
2023,Reference,Transport,Gross PJ,209.591,Total energy demand,Historical
2024,Constraint,Commercial,Gross PJ,56.991,Total energy demand,Projected
2024,Constraint,Industrial,Gross PJ,216.967,Total energy demand,Projected
2024,Constraint,Residential,Gross PJ,83.539,Total energy demand,Projected
2024,Constraint,Transport,Gross PJ,207.483,Total energy demand,Projected
2024,Environmental,Commercial,Gross PJ,56.823,Total energy demand,Projected
2024,Environmental,Industrial,Gross PJ,217.031,Total energy demand,Projected
2024,Environmental,Residential,Gross PJ,83.746,Total energy demand,Projected
2024,Environmental,Transport,Gross PJ,206.934,Total energy demand,Projected
2024,Growth,Commercial,Gross PJ,57.004,Total energy demand,Projected
2024,Growth,Industrial,Gross PJ,217.264,Total energy demand,Projected
2024,Growth,Residential,Gross PJ,83.998,Total energy demand,Projected
2024,Growth,Transport,Gross PJ,209.332,Total energy demand,Projected
2024,Innovation,Commercial,Gross PJ,56.724,Total energy demand,Projected
2024,Innovation,Industrial,Gross PJ,216.496,Total energy demand,Projected
2024,Innovation,Residential,Gross PJ,83.746,Total energy demand,Projected
2024,Innovation,Transport,Gross PJ,208.07,Total energy demand,Projected
2024,Reference,Commercial,Gross PJ,57.002,Total energy demand,Projected
2024,Reference,Industrial,Gross PJ,216.951,Total energy demand,Projected
2024,Reference,Residential,Gross PJ,83.877,Total energy demand,Projected
2024,Reference,Transport,Gross PJ,208.408,Total energy demand,Projected
2025,Constraint,Commercial,Gross PJ,59.496,Total energy demand,Projected
2025,Constraint,Industrial,Gross PJ,215.879,Total energy demand,Projected
2025,Constraint,Residential,Gross PJ,83.266,Total energy demand,Projected
2025,Constraint,Transport,Gross PJ,207.174,Total energy demand,Projected
2025,Environmental,Commercial,Gross PJ,59.279,Total energy demand,Projected
2025,Environmental,Industrial,Gross PJ,215.498,Total energy demand,Projected
2025,Environmental,Residential,Gross PJ,83.751,Total energy demand,Projected
2025,Environmental,Transport,Gross PJ,206.185,Total energy demand,Projected
2025,Growth,Commercial,Gross PJ,59.527,Total energy demand,Projected
2025,Growth,Industrial,Gross PJ,216.484,Total energy demand,Projected
2025,Growth,Residential,Gross PJ,84.176,Total energy demand,Projected
2025,Growth,Transport,Gross PJ,209.48,Total energy demand,Projected
2025,Innovation,Commercial,Gross PJ,59.122,Total energy demand,Projected
2025,Innovation,Industrial,Gross PJ,215.12,Total energy demand,Projected
2025,Innovation,Residential,Gross PJ,83.751,Total energy demand,Projected
2025,Innovation,Transport,Gross PJ,207.745,Total energy demand,Projected
2025,Reference,Commercial,Gross PJ,59.517,Total energy demand,Projected
2025,Reference,Industrial,Gross PJ,215.846,Total energy demand,Projected
2025,Reference,Residential,Gross PJ,83.935,Total energy demand,Projected
2025,Reference,Transport,Gross PJ,208.381,Total energy demand,Projected
2026,Constraint,Commercial,Gross PJ,61.035,Total energy demand,Projected
2026,Constraint,Industrial,Gross PJ,218.017,Total energy demand,Projected
2026,Constraint,Residential,Gross PJ,83.014,Total energy demand,Projected
2026,Constraint,Transport,Gross PJ,206.449,Total energy demand,Projected
2026,Environmental,Commercial,Gross PJ,60.738,Total energy demand,Projected
2026,Environmental,Industrial,Gross PJ,217.266,Total energy demand,Projected
2026,Environmental,Residential,Gross PJ,83.754,Total energy demand,Projected
2026,Environmental,Transport,Gross PJ,204.915,Total energy demand,Projected
2026,Growth,Commercial,Gross PJ,65.347,Total energy demand,Projected
2026,Growth,Industrial,Gross PJ,219.04,Total energy demand,Projected
2026,Growth,Residential,Gross PJ,84.371,Total energy demand,Projected
2026,Growth,Transport,Gross PJ,208.921,Total energy demand,Projected
2026,Innovation,Commercial,Gross PJ,64.779,Total energy demand,Projected
2026,Innovation,Industrial,Gross PJ,216.997,Total energy demand,Projected
2026,Innovation,Residential,Gross PJ,83.754,Total energy demand,Projected
2026,Innovation,Transport,Gross PJ,206.817,Total energy demand,Projected
2026,Reference,Commercial,Gross PJ,61.064,Total energy demand,Projected
2026,Reference,Industrial,Gross PJ,217.967,Total energy demand,Projected
2026,Reference,Residential,Gross PJ,84.012,Total energy demand,Projected
2026,Reference,Transport,Gross PJ,207.823,Total energy demand,Projected
2027,Constraint,Commercial,Gross PJ,61.841,Total energy demand,Projected
2027,Constraint,Industrial,Gross PJ,218.811,Total energy demand,Projected
2027,Constraint,Residential,Gross PJ,82.726,Total energy demand,Projected
2027,Constraint,Transport,Gross PJ,205.1,Total energy demand,Projected
2027,Environmental,Commercial,Gross PJ,63.597,Total energy demand,Projected
2027,Environmental,Industrial,Gross PJ,218.339,Total energy demand,Projected
2027,Environmental,Residential,Gross PJ,83.713,Total energy demand,Projected
2027,Environmental,Transport,Gross PJ,203.34,Total energy demand,Projected
2027,Growth,Commercial,Gross PJ,68.56,Total energy demand,Projected
2027,Growth,Industrial,Gross PJ,221.824,Total energy demand,Projected
2027,Growth,Residential,Gross PJ,84.563,Total energy demand,Projected
2027,Growth,Transport,Gross PJ,208.278,Total energy demand,Projected
2027,Innovation,Commercial,Gross PJ,67.585,Total energy demand,Projected
2027,Innovation,Industrial,Gross PJ,218.293,Total energy demand,Projected
2027,Innovation,Residential,Gross PJ,83.713,Total energy demand,Projected
2027,Innovation,Transport,Gross PJ,205.54,Total energy demand,Projected
2027,Reference,Commercial,Gross PJ,64.072,Total energy demand,Projected
2027,Reference,Industrial,Gross PJ,219.47,Total energy demand,Projected
2027,Reference,Residential,Gross PJ,84.069,Total energy demand,Projected
2027,Reference,Transport,Gross PJ,206.96,Total energy demand,Projected
2028,Constraint,Commercial,Gross PJ,62.312,Total energy demand,Projected
2028,Constraint,Industrial,Gross PJ,218.368,Total energy demand,Projected
2028,Constraint,Residential,Gross PJ,82.406,Total energy demand,Projected
2028,Constraint,Transport,Gross PJ,203.219,Total energy demand,Projected
2028,Environmental,Commercial,Gross PJ,64.226,Total energy demand,Projected
2028,Environmental,Industrial,Gross PJ,218.747,Total energy demand,Projected
2028,Environmental,Residential,Gross PJ,83.623,Total energy demand,Projected
2028,Environmental,Transport,Gross PJ,201.478,Total energy demand,Projected
2028,Growth,Commercial,Gross PJ,69.787,Total energy demand,Projected
2028,Growth,Industrial,Gross PJ,224.559,Total energy demand,Projected
2028,Growth,Residential,Gross PJ,84.753,Total energy demand,Projected
2028,Growth,Transport,Gross PJ,207.601,Total energy demand,Projected
2028,Innovation,Commercial,Gross PJ,68.16,Total energy demand,Projected
2028,Innovation,Industrial,Gross PJ,218.967,Total energy demand,Projected
2028,Innovation,Residential,Gross PJ,83.623,Total energy demand,Projected
2028,Innovation,Transport,Gross PJ,203.957,Total energy demand,Projected
2028,Reference,Commercial,Gross PJ,64.92,Total energy demand,Projected
2028,Reference,Industrial,Gross PJ,220.3,Total energy demand,Projected
2028,Reference,Residential,Gross PJ,84.107,Total energy demand,Projected
2028,Reference,Transport,Gross PJ,205.799,Total energy demand,Projected
2029,Constraint,Commercial,Gross PJ,62.723,Total energy demand,Projected
2029,Constraint,Industrial,Gross PJ,206.64,Total energy demand,Projected
2029,Constraint,Residential,Gross PJ,82.079,Total energy demand,Projected
2029,Constraint,Transport,Gross PJ,201.589,Total energy demand,Projected
2029,Environmental,Commercial,Gross PJ,66.092,Total energy demand,Projected
2029,Environmental,Industrial,Gross PJ,207.518,Total energy demand,Projected
2029,Environmental,Residential,Gross PJ,83.274,Total energy demand,Projected
2029,Environmental,Transport,Gross PJ,199.696,Total energy demand,Projected
2029,Growth,Commercial,Gross PJ,72.331,Total energy demand,Projected
2029,Growth,Industrial,Gross PJ,215.45,Total energy demand,Projected
2029,Growth,Residential,Gross PJ,84.923,Total energy demand,Projected
2029,Growth,Transport,Gross PJ,206.984,Total energy demand,Projected
2029,Innovation,Commercial,Gross PJ,69.974,Total energy demand,Projected
2029,Innovation,Industrial,Gross PJ,208.433,Total energy demand,Projected
2029,Innovation,Residential,Gross PJ,83.274,Total energy demand,Projected
2029,Innovation,Transport,Gross PJ,202.472,Total energy demand,Projected
2029,Reference,Commercial,Gross PJ,67.087,Total energy demand,Projected
2029,Reference,Industrial,Gross PJ,209.678,Total energy demand,Projected
2029,Reference,Residential,Gross PJ,83.918,Total energy demand,Projected
2029,Reference,Transport,Gross PJ,204.776,Total energy demand,Projected
2030,Constraint,Commercial,Gross PJ,62.997,Total energy demand,Projected
2030,Constraint,Industrial,Gross PJ,205.559,Total energy demand,Projected
2030,Constraint,Residential,Gross PJ,81.734,Total energy demand,Projected
2030,Constraint,Transport,Gross PJ,199.806,Total energy demand,Projected
2030,Environmental,Commercial,Gross PJ,66.33,Total energy demand,Projected
2030,Environmental,Industrial,Gross PJ,207.188,Total energy demand,Projected
2030,Environmental,Residential,Gross PJ,82.875,Total energy demand,Projected
2030,Environmental,Transport,Gross PJ,197.602,Total energy demand,Projected
2030,Growth,Commercial,Gross PJ,73.317,Total energy demand,Projected
2030,Growth,Industrial,Gross PJ,216.922,Total energy demand,Projected
2030,Growth,Residential,Gross PJ,85.066,Total energy demand,Projected
2030,Growth,Transport,Gross PJ,205.864,Total energy demand,Projected
2030,Innovation,Commercial,Gross PJ,72.974,Total energy demand,Projected
2030,Innovation,Industrial,Gross PJ,208.327,Total energy demand,Projected
2030,Innovation,Residential,Gross PJ,82.875,Total energy demand,Projected
2030,Innovation,Transport,Gross PJ,200.59,Total energy demand,Projected
2030,Reference,Commercial,Gross PJ,67.708,Total energy demand,Projected
2030,Reference,Industrial,Gross PJ,209.918,Total energy demand,Projected
2030,Reference,Residential,Gross PJ,83.707,Total energy demand,Projected
2030,Reference,Transport,Gross PJ,203.409,Total energy demand,Projected
2031,Constraint,Commercial,Gross PJ,63.126,Total energy demand,Projected
2031,Constraint,Industrial,Gross PJ,204.03,Total energy demand,Projected
2031,Constraint,Residential,Gross PJ,81.729,Total energy demand,Projected
2031,Constraint,Transport,Gross PJ,197.967,Total energy demand,Projected
2031,Environmental,Commercial,Gross PJ,66.293,Total energy demand,Projected
2031,Environmental,Industrial,Gross PJ,205.984,Total energy demand,Projected
2031,Environmental,Residential,Gross PJ,82.793,Total energy demand,Projected
2031,Environmental,Transport,Gross PJ,195.363,Total energy demand,Projected
2031,Growth,Commercial,Gross PJ,74.202,Total energy demand,Projected
2031,Growth,Industrial,Gross PJ,218.037,Total energy demand,Projected
2031,Growth,Residential,Gross PJ,85.56,Total energy demand,Projected
2031,Growth,Transport,Gross PJ,204.759,Total energy demand,Projected
2031,Innovation,Commercial,Gross PJ,72.945,Total energy demand,Projected
2031,Innovation,Industrial,Gross PJ,207.967,Total energy demand,Projected
2031,Innovation,Residential,Gross PJ,82.793,Total energy demand,Projected
2031,Innovation,Transport,Gross PJ,198.539,Total energy demand,Projected
2031,Reference,Commercial,Gross PJ,68.163,Total energy demand,Projected
2031,Reference,Industrial,Gross PJ,209.631,Total energy demand,Projected
2031,Reference,Residential,Gross PJ,83.832,Total energy demand,Projected
2031,Reference,Transport,Gross PJ,201.877,Total energy demand,Projected
2032,Constraint,Commercial,Gross PJ,63.144,Total energy demand,Projected
2032,Constraint,Industrial,Gross PJ,202.627,Total energy demand,Projected
2032,Constraint,Residential,Gross PJ,81.71,Total energy demand,Projected
2032,Constraint,Transport,Gross PJ,195.729,Total energy demand,Projected
2032,Environmental,Commercial,Gross PJ,66.177,Total energy demand,Projected
2032,Environmental,Industrial,Gross PJ,204.853,Total energy demand,Projected
2032,Environmental,Residential,Gross PJ,82.695,Total energy demand,Projected
2032,Environmental,Transport,Gross PJ,192.696,Total energy demand,Projected
2032,Growth,Commercial,Gross PJ,75.014,Total energy demand,Projected
2032,Growth,Industrial,Gross PJ,219.191,Total energy demand,Projected
2032,Growth,Residential,Gross PJ,86.042,Total energy demand,Projected
2032,Growth,Transport,Gross PJ,203.2,Total energy demand,Projected
2032,Innovation,Commercial,Gross PJ,72.82,Total energy demand,Projected
2032,Innovation,Industrial,Gross PJ,207.574,Total energy demand,Projected
2032,Innovation,Residential,Gross PJ,82.695,Total energy demand,Projected
2032,Innovation,Transport,Gross PJ,196.028,Total energy demand,Projected
2032,Reference,Commercial,Gross PJ,68.506,Total energy demand,Projected
2032,Reference,Industrial,Gross PJ,209.266,Total energy demand,Projected
2032,Reference,Residential,Gross PJ,83.944,Total energy demand,Projected
2032,Reference,Transport,Gross PJ,199.887,Total energy demand,Projected
2033,Constraint,Commercial,Gross PJ,63.046,Total energy demand,Projected
2033,Constraint,Industrial,Gross PJ,201.24,Total energy demand,Projected
2033,Constraint,Residential,Gross PJ,81.677,Total energy demand,Projected
2033,Constraint,Transport,Gross PJ,193.161,Total energy demand,Projected
2033,Environmental,Commercial,Gross PJ,66.036,Total energy demand,Projected
2033,Environmental,Industrial,Gross PJ,203.624,Total energy demand,Projected
2033,Environmental,Residential,Gross PJ,82.598,Total energy demand,Projected
2033,Environmental,Transport,Gross PJ,189.627,Total energy demand,Projected
2033,Growth,Commercial,Gross PJ,75.655,Total energy demand,Projected
2033,Growth,Industrial,Gross PJ,220.068,Total energy demand,Projected
2033,Growth,Residential,Gross PJ,86.507,Total energy demand,Projected
2033,Growth,Transport,Gross PJ,201.077,Total energy demand,Projected
2033,Innovation,Commercial,Gross PJ,72.657,Total energy demand,Projected
2033,Innovation,Industrial,Gross PJ,207.08,Total energy demand,Projected
2033,Innovation,Residential,Gross PJ,82.598,Total energy demand,Projected
2033,Innovation,Transport,Gross PJ,193.128,Total energy demand,Projected
2033,Reference,Commercial,Gross PJ,68.741,Total energy demand,Projected
2033,Reference,Industrial,Gross PJ,208.944,Total energy demand,Projected
2033,Reference,Residential,Gross PJ,84.041,Total energy demand,Projected
2033,Reference,Transport,Gross PJ,197.544,Total energy demand,Projected
2034,Constraint,Commercial,Gross PJ,62.839,Total energy demand,Projected
2034,Constraint,Industrial,Gross PJ,199.869,Total energy demand,Projected
2034,Constraint,Residential,Gross PJ,81.76,Total energy demand,Projected
2034,Constraint,Transport,Gross PJ,190.339,Total energy demand,Projected
2034,Environmental,Commercial,Gross PJ,65.908,Total energy demand,Projected
2034,Environmental,Industrial,Gross PJ,202.449,Total energy demand,Projected
2034,Environmental,Residential,Gross PJ,82.668,Total energy demand,Projected
2034,Environmental,Transport,Gross PJ,186.179,Total energy demand,Projected
2034,Growth,Commercial,Gross PJ,76.116,Total energy demand,Projected
2034,Growth,Industrial,Gross PJ,220.348,Total energy demand,Projected
2034,Growth,Residential,Gross PJ,86.918,Total energy demand,Projected
2034,Growth,Transport,Gross PJ,198.446,Total energy demand,Projected
2034,Innovation,Commercial,Gross PJ,72.498,Total energy demand,Projected
2034,Innovation,Industrial,Gross PJ,206.57,Total energy demand,Projected
2034,Innovation,Residential,Gross PJ,82.668,Total energy demand,Projected
2034,Innovation,Transport,Gross PJ,189.795,Total energy demand,Projected
2034,Reference,Commercial,Gross PJ,68.859,Total energy demand,Projected
2034,Reference,Industrial,Gross PJ,208.618,Total energy demand,Projected
2034,Reference,Residential,Gross PJ,84.271,Total energy demand,Projected
2034,Reference,Transport,Gross PJ,194.817,Total energy demand,Projected
2035,Constraint,Commercial,Gross PJ,62.534,Total energy demand,Projected
2035,Constraint,Industrial,Gross PJ,198.472,Total energy demand,Projected
2035,Constraint,Residential,Gross PJ,81.828,Total energy demand,Projected
2035,Constraint,Transport,Gross PJ,187.2,Total energy demand,Projected
2035,Environmental,Commercial,Gross PJ,65.822,Total energy demand,Projected
2035,Environmental,Industrial,Gross PJ,201.428,Total energy demand,Projected
2035,Environmental,Residential,Gross PJ,82.77,Total energy demand,Projected
2035,Environmental,Transport,Gross PJ,182.309,Total energy demand,Projected
2035,Growth,Commercial,Gross PJ,76.469,Total energy demand,Projected
2035,Growth,Industrial,Gross PJ,220.602,Total energy demand,Projected
2035,Growth,Residential,Gross PJ,87.314,Total energy demand,Projected
2035,Growth,Transport,Gross PJ,195.29,Total energy demand,Projected
2035,Innovation,Commercial,Gross PJ,75.213,Total energy demand,Projected
2035,Innovation,Industrial,Gross PJ,206.111,Total energy demand,Projected
2035,Innovation,Residential,Gross PJ,82.77,Total energy demand,Projected
2035,Innovation,Transport,Gross PJ,185.995,Total energy demand,Projected
2035,Reference,Commercial,Gross PJ,68.85,Total energy demand,Projected
2035,Reference,Industrial,Gross PJ,207.949,Total energy demand,Projected
2035,Reference,Residential,Gross PJ,84.487,Total energy demand,Projected
2035,Reference,Transport,Gross PJ,191.655,Total energy demand,Projected
2036,Constraint,Commercial,Gross PJ,62.132,Total energy demand,Projected
2036,Constraint,Industrial,Gross PJ,196.698,Total energy demand,Projected
2036,Constraint,Residential,Gross PJ,81.886,Total energy demand,Projected
2036,Constraint,Transport,Gross PJ,183.824,Total energy demand,Projected
2036,Environmental,Commercial,Gross PJ,65.79,Total energy demand,Projected
2036,Environmental,Industrial,Gross PJ,200.493,Total energy demand,Projected
2036,Environmental,Residential,Gross PJ,82.911,Total energy demand,Projected
2036,Environmental,Transport,Gross PJ,178.097,Total energy demand,Projected
2036,Growth,Commercial,Gross PJ,76.704,Total energy demand,Projected
2036,Growth,Industrial,Gross PJ,220.617,Total energy demand,Projected
2036,Growth,Residential,Gross PJ,87.701,Total energy demand,Projected
2036,Growth,Transport,Gross PJ,191.68,Total energy demand,Projected
2036,Innovation,Commercial,Gross PJ,75.154,Total energy demand,Projected
2036,Innovation,Industrial,Gross PJ,205.336,Total energy demand,Projected
2036,Innovation,Residential,Gross PJ,82.911,Total energy demand,Projected
2036,Innovation,Transport,Gross PJ,181.833,Total energy demand,Projected
2036,Reference,Commercial,Gross PJ,68.753,Total energy demand,Projected
2036,Reference,Industrial,Gross PJ,206.9,Total energy demand,Projected
2036,Reference,Residential,Gross PJ,84.693,Total energy demand,Projected
2036,Reference,Transport,Gross PJ,188.17,Total energy demand,Projected
2037,Constraint,Commercial,Gross PJ,61.68,Total energy demand,Projected
2037,Constraint,Industrial,Gross PJ,194.874,Total energy demand,Projected
2037,Constraint,Residential,Gross PJ,81.941,Total energy demand,Projected
2037,Constraint,Transport,Gross PJ,180.202,Total energy demand,Projected
2037,Environmental,Commercial,Gross PJ,65.833,Total energy demand,Projected
2037,Environmental,Industrial,Gross PJ,199.556,Total energy demand,Projected
2037,Environmental,Residential,Gross PJ,83.089,Total energy demand,Projected
2037,Environmental,Transport,Gross PJ,173.515,Total energy demand,Projected
2037,Growth,Commercial,Gross PJ,76.908,Total energy demand,Projected
2037,Growth,Industrial,Gross PJ,220.557,Total energy demand,Projected
2037,Growth,Residential,Gross PJ,88.083,Total energy demand,Projected
2037,Growth,Transport,Gross PJ,187.648,Total energy demand,Projected
2037,Innovation,Commercial,Gross PJ,75.169,Total energy demand,Projected
2037,Innovation,Industrial,Gross PJ,204.595,Total energy demand,Projected
2037,Innovation,Residential,Gross PJ,83.089,Total energy demand,Projected
2037,Innovation,Transport,Gross PJ,177.289,Total energy demand,Projected
2037,Reference,Commercial,Gross PJ,68.615,Total energy demand,Projected
2037,Reference,Industrial,Gross PJ,205.832,Total energy demand,Projected
2037,Reference,Residential,Gross PJ,84.894,Total energy demand,Projected
2037,Reference,Transport,Gross PJ,184.35,Total energy demand,Projected
2038,Constraint,Commercial,Gross PJ,61.239,Total energy demand,Projected
2038,Constraint,Industrial,Gross PJ,193.089,Total energy demand,Projected
2038,Constraint,Residential,Gross PJ,81.999,Total energy demand,Projected
2038,Constraint,Transport,Gross PJ,176.395,Total energy demand,Projected
2038,Environmental,Commercial,Gross PJ,65.945,Total energy demand,Projected
2038,Environmental,Industrial,Gross PJ,198.72,Total energy demand,Projected
2038,Environmental,Residential,Gross PJ,83.301,Total energy demand,Projected
2038,Environmental,Transport,Gross PJ,168.62,Total energy demand,Projected
2038,Growth,Commercial,Gross PJ,77.165,Total energy demand,Projected
2038,Growth,Industrial,Gross PJ,220.738,Total energy demand,Projected
2038,Growth,Residential,Gross PJ,88.47,Total energy demand,Projected
2038,Growth,Transport,Gross PJ,183.255,Total energy demand,Projected
2038,Innovation,Commercial,Gross PJ,75.26,Total energy demand,Projected
2038,Innovation,Industrial,Gross PJ,203.896,Total energy demand,Projected
2038,Innovation,Residential,Gross PJ,83.301,Total energy demand,Projected
2038,Innovation,Transport,Gross PJ,172.397,Total energy demand,Projected
2038,Reference,Commercial,Gross PJ,68.48,Total energy demand,Projected
2038,Reference,Industrial,Gross PJ,204.732,Total energy demand,Projected
2038,Reference,Residential,Gross PJ,85.1,Total energy demand,Projected
2038,Reference,Transport,Gross PJ,180.196,Total energy demand,Projected
2039,Constraint,Commercial,Gross PJ,60.831,Total energy demand,Projected
2039,Constraint,Industrial,Gross PJ,191.301,Total energy demand,Projected
2039,Constraint,Residential,Gross PJ,82.057,Total energy demand,Projected
2039,Constraint,Transport,Gross PJ,172.555,Total energy demand,Projected
2039,Environmental,Commercial,Gross PJ,66.121,Total energy demand,Projected
2039,Environmental,Industrial,Gross PJ,197.893,Total energy demand,Projected
2039,Environmental,Residential,Gross PJ,83.511,Total energy demand,Projected
2039,Environmental,Transport,Gross PJ,163.605,Total energy demand,Projected
2039,Growth,Commercial,Gross PJ,77.443,Total energy demand,Projected
2039,Growth,Industrial,Gross PJ,220.916,Total energy demand,Projected
2039,Growth,Residential,Gross PJ,88.802,Total energy demand,Projected
2039,Growth,Transport,Gross PJ,178.633,Total energy demand,Projected
2039,Innovation,Commercial,Gross PJ,75.412,Total energy demand,Projected
2039,Innovation,Industrial,Gross PJ,203.244,Total energy demand,Projected
2039,Innovation,Residential,Gross PJ,83.511,Total energy demand,Projected
2039,Innovation,Transport,Gross PJ,167.365,Total energy demand,Projected
2039,Reference,Commercial,Gross PJ,68.384,Total energy demand,Projected
2039,Reference,Industrial,Gross PJ,203.675,Total energy demand,Projected
2039,Reference,Residential,Gross PJ,85.286,Total energy demand,Projected
2039,Reference,Transport,Gross PJ,175.871,Total energy demand,Projected
2040,Constraint,Commercial,Gross PJ,60.498,Total energy demand,Projected
2040,Constraint,Industrial,Gross PJ,189.274,Total energy demand,Projected
2040,Constraint,Residential,Gross PJ,82.131,Total energy demand,Projected
2040,Constraint,Transport,Gross PJ,168.557,Total energy demand,Projected
2040,Environmental,Commercial,Gross PJ,66.342,Total energy demand,Projected
2040,Environmental,Industrial,Gross PJ,197.078,Total energy demand,Projected
2040,Environmental,Residential,Gross PJ,83.743,Total energy demand,Projected
2040,Environmental,Transport,Gross PJ,158.611,Total energy demand,Projected
2040,Growth,Commercial,Gross PJ,77.781,Total energy demand,Projected
2040,Growth,Industrial,Gross PJ,221.144,Total energy demand,Projected
2040,Growth,Residential,Gross PJ,89.152,Total energy demand,Projected
2040,Growth,Transport,Gross PJ,173.906,Total energy demand,Projected
2040,Innovation,Commercial,Gross PJ,75.61,Total energy demand,Projected
2040,Innovation,Industrial,Gross PJ,202.614,Total energy demand,Projected
2040,Innovation,Residential,Gross PJ,83.743,Total energy demand,Projected
2040,Innovation,Transport,Gross PJ,162.298,Total energy demand,Projected
2040,Reference,Commercial,Gross PJ,68.344,Total energy demand,Projected
2040,Reference,Industrial,Gross PJ,202.691,Total energy demand,Projected
2040,Reference,Residential,Gross PJ,85.488,Total energy demand,Projected
2040,Reference,Transport,Gross PJ,171.231,Total energy demand,Projected
2041,Constraint,Commercial,Gross PJ,60.216,Total energy demand,Projected
2041,Constraint,Industrial,Gross PJ,176.202,Total energy demand,Projected
2041,Constraint,Residential,Gross PJ,82.221,Total energy demand,Projected
2041,Constraint,Transport,Gross PJ,164.404,Total energy demand,Projected
2041,Environmental,Commercial,Gross PJ,66.589,Total energy demand,Projected
2041,Environmental,Industrial,Gross PJ,184.992,Total energy demand,Projected
2041,Environmental,Residential,Gross PJ,83.992,Total energy demand,Projected
2041,Environmental,Transport,Gross PJ,153.764,Total energy demand,Projected
2041,Growth,Commercial,Gross PJ,78.183,Total energy demand,Projected
2041,Growth,Industrial,Gross PJ,210.05,Total energy demand,Projected
2041,Growth,Residential,Gross PJ,89.518,Total energy demand,Projected
2041,Growth,Transport,Gross PJ,169.294,Total energy demand,Projected
2041,Innovation,Commercial,Gross PJ,75.834,Total energy demand,Projected
2041,Innovation,Industrial,Gross PJ,190.705,Total energy demand,Projected
2041,Innovation,Residential,Gross PJ,83.992,Total energy demand,Projected
2041,Innovation,Transport,Gross PJ,157.384,Total energy demand,Projected
2041,Reference,Commercial,Gross PJ,68.364,Total energy demand,Projected
2041,Reference,Industrial,Gross PJ,190.476,Total energy demand,Projected
2041,Reference,Residential,Gross PJ,85.706,Total energy demand,Projected
2041,Reference,Transport,Gross PJ,166.624,Total energy demand,Projected
2042,Constraint,Commercial,Gross PJ,59.882,Total energy demand,Projected
2042,Constraint,Industrial,Gross PJ,174.349,Total energy demand,Projected
2042,Constraint,Residential,Gross PJ,82.328,Total energy demand,Projected
2042,Constraint,Transport,Gross PJ,159.999,Total energy demand,Projected
2042,Environmental,Commercial,Gross PJ,66.762,Total energy demand,Projected
2042,Environmental,Industrial,Gross PJ,184.142,Total energy demand,Projected
2042,Environmental,Residential,Gross PJ,84.253,Total energy demand,Projected
2042,Environmental,Transport,Gross PJ,149.007,Total energy demand,Projected
2042,Growth,Commercial,Gross PJ,78.507,Total energy demand,Projected
2042,Growth,Industrial,Gross PJ,210.15,Total energy demand,Projected
2042,Growth,Residential,Gross PJ,89.9,Total energy demand,Projected
2042,Growth,Transport,Gross PJ,164.7,Total energy demand,Projected
2042,Innovation,Commercial,Gross PJ,75.986,Total energy demand,Projected
2042,Innovation,Industrial,Gross PJ,190.061,Total energy demand,Projected
2042,Innovation,Residential,Gross PJ,84.253,Total energy demand,Projected
2042,Innovation,Transport,Gross PJ,152.563,Total energy demand,Projected
2042,Reference,Commercial,Gross PJ,68.349,Total energy demand,Projected
2042,Reference,Industrial,Gross PJ,189.633,Total energy demand,Projected
2042,Reference,Residential,Gross PJ,85.941,Total energy demand,Projected
2042,Reference,Transport,Gross PJ,162.062,Total energy demand,Projected
2043,Constraint,Commercial,Gross PJ,59.567,Total energy demand,Projected
2043,Constraint,Industrial,Gross PJ,172.502,Total energy demand,Projected
2043,Constraint,Residential,Gross PJ,82.449,Total energy demand,Projected
2043,Constraint,Transport,Gross PJ,155.499,Total energy demand,Projected
2043,Environmental,Commercial,Gross PJ,66.941,Total energy demand,Projected
2043,Environmental,Industrial,Gross PJ,183.302,Total energy demand,Projected
2043,Environmental,Residential,Gross PJ,84.523,Total energy demand,Projected
2043,Environmental,Transport,Gross PJ,144.395,Total energy demand,Projected
2043,Growth,Commercial,Gross PJ,78.857,Total energy demand,Projected
2043,Growth,Industrial,Gross PJ,210.248,Total energy demand,Projected
2043,Growth,Residential,Gross PJ,90.297,Total energy demand,Projected
2043,Growth,Transport,Gross PJ,160.204,Total energy demand,Projected
2043,Innovation,Commercial,Gross PJ,76.145,Total energy demand,Projected
2043,Innovation,Industrial,Gross PJ,189.396,Total energy demand,Projected
2043,Innovation,Residential,Gross PJ,84.523,Total energy demand,Projected
2043,Innovation,Transport,Gross PJ,147.893,Total energy demand,Projected
2043,Reference,Commercial,Gross PJ,68.381,Total energy demand,Projected
2043,Reference,Industrial,Gross PJ,188.828,Total energy demand,Projected
2043,Reference,Residential,Gross PJ,86.19,Total energy demand,Projected
2043,Reference,Transport,Gross PJ,157.63,Total energy demand,Projected
2044,Constraint,Commercial,Gross PJ,59.265,Total energy demand,Projected
2044,Constraint,Industrial,Gross PJ,170.677,Total energy demand,Projected
2044,Constraint,Residential,Gross PJ,82.531,Total energy demand,Projected
2044,Constraint,Transport,Gross PJ,151.112,Total energy demand,Projected
2044,Environmental,Commercial,Gross PJ,67.124,Total energy demand,Projected
2044,Environmental,Industrial,Gross PJ,182.414,Total energy demand,Projected
2044,Environmental,Residential,Gross PJ,84.768,Total energy demand,Projected
2044,Environmental,Transport,Gross PJ,139.972,Total energy demand,Projected
2044,Growth,Commercial,Gross PJ,79.275,Total energy demand,Projected
2044,Growth,Industrial,Gross PJ,210.443,Total energy demand,Projected
2044,Growth,Residential,Gross PJ,90.694,Total energy demand,Projected
2044,Growth,Transport,Gross PJ,155.905,Total energy demand,Projected
2044,Innovation,Commercial,Gross PJ,76.307,Total energy demand,Projected
2044,Innovation,Industrial,Gross PJ,188.71,Total energy demand,Projected
2044,Innovation,Residential,Gross PJ,84.768,Total energy demand,Projected
2044,Innovation,Transport,Gross PJ,143.403,Total energy demand,Projected
2044,Reference,Commercial,Gross PJ,68.449,Total energy demand,Projected
2044,Reference,Industrial,Gross PJ,188.054,Total energy demand,Projected
2044,Reference,Residential,Gross PJ,86.419,Total energy demand,Projected
2044,Reference,Transport,Gross PJ,153.369,Total energy demand,Projected
2045,Constraint,Commercial,Gross PJ,58.98,Total energy demand,Projected
2045,Constraint,Industrial,Gross PJ,168.871,Total energy demand,Projected
2045,Constraint,Residential,Gross PJ,82.62,Total energy demand,Projected
2045,Constraint,Transport,Gross PJ,147.017,Total energy demand,Projected
2045,Environmental,Commercial,Gross PJ,67.3,Total energy demand,Projected
2045,Environmental,Industrial,Gross PJ,181.532,Total energy demand,Projected
2045,Environmental,Residential,Gross PJ,85.017,Total energy demand,Projected
2045,Environmental,Transport,Gross PJ,135.859,Total energy demand,Projected
2045,Growth,Commercial,Gross PJ,79.756,Total energy demand,Projected
2045,Growth,Industrial,Gross PJ,210.807,Total energy demand,Projected
2045,Growth,Residential,Gross PJ,91.1,Total energy demand,Projected
2045,Growth,Transport,Gross PJ,151.946,Total energy demand,Projected
2045,Innovation,Commercial,Gross PJ,76.465,Total energy demand,Projected
2045,Innovation,Industrial,Gross PJ,187.996,Total energy demand,Projected
2045,Innovation,Residential,Gross PJ,85.017,Total energy demand,Projected
2045,Innovation,Transport,Gross PJ,139.232,Total energy demand,Projected
2045,Reference,Commercial,Gross PJ,68.542,Total energy demand,Projected
2045,Reference,Industrial,Gross PJ,187.274,Total energy demand,Projected
2045,Reference,Residential,Gross PJ,86.656,Total energy demand,Projected
2045,Reference,Transport,Gross PJ,149.414,Total energy demand,Projected
2046,Constraint,Commercial,Gross PJ,58.721,Total energy demand,Projected
2046,Constraint,Industrial,Gross PJ,167.142,Total energy demand,Projected
2046,Constraint,Residential,Gross PJ,82.716,Total energy demand,Projected
2046,Constraint,Transport,Gross PJ,143.192,Total energy demand,Projected
2046,Environmental,Commercial,Gross PJ,67.469,Total energy demand,Projected
2046,Environmental,Industrial,Gross PJ,180.589,Total energy demand,Projected
2046,Environmental,Residential,Gross PJ,85.269,Total energy demand,Projected
2046,Environmental,Transport,Gross PJ,132.004,Total energy demand,Projected
2046,Growth,Commercial,Gross PJ,80.221,Total energy demand,Projected
2046,Growth,Industrial,Gross PJ,210.985,Total energy demand,Projected
2046,Growth,Residential,Gross PJ,91.512,Total energy demand,Projected
2046,Growth,Transport,Gross PJ,148.191,Total energy demand,Projected
2046,Innovation,Commercial,Gross PJ,76.615,Total energy demand,Projected
2046,Innovation,Industrial,Gross PJ,187.246,Total energy demand,Projected
2046,Innovation,Residential,Gross PJ,85.269,Total energy demand,Projected
2046,Innovation,Transport,Gross PJ,135.318,Total energy demand,Projected
2046,Reference,Commercial,Gross PJ,68.646,Total energy demand,Projected
2046,Reference,Industrial,Gross PJ,186.485,Total energy demand,Projected
2046,Reference,Residential,Gross PJ,86.899,Total energy demand,Projected
2046,Reference,Transport,Gross PJ,145.704,Total energy demand,Projected
2047,Constraint,Commercial,Gross PJ,58.474,Total energy demand,Projected
2047,Constraint,Industrial,Gross PJ,165.447,Total energy demand,Projected
2047,Constraint,Residential,Gross PJ,82.817,Total energy demand,Projected
2047,Constraint,Transport,Gross PJ,139.607,Total energy demand,Projected
2047,Environmental,Commercial,Gross PJ,67.625,Total energy demand,Projected
2047,Environmental,Industrial,Gross PJ,179.609,Total energy demand,Projected
2047,Environmental,Residential,Gross PJ,85.524,Total energy demand,Projected
2047,Environmental,Transport,Gross PJ,128.373,Total energy demand,Projected
2047,Growth,Commercial,Gross PJ,80.68,Total energy demand,Projected
2047,Growth,Industrial,Gross PJ,211.083,Total energy demand,Projected
2047,Growth,Residential,Gross PJ,91.928,Total energy demand,Projected
2047,Growth,Transport,Gross PJ,144.639,Total energy demand,Projected
2047,Innovation,Commercial,Gross PJ,76.751,Total energy demand,Projected
2047,Innovation,Industrial,Gross PJ,186.453,Total energy demand,Projected
2047,Innovation,Residential,Gross PJ,85.524,Total energy demand,Projected
2047,Innovation,Transport,Gross PJ,131.641,Total energy demand,Projected
2047,Reference,Commercial,Gross PJ,68.753,Total energy demand,Projected
2047,Reference,Industrial,Gross PJ,185.66,Total energy demand,Projected
2047,Reference,Residential,Gross PJ,87.148,Total energy demand,Projected
2047,Reference,Transport,Gross PJ,142.226,Total energy demand,Projected
2048,Constraint,Commercial,Gross PJ,58.224,Total energy demand,Projected
2048,Constraint,Industrial,Gross PJ,163.747,Total energy demand,Projected
2048,Constraint,Residential,Gross PJ,82.922,Total energy demand,Projected
2048,Constraint,Transport,Gross PJ,136.323,Total energy demand,Projected
2048,Environmental,Commercial,Gross PJ,67.767,Total energy demand,Projected
2048,Environmental,Industrial,Gross PJ,178.563,Total energy demand,Projected
2048,Environmental,Residential,Gross PJ,85.78,Total energy demand,Projected
2048,Environmental,Transport,Gross PJ,125.031,Total energy demand,Projected
2048,Growth,Commercial,Gross PJ,81.164,Total energy demand,Projected
2048,Growth,Industrial,Gross PJ,211.368,Total energy demand,Projected
2048,Growth,Residential,Gross PJ,92.349,Total energy demand,Projected
2048,Growth,Transport,Gross PJ,141.429,Total energy demand,Projected
2048,Innovation,Commercial,Gross PJ,76.874,Total energy demand,Projected
2048,Innovation,Industrial,Gross PJ,185.615,Total energy demand,Projected
2048,Innovation,Residential,Gross PJ,85.78,Total energy demand,Projected
2048,Innovation,Transport,Gross PJ,128.267,Total energy demand,Projected
2048,Reference,Commercial,Gross PJ,68.859,Total energy demand,Projected
2048,Reference,Industrial,Gross PJ,184.784,Total energy demand,Projected
2048,Reference,Residential,Gross PJ,87.4,Total energy demand,Projected
2048,Reference,Transport,Gross PJ,139.052,Total energy demand,Projected
2049,Constraint,Commercial,Gross PJ,57.987,Total energy demand,Projected
2049,Constraint,Industrial,Gross PJ,162.095,Total energy demand,Projected
2049,Constraint,Residential,Gross PJ,82.969,Total energy demand,Projected
2049,Constraint,Transport,Gross PJ,133,Total energy demand,Projected
2049,Environmental,Commercial,Gross PJ,67.891,Total energy demand,Projected
2049,Environmental,Industrial,Gross PJ,177.506,Total energy demand,Projected
2049,Environmental,Residential,Gross PJ,86,Total energy demand,Projected
2049,Environmental,Transport,Gross PJ,121.652,Total energy demand,Projected
2049,Growth,Commercial,Gross PJ,81.653,Total energy demand,Projected
2049,Growth,Industrial,Gross PJ,211.486,Total energy demand,Projected
2049,Growth,Residential,Gross PJ,92.717,Total energy demand,Projected
2049,Growth,Transport,Gross PJ,138.16,Total energy demand,Projected
2049,Innovation,Commercial,Gross PJ,76.98,Total energy demand,Projected
2049,Innovation,Industrial,Gross PJ,184.733,Total energy demand,Projected
2049,Innovation,Residential,Gross PJ,86,Total energy demand,Projected
2049,Innovation,Transport,Gross PJ,124.867,Total energy demand,Projected
2049,Reference,Commercial,Gross PJ,68.956,Total energy demand,Projected
2049,Reference,Industrial,Gross PJ,183.88,Total energy demand,Projected
2049,Reference,Residential,Gross PJ,87.617,Total energy demand,Projected
2049,Reference,Transport,Gross PJ,135.834,Total energy demand,Projected
2050,Constraint,Commercial,Gross PJ,57.701,Total energy demand,Projected
2050,Constraint,Industrial,Gross PJ,160.368,Total energy demand,Projected
2050,Constraint,Residential,Gross PJ,83.009,Total energy demand,Projected
2050,Constraint,Transport,Gross PJ,129.891,Total energy demand,Projected
2050,Environmental,Commercial,Gross PJ,67.987,Total energy demand,Projected
2050,Environmental,Industrial,Gross PJ,176.36,Total energy demand,Projected
2050,Environmental,Residential,Gross PJ,86.218,Total energy demand,Projected
2050,Environmental,Transport,Gross PJ,118.48,Total energy demand,Projected
2050,Growth,Commercial,Gross PJ,82.084,Total energy demand,Projected
2050,Growth,Industrial,Gross PJ,211.475,Total energy demand,Projected
2050,Growth,Residential,Gross PJ,93.079,Total energy demand,Projected
2050,Growth,Transport,Gross PJ,135.085,Total energy demand,Projected
2050,Innovation,Commercial,Gross PJ,77.058,Total energy demand,Projected
2050,Innovation,Industrial,Gross PJ,183.779,Total energy demand,Projected
2050,Innovation,Residential,Gross PJ,86.218,Total energy demand,Projected
2050,Innovation,Transport,Gross PJ,121.68,Total energy demand,Projected
2050,Reference,Commercial,Gross PJ,68.998,Total energy demand,Projected
2050,Reference,Industrial,Gross PJ,182.901,Total energy demand,Projected
2050,Reference,Residential,Gross PJ,87.827,Total energy demand,Projected
2050,Reference,Transport,Gross PJ,132.826,Total energy demand,Projected
