TimePeriod,Variable,VehicleType,Unit,Scenario,Value,Status
2001,Vehicle kilometers travelled,Electric,Vehicle km,Constraint,1713901.71,Historical
2001,Vehicle kilometers travelled,Electric,Vehicle km,Environmental,1713901.71,Historical
2001,Vehicle kilometers travelled,Electric,Vehicle km,Growth,1713901.71,Historical
2001,Vehicle kilometers travelled,Electric,Vehicle km,Innovation,1713901.71,Historical
2001,Vehicle kilometers travelled,Electric,Vehicle km,Reference,1713901.71,Historical
2001,Vehicle kilometers travelled,ICE,Vehicle km,Constraint,36515507698.08,Historical
2001,Vehicle kilometers travelled,ICE,Vehicle km,Environmental,36515507698.08,Historical
2001,Vehicle kilometers travelled,ICE,Vehicle km,Growth,36515507698.08,Historical
2001,Vehicle kilometers travelled,ICE,Vehicle km,Innovation,36515507698.08,Historical
2001,Vehicle kilometers travelled,ICE,Vehicle km,Reference,36515507698.08,Historical
2001,Vehicle kilometers travelled,ICE/Hybrid,Vehicle km,Constraint,13738.27,Historical
2001,Vehicle kilometers travelled,ICE/Hybrid,Vehicle km,Environmental,13738.27,Historical
2001,Vehicle kilometers travelled,ICE/Hybrid,Vehicle km,Growth,13738.27,Historical
2001,Vehicle kilometers travelled,ICE/Hybrid,Vehicle km,Innovation,13738.27,Historical
2001,Vehicle kilometers travelled,ICE/Hybrid,Vehicle km,Reference,13738.27,Historical
2002,Vehicle kilometers travelled,Electric,Vehicle km,Constraint,1672102.68,Historical
2002,Vehicle kilometers travelled,Electric,Vehicle km,Environmental,1672102.68,Historical
2002,Vehicle kilometers travelled,Electric,Vehicle km,Growth,1672102.68,Historical
2002,Vehicle kilometers travelled,Electric,Vehicle km,Innovation,1672102.68,Historical
2002,Vehicle kilometers travelled,Electric,Vehicle km,Reference,1672102.68,Historical
2002,Vehicle kilometers travelled,ICE,Vehicle km,Constraint,37704701730.76,Historical
2002,Vehicle kilometers travelled,ICE,Vehicle km,Environmental,37704701730.76,Historical
2002,Vehicle kilometers travelled,ICE,Vehicle km,Growth,37704701730.76,Historical
2002,Vehicle kilometers travelled,ICE,Vehicle km,Innovation,37704701730.76,Historical
2002,Vehicle kilometers travelled,ICE,Vehicle km,Reference,37704701730.76,Historical
2002,Vehicle kilometers travelled,ICE/Hybrid,Vehicle km,Constraint,81897.54,Historical
2002,Vehicle kilometers travelled,ICE/Hybrid,Vehicle km,Environmental,81897.54,Historical
2002,Vehicle kilometers travelled,ICE/Hybrid,Vehicle km,Growth,81897.54,Historical
2002,Vehicle kilometers travelled,ICE/Hybrid,Vehicle km,Innovation,81897.54,Historical
2002,Vehicle kilometers travelled,ICE/Hybrid,Vehicle km,Reference,81897.54,Historical
2003,Vehicle kilometers travelled,Electric,Vehicle km,Constraint,1561043.95,Historical
2003,Vehicle kilometers travelled,Electric,Vehicle km,Environmental,1561043.95,Historical
2003,Vehicle kilometers travelled,Electric,Vehicle km,Growth,1561043.95,Historical
2003,Vehicle kilometers travelled,Electric,Vehicle km,Innovation,1561043.95,Historical
2003,Vehicle kilometers travelled,Electric,Vehicle km,Reference,1561043.95,Historical
2003,Vehicle kilometers travelled,ICE,Vehicle km,Constraint,38862041491.93,Historical
2003,Vehicle kilometers travelled,ICE,Vehicle km,Environmental,38862041491.93,Historical
2003,Vehicle kilometers travelled,ICE,Vehicle km,Growth,38862041491.93,Historical
2003,Vehicle kilometers travelled,ICE,Vehicle km,Innovation,38862041491.93,Historical
2003,Vehicle kilometers travelled,ICE,Vehicle km,Reference,38862041491.93,Historical
2003,Vehicle kilometers travelled,ICE/Hybrid,Vehicle km,Constraint,255278.16,Historical
2003,Vehicle kilometers travelled,ICE/Hybrid,Vehicle km,Environmental,255278.16,Historical
2003,Vehicle kilometers travelled,ICE/Hybrid,Vehicle km,Growth,255278.16,Historical
2003,Vehicle kilometers travelled,ICE/Hybrid,Vehicle km,Innovation,255278.16,Historical
2003,Vehicle kilometers travelled,ICE/Hybrid,Vehicle km,Reference,255278.16,Historical
2004,Vehicle kilometers travelled,Electric,Vehicle km,Constraint,1482728.88,Historical
2004,Vehicle kilometers travelled,Electric,Vehicle km,Environmental,1482728.88,Historical
2004,Vehicle kilometers travelled,Electric,Vehicle km,Growth,1482728.88,Historical
2004,Vehicle kilometers travelled,Electric,Vehicle km,Innovation,1482728.88,Historical
2004,Vehicle kilometers travelled,Electric,Vehicle km,Reference,1482728.88,Historical
2004,Vehicle kilometers travelled,ICE,Vehicle km,Constraint,39990301938.18,Historical
2004,Vehicle kilometers travelled,ICE,Vehicle km,Environmental,39990301938.18,Historical
2004,Vehicle kilometers travelled,ICE,Vehicle km,Growth,39990301938.18,Historical
2004,Vehicle kilometers travelled,ICE,Vehicle km,Innovation,39990301938.18,Historical
2004,Vehicle kilometers travelled,ICE,Vehicle km,Reference,39990301938.18,Historical
2004,Vehicle kilometers travelled,ICE/Hybrid,Vehicle km,Constraint,1844816.89,Historical
2004,Vehicle kilometers travelled,ICE/Hybrid,Vehicle km,Environmental,1844816.89,Historical
2004,Vehicle kilometers travelled,ICE/Hybrid,Vehicle km,Growth,1844816.89,Historical
2004,Vehicle kilometers travelled,ICE/Hybrid,Vehicle km,Innovation,1844816.89,Historical
2004,Vehicle kilometers travelled,ICE/Hybrid,Vehicle km,Reference,1844816.89,Historical
2005,Vehicle kilometers travelled,Electric,Vehicle km,Constraint,1622774.49,Historical
2005,Vehicle kilometers travelled,Electric,Vehicle km,Environmental,1622774.49,Historical
2005,Vehicle kilometers travelled,Electric,Vehicle km,Growth,1622774.49,Historical
2005,Vehicle kilometers travelled,Electric,Vehicle km,Innovation,1622774.49,Historical
2005,Vehicle kilometers travelled,Electric,Vehicle km,Reference,1622774.49,Historical
2005,Vehicle kilometers travelled,ICE,Vehicle km,Constraint,40378491644.42,Historical
2005,Vehicle kilometers travelled,ICE,Vehicle km,Environmental,40378491644.42,Historical
2005,Vehicle kilometers travelled,ICE,Vehicle km,Growth,40378491644.42,Historical
2005,Vehicle kilometers travelled,ICE,Vehicle km,Innovation,40378491644.42,Historical
2005,Vehicle kilometers travelled,ICE,Vehicle km,Reference,40378491644.42,Historical
2005,Vehicle kilometers travelled,ICE/Hybrid,Vehicle km,Constraint,6847014.95,Historical
2005,Vehicle kilometers travelled,ICE/Hybrid,Vehicle km,Environmental,6847014.95,Historical
2005,Vehicle kilometers travelled,ICE/Hybrid,Vehicle km,Growth,6847014.95,Historical
2005,Vehicle kilometers travelled,ICE/Hybrid,Vehicle km,Innovation,6847014.95,Historical
2005,Vehicle kilometers travelled,ICE/Hybrid,Vehicle km,Reference,6847014.95,Historical
2006,Vehicle kilometers travelled,Electric,Vehicle km,Constraint,1697453.31,Historical
2006,Vehicle kilometers travelled,Electric,Vehicle km,Environmental,1697453.31,Historical
2006,Vehicle kilometers travelled,Electric,Vehicle km,Growth,1697453.31,Historical
2006,Vehicle kilometers travelled,Electric,Vehicle km,Innovation,1697453.31,Historical
2006,Vehicle kilometers travelled,Electric,Vehicle km,Reference,1697453.31,Historical
2006,Vehicle kilometers travelled,ICE,Vehicle km,Constraint,40346606073.83,Historical
2006,Vehicle kilometers travelled,ICE,Vehicle km,Environmental,40346606073.83,Historical
2006,Vehicle kilometers travelled,ICE,Vehicle km,Growth,40346606073.83,Historical
2006,Vehicle kilometers travelled,ICE,Vehicle km,Innovation,40346606073.83,Historical
2006,Vehicle kilometers travelled,ICE,Vehicle km,Reference,40346606073.83,Historical
2006,Vehicle kilometers travelled,ICE/Hybrid,Vehicle km,Constraint,15662307.9,Historical
2006,Vehicle kilometers travelled,ICE/Hybrid,Vehicle km,Environmental,15662307.9,Historical
2006,Vehicle kilometers travelled,ICE/Hybrid,Vehicle km,Growth,15662307.9,Historical
2006,Vehicle kilometers travelled,ICE/Hybrid,Vehicle km,Innovation,15662307.9,Historical
2006,Vehicle kilometers travelled,ICE/Hybrid,Vehicle km,Reference,15662307.9,Historical
2007,Vehicle kilometers travelled,Electric,Vehicle km,Constraint,1713192.22,Historical
2007,Vehicle kilometers travelled,Electric,Vehicle km,Environmental,1713192.22,Historical
2007,Vehicle kilometers travelled,Electric,Vehicle km,Growth,1713192.22,Historical
2007,Vehicle kilometers travelled,Electric,Vehicle km,Innovation,1713192.22,Historical
2007,Vehicle kilometers travelled,Electric,Vehicle km,Reference,1713192.22,Historical
2007,Vehicle kilometers travelled,ICE,Vehicle km,Constraint,40982230930.83,Historical
2007,Vehicle kilometers travelled,ICE,Vehicle km,Environmental,40982230930.83,Historical
2007,Vehicle kilometers travelled,ICE,Vehicle km,Growth,40982230930.83,Historical
2007,Vehicle kilometers travelled,ICE,Vehicle km,Innovation,40982230930.83,Historical
2007,Vehicle kilometers travelled,ICE,Vehicle km,Reference,40982230930.83,Historical
2007,Vehicle kilometers travelled,ICE/Hybrid,Vehicle km,Constraint,26792854.31,Historical
2007,Vehicle kilometers travelled,ICE/Hybrid,Vehicle km,Environmental,26792854.31,Historical
2007,Vehicle kilometers travelled,ICE/Hybrid,Vehicle km,Growth,26792854.31,Historical
2007,Vehicle kilometers travelled,ICE/Hybrid,Vehicle km,Innovation,26792854.31,Historical
2007,Vehicle kilometers travelled,ICE/Hybrid,Vehicle km,Reference,26792854.31,Historical
2008,Vehicle kilometers travelled,Electric,Vehicle km,Constraint,1803815.54,Historical
2008,Vehicle kilometers travelled,Electric,Vehicle km,Environmental,1803815.54,Historical
2008,Vehicle kilometers travelled,Electric,Vehicle km,Growth,1803815.54,Historical
2008,Vehicle kilometers travelled,Electric,Vehicle km,Innovation,1803815.54,Historical
2008,Vehicle kilometers travelled,Electric,Vehicle km,Reference,1803815.54,Historical
2008,Vehicle kilometers travelled,ICE,Vehicle km,Constraint,40394633221.09,Historical
2008,Vehicle kilometers travelled,ICE,Vehicle km,Environmental,40394633221.09,Historical
2008,Vehicle kilometers travelled,ICE,Vehicle km,Growth,40394633221.09,Historical
2008,Vehicle kilometers travelled,ICE,Vehicle km,Innovation,40394633221.09,Historical
2008,Vehicle kilometers travelled,ICE,Vehicle km,Reference,40394633221.09,Historical
2008,Vehicle kilometers travelled,ICE/Hybrid,Vehicle km,Constraint,43823795.88,Historical
2008,Vehicle kilometers travelled,ICE/Hybrid,Vehicle km,Environmental,43823795.88,Historical
2008,Vehicle kilometers travelled,ICE/Hybrid,Vehicle km,Growth,43823795.88,Historical
2008,Vehicle kilometers travelled,ICE/Hybrid,Vehicle km,Innovation,43823795.88,Historical
2008,Vehicle kilometers travelled,ICE/Hybrid,Vehicle km,Reference,43823795.88,Historical
2009,Vehicle kilometers travelled,Electric,Vehicle km,Constraint,2201669.92,Historical
2009,Vehicle kilometers travelled,Electric,Vehicle km,Environmental,2201669.92,Historical
2009,Vehicle kilometers travelled,Electric,Vehicle km,Growth,2201669.92,Historical
2009,Vehicle kilometers travelled,Electric,Vehicle km,Innovation,2201669.92,Historical
2009,Vehicle kilometers travelled,Electric,Vehicle km,Reference,2201669.92,Historical
2009,Vehicle kilometers travelled,ICE,Vehicle km,Constraint,40345204382.27,Historical
2009,Vehicle kilometers travelled,ICE,Vehicle km,Environmental,40345204382.27,Historical
2009,Vehicle kilometers travelled,ICE,Vehicle km,Growth,40345204382.27,Historical
2009,Vehicle kilometers travelled,ICE,Vehicle km,Innovation,40345204382.27,Historical
2009,Vehicle kilometers travelled,ICE,Vehicle km,Reference,40345204382.27,Historical
2009,Vehicle kilometers travelled,ICE/Hybrid,Vehicle km,Constraint,59172228.34,Historical
2009,Vehicle kilometers travelled,ICE/Hybrid,Vehicle km,Environmental,59172228.34,Historical
2009,Vehicle kilometers travelled,ICE/Hybrid,Vehicle km,Growth,59172228.34,Historical
2009,Vehicle kilometers travelled,ICE/Hybrid,Vehicle km,Innovation,59172228.34,Historical
2009,Vehicle kilometers travelled,ICE/Hybrid,Vehicle km,Reference,59172228.34,Historical
2010,Vehicle kilometers travelled,Electric,Vehicle km,Constraint,2597002.49,Historical
2010,Vehicle kilometers travelled,Electric,Vehicle km,Environmental,2597002.49,Historical
2010,Vehicle kilometers travelled,Electric,Vehicle km,Growth,2597002.49,Historical
2010,Vehicle kilometers travelled,Electric,Vehicle km,Innovation,2597002.49,Historical
2010,Vehicle kilometers travelled,Electric,Vehicle km,Reference,2597002.49,Historical
2010,Vehicle kilometers travelled,ICE,Vehicle km,Constraint,40298357312.8,Historical
2010,Vehicle kilometers travelled,ICE,Vehicle km,Environmental,40298357312.8,Historical
2010,Vehicle kilometers travelled,ICE,Vehicle km,Growth,40298357312.8,Historical
2010,Vehicle kilometers travelled,ICE,Vehicle km,Innovation,40298357312.8,Historical
2010,Vehicle kilometers travelled,ICE,Vehicle km,Reference,40298357312.8,Historical
2010,Vehicle kilometers travelled,ICE/Hybrid,Vehicle km,Constraint,79795157.15,Historical
2010,Vehicle kilometers travelled,ICE/Hybrid,Vehicle km,Environmental,79795157.15,Historical
2010,Vehicle kilometers travelled,ICE/Hybrid,Vehicle km,Growth,79795157.15,Historical
2010,Vehicle kilometers travelled,ICE/Hybrid,Vehicle km,Innovation,79795157.15,Historical
2010,Vehicle kilometers travelled,ICE/Hybrid,Vehicle km,Reference,79795157.15,Historical
2011,Vehicle kilometers travelled,Electric,Vehicle km,Constraint,2559850.95,Historical
2011,Vehicle kilometers travelled,Electric,Vehicle km,Environmental,2559850.95,Historical
2011,Vehicle kilometers travelled,Electric,Vehicle km,Growth,2559850.95,Historical
2011,Vehicle kilometers travelled,Electric,Vehicle km,Innovation,2559850.95,Historical
2011,Vehicle kilometers travelled,Electric,Vehicle km,Reference,2559850.95,Historical
2011,Vehicle kilometers travelled,ICE,Vehicle km,Constraint,39807670110.92,Historical
2011,Vehicle kilometers travelled,ICE,Vehicle km,Environmental,39807670110.92,Historical
2011,Vehicle kilometers travelled,ICE,Vehicle km,Growth,39807670110.92,Historical
2011,Vehicle kilometers travelled,ICE,Vehicle km,Innovation,39807670110.92,Historical
2011,Vehicle kilometers travelled,ICE,Vehicle km,Reference,39807670110.92,Historical
2011,Vehicle kilometers travelled,ICE/Hybrid,Vehicle km,Constraint,109325120.44,Historical
2011,Vehicle kilometers travelled,ICE/Hybrid,Vehicle km,Environmental,109325120.44,Historical
2011,Vehicle kilometers travelled,ICE/Hybrid,Vehicle km,Growth,109325120.44,Historical
2011,Vehicle kilometers travelled,ICE/Hybrid,Vehicle km,Innovation,109325120.44,Historical
2011,Vehicle kilometers travelled,ICE/Hybrid,Vehicle km,Reference,109325120.44,Historical
2012,Vehicle kilometers travelled,Electric,Vehicle km,Constraint,2376361.83,Historical
2012,Vehicle kilometers travelled,Electric,Vehicle km,Environmental,2376361.83,Historical
2012,Vehicle kilometers travelled,Electric,Vehicle km,Growth,2376361.83,Historical
2012,Vehicle kilometers travelled,Electric,Vehicle km,Innovation,2376361.83,Historical
2012,Vehicle kilometers travelled,Electric,Vehicle km,Reference,2376361.83,Historical
2012,Vehicle kilometers travelled,ICE,Vehicle km,Constraint,39846212683.19,Historical
2012,Vehicle kilometers travelled,ICE,Vehicle km,Environmental,39846212683.19,Historical
2012,Vehicle kilometers travelled,ICE,Vehicle km,Growth,39846212683.19,Historical
2012,Vehicle kilometers travelled,ICE,Vehicle km,Innovation,39846212683.19,Historical
2012,Vehicle kilometers travelled,ICE,Vehicle km,Reference,39846212683.19,Historical
2012,Vehicle kilometers travelled,ICE/Hybrid,Vehicle km,Constraint,140780893.94,Historical
2012,Vehicle kilometers travelled,ICE/Hybrid,Vehicle km,Environmental,140780893.94,Historical
2012,Vehicle kilometers travelled,ICE/Hybrid,Vehicle km,Growth,140780893.94,Historical
2012,Vehicle kilometers travelled,ICE/Hybrid,Vehicle km,Innovation,140780893.94,Historical
2012,Vehicle kilometers travelled,ICE/Hybrid,Vehicle km,Reference,140780893.94,Historical
2012,Vehicle kilometers travelled,PHEV,Vehicle km,Constraint,8743.35,Historical
2012,Vehicle kilometers travelled,PHEV,Vehicle km,Environmental,8743.35,Historical
2012,Vehicle kilometers travelled,PHEV,Vehicle km,Growth,8743.35,Historical
2012,Vehicle kilometers travelled,PHEV,Vehicle km,Innovation,8743.35,Historical
2012,Vehicle kilometers travelled,PHEV,Vehicle km,Reference,8743.35,Historical
2013,Vehicle kilometers travelled,Electric,Vehicle km,Constraint,2470540.65,Historical
2013,Vehicle kilometers travelled,Electric,Vehicle km,Environmental,2470540.65,Historical
2013,Vehicle kilometers travelled,Electric,Vehicle km,Growth,2470540.65,Historical
2013,Vehicle kilometers travelled,Electric,Vehicle km,Innovation,2470540.65,Historical
2013,Vehicle kilometers travelled,Electric,Vehicle km,Reference,2470540.65,Historical
2013,Vehicle kilometers travelled,ICE,Vehicle km,Constraint,40426754162.02,Historical
2013,Vehicle kilometers travelled,ICE,Vehicle km,Environmental,40426754162.02,Historical
2013,Vehicle kilometers travelled,ICE,Vehicle km,Growth,40426754162.02,Historical
2013,Vehicle kilometers travelled,ICE,Vehicle km,Innovation,40426754162.02,Historical
2013,Vehicle kilometers travelled,ICE,Vehicle km,Reference,40426754162.02,Historical
2013,Vehicle kilometers travelled,ICE/Hybrid,Vehicle km,Constraint,178810828.88,Historical
2013,Vehicle kilometers travelled,ICE/Hybrid,Vehicle km,Environmental,178810828.88,Historical
2013,Vehicle kilometers travelled,ICE/Hybrid,Vehicle km,Growth,178810828.88,Historical
2013,Vehicle kilometers travelled,ICE/Hybrid,Vehicle km,Innovation,178810828.88,Historical
2013,Vehicle kilometers travelled,ICE/Hybrid,Vehicle km,Reference,178810828.88,Historical
2013,Vehicle kilometers travelled,PHEV,Vehicle km,Constraint,72366.28,Historical
2013,Vehicle kilometers travelled,PHEV,Vehicle km,Environmental,72366.28,Historical
2013,Vehicle kilometers travelled,PHEV,Vehicle km,Growth,72366.28,Historical
2013,Vehicle kilometers travelled,PHEV,Vehicle km,Innovation,72366.28,Historical
2013,Vehicle kilometers travelled,PHEV,Vehicle km,Reference,72366.28,Historical
2014,Vehicle kilometers travelled,Electric,Vehicle km,Constraint,3067491.89,Historical
2014,Vehicle kilometers travelled,Electric,Vehicle km,Environmental,3067491.89,Historical
2014,Vehicle kilometers travelled,Electric,Vehicle km,Growth,3067491.89,Historical
2014,Vehicle kilometers travelled,Electric,Vehicle km,Innovation,3067491.89,Historical
2014,Vehicle kilometers travelled,Electric,Vehicle km,Reference,3067491.89,Historical
2014,Vehicle kilometers travelled,ICE,Vehicle km,Constraint,41403135860.89,Historical
2014,Vehicle kilometers travelled,ICE,Vehicle km,Environmental,41403135860.89,Historical
2014,Vehicle kilometers travelled,ICE,Vehicle km,Growth,41403135860.89,Historical
2014,Vehicle kilometers travelled,ICE,Vehicle km,Innovation,41403135860.89,Historical
2014,Vehicle kilometers travelled,ICE,Vehicle km,Reference,41403135860.89,Historical
2014,Vehicle kilometers travelled,ICE/Hybrid,Vehicle km,Constraint,224854087.46,Historical
2014,Vehicle kilometers travelled,ICE/Hybrid,Vehicle km,Environmental,224854087.46,Historical
2014,Vehicle kilometers travelled,ICE/Hybrid,Vehicle km,Growth,224854087.46,Historical
2014,Vehicle kilometers travelled,ICE/Hybrid,Vehicle km,Innovation,224854087.46,Historical
2014,Vehicle kilometers travelled,ICE/Hybrid,Vehicle km,Reference,224854087.46,Historical
2014,Vehicle kilometers travelled,PHEV,Vehicle km,Constraint,1640461.86,Historical
2014,Vehicle kilometers travelled,PHEV,Vehicle km,Environmental,1640461.86,Historical
2014,Vehicle kilometers travelled,PHEV,Vehicle km,Growth,1640461.86,Historical
2014,Vehicle kilometers travelled,PHEV,Vehicle km,Innovation,1640461.86,Historical
2014,Vehicle kilometers travelled,PHEV,Vehicle km,Reference,1640461.86,Historical
2015,Vehicle kilometers travelled,Electric,Vehicle km,Constraint,4977958.15,Historical
2015,Vehicle kilometers travelled,Electric,Vehicle km,Environmental,4977958.15,Historical
2015,Vehicle kilometers travelled,Electric,Vehicle km,Growth,4977958.15,Historical
2015,Vehicle kilometers travelled,Electric,Vehicle km,Innovation,4977958.15,Historical
2015,Vehicle kilometers travelled,Electric,Vehicle km,Reference,4977958.15,Historical
2015,Vehicle kilometers travelled,ICE,Vehicle km,Constraint,42863401248.33,Historical
2015,Vehicle kilometers travelled,ICE,Vehicle km,Environmental,42863401248.33,Historical
2015,Vehicle kilometers travelled,ICE,Vehicle km,Growth,42863401248.33,Historical
2015,Vehicle kilometers travelled,ICE,Vehicle km,Innovation,42863401248.33,Historical
2015,Vehicle kilometers travelled,ICE,Vehicle km,Reference,42863401248.33,Historical
2015,Vehicle kilometers travelled,ICE/Hybrid,Vehicle km,Constraint,275672075.67,Historical
2015,Vehicle kilometers travelled,ICE/Hybrid,Vehicle km,Environmental,275672075.67,Historical
2015,Vehicle kilometers travelled,ICE/Hybrid,Vehicle km,Growth,275672075.67,Historical
2015,Vehicle kilometers travelled,ICE/Hybrid,Vehicle km,Innovation,275672075.67,Historical
2015,Vehicle kilometers travelled,ICE/Hybrid,Vehicle km,Reference,275672075.67,Historical
2015,Vehicle kilometers travelled,PHEV,Vehicle km,Constraint,5270798.04,Historical
2015,Vehicle kilometers travelled,PHEV,Vehicle km,Environmental,5270798.04,Historical
2015,Vehicle kilometers travelled,PHEV,Vehicle km,Growth,5270798.04,Historical
2015,Vehicle kilometers travelled,PHEV,Vehicle km,Innovation,5270798.04,Historical
2015,Vehicle kilometers travelled,PHEV,Vehicle km,Reference,5270798.04,Historical
2016,Vehicle kilometers travelled,Electric,Vehicle km,Constraint,10987008.94,Historical
2016,Vehicle kilometers travelled,Electric,Vehicle km,Environmental,10987008.94,Historical
2016,Vehicle kilometers travelled,Electric,Vehicle km,Growth,10987008.94,Historical
2016,Vehicle kilometers travelled,Electric,Vehicle km,Innovation,10987008.94,Historical
2016,Vehicle kilometers travelled,Electric,Vehicle km,Reference,10987008.94,Historical
2016,Vehicle kilometers travelled,ICE,Vehicle km,Constraint,44770094636.47,Historical
2016,Vehicle kilometers travelled,ICE,Vehicle km,Environmental,44770094636.47,Historical
2016,Vehicle kilometers travelled,ICE,Vehicle km,Growth,44770094636.47,Historical
2016,Vehicle kilometers travelled,ICE,Vehicle km,Innovation,44770094636.47,Historical
2016,Vehicle kilometers travelled,ICE,Vehicle km,Reference,44770094636.47,Historical
2016,Vehicle kilometers travelled,ICE/Hybrid,Vehicle km,Constraint,352488679.84,Historical
2016,Vehicle kilometers travelled,ICE/Hybrid,Vehicle km,Environmental,352488679.84,Historical
2016,Vehicle kilometers travelled,ICE/Hybrid,Vehicle km,Growth,352488679.84,Historical
2016,Vehicle kilometers travelled,ICE/Hybrid,Vehicle km,Innovation,352488679.84,Historical
2016,Vehicle kilometers travelled,ICE/Hybrid,Vehicle km,Reference,352488679.84,Historical
2016,Vehicle kilometers travelled,PHEV,Vehicle km,Constraint,9662165.24,Historical
2016,Vehicle kilometers travelled,PHEV,Vehicle km,Environmental,9662165.24,Historical
2016,Vehicle kilometers travelled,PHEV,Vehicle km,Growth,9662165.24,Historical
2016,Vehicle kilometers travelled,PHEV,Vehicle km,Innovation,9662165.24,Historical
2016,Vehicle kilometers travelled,PHEV,Vehicle km,Reference,9662165.24,Historical
2017,Vehicle kilometers travelled,Electric,Vehicle km,Constraint,32358605.52,Historical
2017,Vehicle kilometers travelled,Electric,Vehicle km,Environmental,32358605.52,Historical
2017,Vehicle kilometers travelled,Electric,Vehicle km,Growth,32358605.52,Historical
2017,Vehicle kilometers travelled,Electric,Vehicle km,Innovation,32358605.52,Historical
2017,Vehicle kilometers travelled,Electric,Vehicle km,Reference,32358605.52,Historical
2017,Vehicle kilometers travelled,ICE,Vehicle km,Constraint,46195617160.87,Historical
2017,Vehicle kilometers travelled,ICE,Vehicle km,Environmental,46195617160.87,Historical
2017,Vehicle kilometers travelled,ICE,Vehicle km,Growth,46195617160.87,Historical
2017,Vehicle kilometers travelled,ICE,Vehicle km,Innovation,46195617160.87,Historical
2017,Vehicle kilometers travelled,ICE,Vehicle km,Reference,46195617160.87,Historical
2017,Vehicle kilometers travelled,ICE/Hybrid,Vehicle km,Constraint,467667741.89,Historical
2017,Vehicle kilometers travelled,ICE/Hybrid,Vehicle km,Environmental,467667741.89,Historical
2017,Vehicle kilometers travelled,ICE/Hybrid,Vehicle km,Growth,467667741.89,Historical
2017,Vehicle kilometers travelled,ICE/Hybrid,Vehicle km,Innovation,467667741.89,Historical
2017,Vehicle kilometers travelled,ICE/Hybrid,Vehicle km,Reference,467667741.89,Historical
2017,Vehicle kilometers travelled,PHEV,Vehicle km,Constraint,17579614.78,Historical
2017,Vehicle kilometers travelled,PHEV,Vehicle km,Environmental,17579614.78,Historical
2017,Vehicle kilometers travelled,PHEV,Vehicle km,Growth,17579614.78,Historical
2017,Vehicle kilometers travelled,PHEV,Vehicle km,Innovation,17579614.78,Historical
2017,Vehicle kilometers travelled,PHEV,Vehicle km,Reference,17579614.78,Historical
2018,Vehicle kilometers travelled,Electric,Vehicle km,Constraint,78994436.29,Historical
2018,Vehicle kilometers travelled,Electric,Vehicle km,Environmental,78994436.29,Historical
2018,Vehicle kilometers travelled,Electric,Vehicle km,Growth,78994436.29,Historical
2018,Vehicle kilometers travelled,Electric,Vehicle km,Innovation,78994436.29,Historical
2018,Vehicle kilometers travelled,Electric,Vehicle km,Reference,78994436.29,Historical
2018,Vehicle kilometers travelled,ICE,Vehicle km,Constraint,47169468208.58,Historical
2018,Vehicle kilometers travelled,ICE,Vehicle km,Environmental,47169468208.58,Historical
2018,Vehicle kilometers travelled,ICE,Vehicle km,Growth,47169468208.58,Historical
2018,Vehicle kilometers travelled,ICE,Vehicle km,Innovation,47169468208.58,Historical
2018,Vehicle kilometers travelled,ICE,Vehicle km,Reference,47169468208.58,Historical
2018,Vehicle kilometers travelled,ICE/Hybrid,Vehicle km,Constraint,623334081.81,Historical
2018,Vehicle kilometers travelled,ICE/Hybrid,Vehicle km,Environmental,623334081.81,Historical
2018,Vehicle kilometers travelled,ICE/Hybrid,Vehicle km,Growth,623334081.81,Historical
2018,Vehicle kilometers travelled,ICE/Hybrid,Vehicle km,Innovation,623334081.81,Historical
2018,Vehicle kilometers travelled,ICE/Hybrid,Vehicle km,Reference,623334081.81,Historical
2018,Vehicle kilometers travelled,PHEV,Vehicle km,Constraint,32361432.88,Historical
2018,Vehicle kilometers travelled,PHEV,Vehicle km,Environmental,32361432.88,Historical
2018,Vehicle kilometers travelled,PHEV,Vehicle km,Growth,32361432.88,Historical
2018,Vehicle kilometers travelled,PHEV,Vehicle km,Innovation,32361432.88,Historical
2018,Vehicle kilometers travelled,PHEV,Vehicle km,Reference,32361432.88,Historical
2019,Vehicle kilometers travelled,Electric,Vehicle km,Constraint,136174794.87,Historical
2019,Vehicle kilometers travelled,Electric,Vehicle km,Environmental,136174794.87,Historical
2019,Vehicle kilometers travelled,Electric,Vehicle km,Growth,136174794.87,Historical
2019,Vehicle kilometers travelled,Electric,Vehicle km,Innovation,136174794.87,Historical
2019,Vehicle kilometers travelled,Electric,Vehicle km,Reference,136174794.87,Historical
2019,Vehicle kilometers travelled,ICE,Vehicle km,Constraint,46501221390.22,Historical
2019,Vehicle kilometers travelled,ICE,Vehicle km,Environmental,46501221390.22,Historical
2019,Vehicle kilometers travelled,ICE,Vehicle km,Growth,46501221390.22,Historical
2019,Vehicle kilometers travelled,ICE,Vehicle km,Innovation,46501221390.22,Historical
2019,Vehicle kilometers travelled,ICE,Vehicle km,Reference,46501221390.22,Historical
2019,Vehicle kilometers travelled,ICE/Hybrid,Vehicle km,Constraint,828052319.49,Historical
2019,Vehicle kilometers travelled,ICE/Hybrid,Vehicle km,Environmental,828052319.49,Historical
2019,Vehicle kilometers travelled,ICE/Hybrid,Vehicle km,Growth,828052319.49,Historical
2019,Vehicle kilometers travelled,ICE/Hybrid,Vehicle km,Innovation,828052319.49,Historical
2019,Vehicle kilometers travelled,ICE/Hybrid,Vehicle km,Reference,828052319.49,Historical
2019,Vehicle kilometers travelled,PHEV,Vehicle km,Constraint,51683395.75,Historical
2019,Vehicle kilometers travelled,PHEV,Vehicle km,Environmental,51683395.75,Historical
2019,Vehicle kilometers travelled,PHEV,Vehicle km,Growth,51683395.75,Historical
2019,Vehicle kilometers travelled,PHEV,Vehicle km,Innovation,51683395.75,Historical
2019,Vehicle kilometers travelled,PHEV,Vehicle km,Reference,51683395.75,Historical
2020,Vehicle kilometers travelled,Electric,Vehicle km,Constraint,181875725.81,Historical
2020,Vehicle kilometers travelled,Electric,Vehicle km,Environmental,181875725.81,Historical
2020,Vehicle kilometers travelled,Electric,Vehicle km,Growth,181875725.81,Historical
2020,Vehicle kilometers travelled,Electric,Vehicle km,Innovation,181875725.81,Historical
2020,Vehicle kilometers travelled,Electric,Vehicle km,Reference,181875725.81,Historical
2020,Vehicle kilometers travelled,ICE,Vehicle km,Constraint,44535482996.04,Historical
2020,Vehicle kilometers travelled,ICE,Vehicle km,Environmental,44535482996.04,Historical
2020,Vehicle kilometers travelled,ICE,Vehicle km,Growth,44535482996.04,Historical
2020,Vehicle kilometers travelled,ICE,Vehicle km,Innovation,44535482996.04,Historical
2020,Vehicle kilometers travelled,ICE,Vehicle km,Reference,44535482996.04,Historical
2020,Vehicle kilometers travelled,ICE/Hybrid,Vehicle km,Constraint,1019746221.03,Historical
2020,Vehicle kilometers travelled,ICE/Hybrid,Vehicle km,Environmental,1019746221.03,Historical
2020,Vehicle kilometers travelled,ICE/Hybrid,Vehicle km,Growth,1019746221.03,Historical
2020,Vehicle kilometers travelled,ICE/Hybrid,Vehicle km,Innovation,1019746221.03,Historical
2020,Vehicle kilometers travelled,ICE/Hybrid,Vehicle km,Reference,1019746221.03,Historical
2020,Vehicle kilometers travelled,PHEV,Vehicle km,Constraint,71621623.17,Historical
2020,Vehicle kilometers travelled,PHEV,Vehicle km,Environmental,71621623.17,Historical
2020,Vehicle kilometers travelled,PHEV,Vehicle km,Growth,71621623.17,Historical
2020,Vehicle kilometers travelled,PHEV,Vehicle km,Innovation,71621623.17,Historical
2020,Vehicle kilometers travelled,PHEV,Vehicle km,Reference,71621623.17,Historical
2021,Vehicle kilometers travelled,Electric,Vehicle km,Constraint,259656096.19,Historical
2021,Vehicle kilometers travelled,Electric,Vehicle km,Environmental,259656096.19,Historical
2021,Vehicle kilometers travelled,Electric,Vehicle km,Growth,259656096.19,Historical
2021,Vehicle kilometers travelled,Electric,Vehicle km,Innovation,259656096.19,Historical
2021,Vehicle kilometers travelled,Electric,Vehicle km,Reference,259656096.19,Historical
2021,Vehicle kilometers travelled,ICE,Vehicle km,Constraint,44658648497.41,Historical
2021,Vehicle kilometers travelled,ICE,Vehicle km,Environmental,44658648497.41,Historical
2021,Vehicle kilometers travelled,ICE,Vehicle km,Growth,44658648497.41,Historical
2021,Vehicle kilometers travelled,ICE,Vehicle km,Innovation,44658648497.41,Historical
2021,Vehicle kilometers travelled,ICE,Vehicle km,Reference,44658648497.41,Historical
2021,Vehicle kilometers travelled,ICE/Hybrid,Vehicle km,Constraint,1432971012.07,Historical
2021,Vehicle kilometers travelled,ICE/Hybrid,Vehicle km,Environmental,1432971012.07,Historical
2021,Vehicle kilometers travelled,ICE/Hybrid,Vehicle km,Growth,1432971012.07,Historical
2021,Vehicle kilometers travelled,ICE/Hybrid,Vehicle km,Innovation,1432971012.07,Historical
2021,Vehicle kilometers travelled,ICE/Hybrid,Vehicle km,Reference,1432971012.07,Historical
2021,Vehicle kilometers travelled,PHEV,Vehicle km,Constraint,101939589.64,Historical
2021,Vehicle kilometers travelled,PHEV,Vehicle km,Environmental,101939589.64,Historical
2021,Vehicle kilometers travelled,PHEV,Vehicle km,Growth,101939589.64,Historical
2021,Vehicle kilometers travelled,PHEV,Vehicle km,Innovation,101939589.64,Historical
2021,Vehicle kilometers travelled,PHEV,Vehicle km,Reference,101939589.64,Historical
2022,Vehicle kilometers travelled,Electric,Vehicle km,Constraint,493272644.458,Historical
2022,Vehicle kilometers travelled,Electric,Vehicle km,Environmental,493364121.455,Historical
2022,Vehicle kilometers travelled,Electric,Vehicle km,Growth,498032759.919,Historical
2022,Vehicle kilometers travelled,Electric,Vehicle km,Innovation,495593011.25,Historical
2022,Vehicle kilometers travelled,Electric,Vehicle km,Reference,495593011.25,Historical
2022,Vehicle kilometers travelled,ICE,Vehicle km,Constraint,44244481440.793,Historical
2022,Vehicle kilometers travelled,ICE,Vehicle km,Environmental,44246952428.192,Historical
2022,Vehicle kilometers travelled,ICE,Vehicle km,Growth,44548986774.875,Historical
2022,Vehicle kilometers travelled,ICE,Vehicle km,Innovation,44392915669.13,Historical
2022,Vehicle kilometers travelled,ICE,Vehicle km,Reference,44392915669.13,Historical
2022,Vehicle kilometers travelled,ICE/Hybrid,Vehicle km,Constraint,2038716965.9,Historical
2022,Vehicle kilometers travelled,ICE/Hybrid,Vehicle km,Environmental,2038716968.416,Historical
2022,Vehicle kilometers travelled,ICE/Hybrid,Vehicle km,Growth,2058764578.072,Historical
2022,Vehicle kilometers travelled,ICE/Hybrid,Vehicle km,Innovation,2048489378.76,Historical
2022,Vehicle kilometers travelled,ICE/Hybrid,Vehicle km,Reference,2048489378.76,Historical
2022,Vehicle kilometers travelled,PHEV,Vehicle km,Constraint,208173977.856,Historical
2022,Vehicle kilometers travelled,PHEV,Vehicle km,Environmental,208174071.722,Historical
2022,Vehicle kilometers travelled,PHEV,Vehicle km,Growth,210218442.332,Historical
2022,Vehicle kilometers travelled,PHEV,Vehicle km,Innovation,209170572.9,Historical
2022,Vehicle kilometers travelled,PHEV,Vehicle km,Reference,209170572.9,Historical
2023,Vehicle kilometers travelled,Electric,Vehicle km,Constraint,690784509.669,Historical
2023,Vehicle kilometers travelled,Electric,Vehicle km,Environmental,733727608.204,Historical
2023,Vehicle kilometers travelled,Electric,Vehicle km,Growth,744659023.837,Historical
2023,Vehicle kilometers travelled,Electric,Vehicle km,Innovation,738893891.74,Historical
2023,Vehicle kilometers travelled,Electric,Vehicle km,Reference,718311386.8,Historical
2023,Vehicle kilometers travelled,ICE,Vehicle km,Constraint,44090226740.026,Historical
2023,Vehicle kilometers travelled,ICE,Vehicle km,Environmental,43907070427.901,Historical
2023,Vehicle kilometers travelled,ICE,Vehicle km,Growth,44379077628.124,Historical
2023,Vehicle kilometers travelled,ICE,Vehicle km,Innovation,44133094079.04,Historical
2023,Vehicle kilometers travelled,ICE,Vehicle km,Reference,44228813237.45,Historical
2023,Vehicle kilometers travelled,ICE/Hybrid,Vehicle km,Constraint,2513136569.635,Historical
2023,Vehicle kilometers travelled,ICE/Hybrid,Vehicle km,Environmental,2616620754.931,Historical
2023,Vehicle kilometers travelled,ICE/Hybrid,Vehicle km,Growth,2657941017.09,Historical
2023,Vehicle kilometers travelled,ICE/Hybrid,Vehicle km,Innovation,2636587967.87,Historical
2023,Vehicle kilometers travelled,ICE/Hybrid,Vehicle km,Reference,2585041868.59,Historical
2023,Vehicle kilometers travelled,PHEV,Vehicle km,Constraint,298241178.757,Historical
2023,Vehicle kilometers travelled,PHEV,Vehicle km,Environmental,319330288.129,Historical
2023,Vehicle kilometers travelled,PHEV,Vehicle km,Growth,324356130.295,Historical
2023,Vehicle kilometers travelled,PHEV,Vehicle km,Innovation,321758523.68,Historical
2023,Vehicle kilometers travelled,PHEV,Vehicle km,Reference,310433255.26,Historical
2024,Vehicle kilometers travelled,Electric,Vehicle km,Constraint,921504870.512,Projected
2024,Vehicle kilometers travelled,Electric,Vehicle km,Environmental,1052074403.195,Projected
2024,Vehicle kilometers travelled,Electric,Vehicle km,Growth,1078369555.427,Projected
2024,Vehicle kilometers travelled,Electric,Vehicle km,Innovation,1064747424.12,Projected
2024,Vehicle kilometers travelled,Electric,Vehicle km,Reference,994622267.96,Projected
2024,Vehicle kilometers travelled,ICE,Vehicle km,Constraint,43684593145.713,Projected
2024,Vehicle kilometers travelled,ICE,Vehicle km,Environmental,43271303908.639,Projected
2024,Vehicle kilometers travelled,ICE,Vehicle km,Growth,44042788779.677,Projected
2024,Vehicle kilometers travelled,ICE,Vehicle km,Innovation,43647391328.89,Projected
2024,Vehicle kilometers travelled,ICE,Vehicle km,Reference,43871778883.73,Projected
2024,Vehicle kilometers travelled,ICE/Hybrid,Vehicle km,Constraint,3206381422.543,Projected
2024,Vehicle kilometers travelled,ICE/Hybrid,Vehicle km,Environmental,3389163264.167,Projected
2024,Vehicle kilometers travelled,ICE/Hybrid,Vehicle km,Growth,3479183386.194,Projected
2024,Vehicle kilometers travelled,ICE/Hybrid,Vehicle km,Innovation,3433443468.64,Projected
2024,Vehicle kilometers travelled,ICE/Hybrid,Vehicle km,Reference,3339721220.4,Projected
2024,Vehicle kilometers travelled,PHEV,Vehicle km,Constraint,400657012.199,Projected
2024,Vehicle kilometers travelled,PHEV,Vehicle km,Environmental,466153936.337,Projected
2024,Vehicle kilometers travelled,PHEV,Vehicle km,Growth,478466810.905,Projected
2024,Vehicle kilometers travelled,PHEV,Vehicle km,Innovation,472209898.66,Projected
2024,Vehicle kilometers travelled,PHEV,Vehicle km,Reference,436284627.79,Projected
2025,Vehicle kilometers travelled,Electric,Vehicle km,Constraint,1161870824.619,Projected
2025,Vehicle kilometers travelled,Electric,Vehicle km,Environmental,1458935098.467,Projected
2025,Vehicle kilometers travelled,Electric,Vehicle km,Growth,1509668941.584,Projected
2025,Vehicle kilometers travelled,Electric,Vehicle km,Innovation,1483421710.23,Projected
2025,Vehicle kilometers travelled,Electric,Vehicle km,Reference,1305352918.78,Projected
2025,Vehicle kilometers travelled,ICE,Vehicle km,Constraint,43260218737.666,Projected
2025,Vehicle kilometers travelled,ICE,Vehicle km,Environmental,42620281738.329,Projected
2025,Vehicle kilometers travelled,ICE,Vehicle km,Growth,43669045003.904,Projected
2025,Vehicle kilometers travelled,ICE,Vehicle km,Innovation,43131439276.39,Projected
2025,Vehicle kilometers travelled,ICE,Vehicle km,Reference,43499374247.9,Projected
2025,Vehicle kilometers travelled,ICE/Hybrid,Vehicle km,Constraint,3810735303.576,Projected
2025,Vehicle kilometers travelled,ICE/Hybrid,Vehicle km,Environmental,3977680422.46,Projected
2025,Vehicle kilometers travelled,ICE/Hybrid,Vehicle km,Growth,4125488849.868,Projected
2025,Vehicle kilometers travelled,ICE/Hybrid,Vehicle km,Innovation,4050387632.44,Projected
2025,Vehicle kilometers travelled,ICE/Hybrid,Vehicle km,Reference,3965646496.13,Projected
2025,Vehicle kilometers travelled,PHEV,Vehicle km,Constraint,484200100.636,Projected
2025,Vehicle kilometers travelled,PHEV,Vehicle km,Environmental,615962458.032,Projected
2025,Vehicle kilometers travelled,PHEV,Vehicle km,Growth,638674838.432,Projected
2025,Vehicle kilometers travelled,PHEV,Vehicle km,Innovation,627133757.4,Projected
2025,Vehicle kilometers travelled,PHEV,Vehicle km,Reference,554846743.38,Projected
2026,Vehicle kilometers travelled,Electric,Vehicle km,Constraint,1409294642.993,Projected
2026,Vehicle kilometers travelled,Electric,Vehicle km,Environmental,1959132345.034,Projected
2026,Vehicle kilometers travelled,Electric,Vehicle km,Growth,2042970415.39,Projected
2026,Vehicle kilometers travelled,Electric,Vehicle km,Innovation,1999757849.08,Projected
2026,Vehicle kilometers travelled,Electric,Vehicle km,Reference,1661490463.52,Projected
2026,Vehicle kilometers travelled,ICE,Vehicle km,Constraint,42795984728.405,Projected
2026,Vehicle kilometers travelled,ICE,Vehicle km,Environmental,41938703177.974,Projected
2026,Vehicle kilometers travelled,ICE,Vehicle km,Growth,43202070771.274,Projected
2026,Vehicle kilometers travelled,ICE,Vehicle km,Innovation,42555915983.05,Projected
2026,Vehicle kilometers travelled,ICE,Vehicle km,Reference,43077002186.89,Projected
2026,Vehicle kilometers travelled,ICE/Hybrid,Vehicle km,Constraint,4390225158.168,Projected
2026,Vehicle kilometers travelled,ICE/Hybrid,Vehicle km,Environmental,4446595058.787,Projected
2026,Vehicle kilometers travelled,ICE/Hybrid,Vehicle km,Growth,4651548450.717,Projected
2026,Vehicle kilometers travelled,ICE/Hybrid,Vehicle km,Innovation,4547668042.28,Projected
2026,Vehicle kilometers travelled,ICE/Hybrid,Vehicle km,Reference,4512800936.92,Projected
2026,Vehicle kilometers travelled,PHEV,Vehicle km,Constraint,554316957.721,Projected
2026,Vehicle kilometers travelled,PHEV,Vehicle km,Environmental,753421758.104,Projected
2026,Vehicle kilometers travelled,PHEV,Vehicle km,Growth,787819690.621,Projected
2026,Vehicle kilometers travelled,PHEV,Vehicle km,Innovation,770383988.94,Projected
2026,Vehicle kilometers travelled,PHEV,Vehicle km,Reference,662573023.12,Projected
2027,Vehicle kilometers travelled,Electric,Vehicle km,Constraint,1650834614.109,Projected
2027,Vehicle kilometers travelled,Electric,Vehicle km,Environmental,2514831686.107,Projected
2027,Vehicle kilometers travelled,Electric,Vehicle km,Growth,2641583778.034,Projected
2027,Vehicle kilometers travelled,Electric,Vehicle km,Innovation,2576022227.82,Projected
2027,Vehicle kilometers travelled,Electric,Vehicle km,Reference,2045789624.54,Projected
2027,Vehicle kilometers travelled,ICE,Vehicle km,Constraint,42275648701.98,Projected
2027,Vehicle kilometers travelled,ICE,Vehicle km,Environmental,41308290019.4,Projected
2027,Vehicle kilometers travelled,ICE,Vehicle km,Growth,42807727212.944,Projected
2027,Vehicle kilometers travelled,ICE,Vehicle km,Innovation,42017966595.49,Projected
2027,Vehicle kilometers travelled,ICE,Vehicle km,Reference,42686968040.35,Projected
2027,Vehicle kilometers travelled,ICE/Hybrid,Vehicle km,Constraint,4928453841.018,Projected
2027,Vehicle kilometers travelled,ICE/Hybrid,Vehicle km,Environmental,4767559241.705,Projected
2027,Vehicle kilometers travelled,ICE/Hybrid,Vehicle km,Growth,5027272553.29,Projected
2027,Vehicle kilometers travelled,ICE/Hybrid,Vehicle km,Innovation,4895555111.82,Projected
2027,Vehicle kilometers travelled,ICE/Hybrid,Vehicle km,Reference,4948151938.28,Projected
2027,Vehicle kilometers travelled,PHEV,Vehicle km,Constraint,619185558.381,Projected
2027,Vehicle kilometers travelled,PHEV,Vehicle km,Environmental,883169383.367,Projected
2027,Vehicle kilometers travelled,PHEV,Vehicle km,Growth,930796807.473,Projected
2027,Vehicle kilometers travelled,PHEV,Vehicle km,Innovation,906625824.99,Projected
2027,Vehicle kilometers travelled,PHEV,Vehicle km,Reference,761270043.79,Projected
2028,Vehicle kilometers travelled,Electric,Vehicle km,Constraint,1918655726.339,Projected
2028,Vehicle kilometers travelled,Electric,Vehicle km,Environmental,3130077694.54,Projected
2028,Vehicle kilometers travelled,Electric,Vehicle km,Growth,3311706667.7,Projected
2028,Vehicle kilometers travelled,Electric,Vehicle km,Innovation,3217085778.88,Projected
2028,Vehicle kilometers travelled,Electric,Vehicle km,Reference,2486143688.88,Projected
2028,Vehicle kilometers travelled,ICE,Vehicle km,Constraint,41647673651.499,Projected
2028,Vehicle kilometers travelled,ICE,Vehicle km,Environmental,40628561425.322,Projected
2028,Vehicle kilometers travelled,ICE,Vehicle km,Growth,42394143290.504,Projected
2028,Vehicle kilometers travelled,ICE,Vehicle km,Innovation,41422964736.45,Projected
2028,Vehicle kilometers travelled,ICE,Vehicle km,Reference,42234838916.08,Projected
2028,Vehicle kilometers travelled,ICE/Hybrid,Vehicle km,Constraint,5468019698.647,Projected
2028,Vehicle kilometers travelled,ICE/Hybrid,Vehicle km,Environmental,5048310661.357,Projected
2028,Vehicle kilometers travelled,ICE/Hybrid,Vehicle km,Growth,5365183685.269,Projected
2028,Vehicle kilometers travelled,ICE/Hybrid,Vehicle km,Innovation,5204370065.45,Projected
2028,Vehicle kilometers travelled,ICE/Hybrid,Vehicle km,Reference,5356087929.24,Projected
2028,Vehicle kilometers travelled,PHEV,Vehicle km,Constraint,681400214.475,Projected
2028,Vehicle kilometers travelled,PHEV,Vehicle km,Environmental,1007386199.285,Projected
2028,Vehicle kilometers travelled,PHEV,Vehicle km,Growth,1069995073.046,Projected
2028,Vehicle kilometers travelled,PHEV,Vehicle km,Innovation,1038165145.31,Projected
2028,Vehicle kilometers travelled,PHEV,Vehicle km,Reference,855821718.04,Projected
2029,Vehicle kilometers travelled,Electric,Vehicle km,Constraint,2261985160.183,Projected
2029,Vehicle kilometers travelled,Electric,Vehicle km,Environmental,3893342659.631,Projected
2029,Vehicle kilometers travelled,Electric,Vehicle km,Growth,4148968800.82,Projected
2029,Vehicle kilometers travelled,Electric,Vehicle km,Innovation,4015910369.72,Projected
2029,Vehicle kilometers travelled,Electric,Vehicle km,Reference,3050504656.37,Projected
2029,Vehicle kilometers travelled,ICE,Vehicle km,Constraint,41046557113.613,Projected
2029,Vehicle kilometers travelled,ICE,Vehicle km,Environmental,39959891037.485,Projected
2029,Vehicle kilometers travelled,ICE,Vehicle km,Growth,41982652566.696,Projected
2029,Vehicle kilometers travelled,ICE,Vehicle km,Innovation,40842066772.42,Projected
2029,Vehicle kilometers travelled,ICE,Vehicle km,Reference,41807104422.7,Projected
2029,Vehicle kilometers travelled,ICE/Hybrid,Vehicle km,Constraint,6056432993.855,Projected
2029,Vehicle kilometers travelled,ICE/Hybrid,Vehicle km,Environmental,5319372630.515,Projected
2029,Vehicle kilometers travelled,ICE/Hybrid,Vehicle km,Growth,5697669627.56,Projected
2029,Vehicle kilometers travelled,ICE/Hybrid,Vehicle km,Innovation,5507102585.53,Projected
2029,Vehicle kilometers travelled,ICE/Hybrid,Vehicle km,Reference,5776215976.92,Projected
2029,Vehicle kilometers travelled,PHEV,Vehicle km,Constraint,746954791.65,Projected
2029,Vehicle kilometers travelled,PHEV,Vehicle km,Environmental,1132740404.67,Projected
2029,Vehicle kilometers travelled,PHEV,Vehicle km,Growth,1212568689.448,Projected
2029,Vehicle kilometers travelled,PHEV,Vehicle km,Innovation,1172251253.09,Projected
2029,Vehicle kilometers travelled,PHEV,Vehicle km,Reference,955454534.66,Projected
2030,Vehicle kilometers travelled,Electric,Vehicle km,Constraint,2684476537.942,Projected
2030,Vehicle kilometers travelled,Electric,Vehicle km,Environmental,4812726756.678,Projected
2030,Vehicle kilometers travelled,Electric,Vehicle km,Growth,5156300620.981,Projected
2030,Vehicle kilometers travelled,Electric,Vehicle km,Innovation,4977600888.08,Projected
2030,Vehicle kilometers travelled,Electric,Vehicle km,Reference,3743186969,Projected
2030,Vehicle kilometers travelled,ICE,Vehicle km,Constraint,40362803990.068,Projected
2030,Vehicle kilometers travelled,ICE,Vehicle km,Environmental,39161359449.382,Projected
2030,Vehicle kilometers travelled,ICE,Vehicle km,Growth,41375778457.456,Projected
2030,Vehicle kilometers travelled,ICE,Vehicle km,Innovation,40101036632.67,Projected
2030,Vehicle kilometers travelled,ICE,Vehicle km,Reference,41241312594.22,Projected
2030,Vehicle kilometers travelled,ICE/Hybrid,Vehicle km,Constraint,6650240009.688,Projected
2030,Vehicle kilometers travelled,ICE/Hybrid,Vehicle km,Environmental,5573131984.366,Projected
2030,Vehicle kilometers travelled,ICE/Hybrid,Vehicle km,Growth,6005144056.748,Projected
2030,Vehicle kilometers travelled,ICE/Hybrid,Vehicle km,Innovation,5789490520.56,Projected
2030,Vehicle kilometers travelled,ICE/Hybrid,Vehicle km,Reference,6181611517.31,Projected
2030,Vehicle kilometers travelled,PHEV,Vehicle km,Constraint,813240173.016,Projected
2030,Vehicle kilometers travelled,PHEV,Vehicle km,Environmental,1251085546.88,Projected
2030,Vehicle kilometers travelled,PHEV,Vehicle km,Growth,1347211781.299,Projected
2030,Vehicle kilometers travelled,PHEV,Vehicle km,Innovation,1299055477.45,Projected
2030,Vehicle kilometers travelled,PHEV,Vehicle km,Reference,1054186962.96,Projected
2031,Vehicle kilometers travelled,Electric,Vehicle km,Constraint,3176303192.851,Projected
2031,Vehicle kilometers travelled,Electric,Vehicle km,Environmental,5810201267.383,Projected
2031,Vehicle kilometers travelled,Electric,Vehicle km,Growth,6264309139.666,Projected
2031,Vehicle kilometers travelled,Electric,Vehicle km,Innovation,6024047150.59,Projected
2031,Vehicle kilometers travelled,Electric,Vehicle km,Reference,4530574891.6,Projected
2031,Vehicle kilometers travelled,ICE,Vehicle km,Constraint,39621348153.269,Projected
2031,Vehicle kilometers travelled,ICE,Vehicle km,Environmental,38234578943.957,Projected
2031,Vehicle kilometers travelled,ICE,Vehicle km,Growth,40665015134.333,Projected
2031,Vehicle kilometers travelled,ICE,Vehicle km,Innovation,39220393992.23,Projected
2031,Vehicle kilometers travelled,ICE,Vehicle km,Reference,40557280482.85,Projected
2031,Vehicle kilometers travelled,ICE/Hybrid,Vehicle km,Constraint,7253267537.687,Projected
2031,Vehicle kilometers travelled,ICE/Hybrid,Vehicle km,Environmental,5909296619.814,Projected
2031,Vehicle kilometers travelled,ICE/Hybrid,Vehicle km,Growth,6412119925.539,Projected
2031,Vehicle kilometers travelled,ICE/Hybrid,Vehicle km,Innovation,6159254162.85,Projected
2031,Vehicle kilometers travelled,ICE/Hybrid,Vehicle km,Reference,6634633081.47,Projected
2031,Vehicle kilometers travelled,PHEV,Vehicle km,Constraint,877121458.502,Projected
2031,Vehicle kilometers travelled,PHEV,Vehicle km,Environmental,1355780262.359,Projected
2031,Vehicle kilometers travelled,PHEV,Vehicle km,Growth,1470122868.363,Projected
2031,Vehicle kilometers travelled,PHEV,Vehicle km,Innovation,1412349654.91,Projected
2031,Vehicle kilometers travelled,PHEV,Vehicle km,Reference,1146002580.13,Projected
2032,Vehicle kilometers travelled,Electric,Vehicle km,Constraint,3742427848.94,Projected
2032,Vehicle kilometers travelled,Electric,Vehicle km,Environmental,6893917693.933,Projected
2032,Vehicle kilometers travelled,Electric,Vehicle km,Growth,7477629140.84,Projected
2032,Vehicle kilometers travelled,Electric,Vehicle km,Innovation,7163744474.48,Projected
2032,Vehicle kilometers travelled,Electric,Vehicle km,Reference,5419279968.5,Projected
2032,Vehicle kilometers travelled,ICE,Vehicle km,Constraint,38735233564.672,Projected
2032,Vehicle kilometers travelled,ICE,Vehicle km,Environmental,37148913149.682,Projected
2032,Vehicle kilometers travelled,ICE,Vehicle km,Growth,39770766544.457,Projected
2032,Vehicle kilometers travelled,ICE,Vehicle km,Innovation,38166653293.89,Projected
2032,Vehicle kilometers travelled,ICE,Vehicle km,Reference,39703214277.11,Projected
2032,Vehicle kilometers travelled,ICE/Hybrid,Vehicle km,Constraint,7832012559.859,Projected
2032,Vehicle kilometers travelled,ICE/Hybrid,Vehicle km,Environmental,6238622862.588,Projected
2032,Vehicle kilometers travelled,ICE/Hybrid,Vehicle km,Growth,6814349735.618,Projected
2032,Vehicle kilometers travelled,ICE/Hybrid,Vehicle km,Innovation,6523369201.88,Projected
2032,Vehicle kilometers travelled,ICE/Hybrid,Vehicle km,Reference,7066583935.96,Projected
2032,Vehicle kilometers travelled,PHEV,Vehicle km,Constraint,936447049.897,Projected
2032,Vehicle kilometers travelled,PHEV,Vehicle km,Environmental,1445497460.264,Projected
2032,Vehicle kilometers travelled,PHEV,Vehicle km,Growth,1577716629.03,Projected
2032,Vehicle kilometers travelled,PHEV,Vehicle km,Innovation,1510487520.96,Projected
2032,Vehicle kilometers travelled,PHEV,Vehicle km,Reference,1227384850.9,Projected
2033,Vehicle kilometers travelled,Electric,Vehicle km,Constraint,4408048460.113,Projected
2033,Vehicle kilometers travelled,Electric,Vehicle km,Environmental,8121688671.245,Projected
2033,Vehicle kilometers travelled,Electric,Vehicle km,Growth,8861380677.056,Projected
2033,Vehicle kilometers travelled,Electric,Vehicle km,Innovation,8461860650.21,Projected
2033,Vehicle kilometers travelled,Electric,Vehicle km,Reference,6448763152.14,Projected
2033,Vehicle kilometers travelled,ICE,Vehicle km,Constraint,37705167148.249,Projected
2033,Vehicle kilometers travelled,ICE,Vehicle km,Environmental,35902814326.975,Projected
2033,Vehicle kilometers travelled,ICE,Vehicle km,Growth,38671748378.322,Projected
2033,Vehicle kilometers travelled,ICE,Vehicle km,Innovation,36951121307.5,Projected
2033,Vehicle kilometers travelled,ICE,Vehicle km,Reference,38698814890.72,Projected
2033,Vehicle kilometers travelled,ICE/Hybrid,Vehicle km,Constraint,8396508722.054,Projected
2033,Vehicle kilometers travelled,ICE/Hybrid,Vehicle km,Environmental,6539097021.278,Projected
2033,Vehicle kilometers travelled,ICE/Hybrid,Vehicle km,Growth,7188878946.872,Projected
2033,Vehicle kilometers travelled,ICE/Hybrid,Vehicle km,Innovation,6862658504.88,Projected
2033,Vehicle kilometers travelled,ICE/Hybrid,Vehicle km,Reference,7474804797.08,Projected
2033,Vehicle kilometers travelled,PHEV,Vehicle km,Constraint,992639446.441,Projected
2033,Vehicle kilometers travelled,PHEV,Vehicle km,Environmental,1521146199.419,Projected
2033,Vehicle kilometers travelled,PHEV,Vehicle km,Growth,1670947459.028,Projected
2033,Vehicle kilometers travelled,PHEV,Vehicle km,Innovation,1595182171.81,Projected
2033,Vehicle kilometers travelled,PHEV,Vehicle km,Reference,1301219599.95,Projected
2034,Vehicle kilometers travelled,Electric,Vehicle km,Constraint,5228217216.213,Projected
2034,Vehicle kilometers travelled,Electric,Vehicle km,Environmental,9583618575.509,Projected
2034,Vehicle kilometers travelled,Electric,Vehicle km,Growth,10516558844.155,Projected
2034,Vehicle kilometers travelled,Electric,Vehicle km,Innovation,10007744931.37,Projected
2034,Vehicle kilometers travelled,Electric,Vehicle km,Reference,7689679291.64,Projected
2034,Vehicle kilometers travelled,ICE,Vehicle km,Constraint,36559758974.001,Projected
2034,Vehicle kilometers travelled,ICE,Vehicle km,Environmental,34510659392.503,Projected
2034,Vehicle kilometers travelled,ICE,Vehicle km,Growth,37385016698.423,Projected
2034,Vehicle kilometers travelled,ICE,Vehicle km,Innovation,35567243604.73,Projected
2034,Vehicle kilometers travelled,ICE,Vehicle km,Reference,37544251362.63,Projected
2034,Vehicle kilometers travelled,ICE/Hybrid,Vehicle km,Constraint,9004253464.008,Projected
2034,Vehicle kilometers travelled,ICE/Hybrid,Vehicle km,Environmental,6842894506.011,Projected
2034,Vehicle kilometers travelled,ICE/Hybrid,Vehicle km,Growth,7569769244.58,Projected
2034,Vehicle kilometers travelled,ICE/Hybrid,Vehicle km,Innovation,7204505039.51,Projected
2034,Vehicle kilometers travelled,ICE/Hybrid,Vehicle km,Reference,7897867037.88,Projected
2034,Vehicle kilometers travelled,PHEV,Vehicle km,Constraint,1052124832.938,Projected
2034,Vehicle kilometers travelled,PHEV,Vehicle km,Environmental,1592535419.61,Projected
2034,Vehicle kilometers travelled,PHEV,Vehicle km,Growth,1760105826.807,Projected
2034,Vehicle kilometers travelled,PHEV,Vehicle km,Innovation,1675146604.45,Projected
2034,Vehicle kilometers travelled,PHEV,Vehicle km,Reference,1374905512.95,Projected
2035,Vehicle kilometers travelled,Electric,Vehicle km,Constraint,6177799467.277,Projected
2035,Vehicle kilometers travelled,Electric,Vehicle km,Environmental,11233744573.905,Projected
2035,Vehicle kilometers travelled,Electric,Vehicle km,Growth,12397054467.796,Projected
2035,Vehicle kilometers travelled,Electric,Vehicle km,Innovation,11755102986.45,Projected
2035,Vehicle kilometers travelled,Electric,Vehicle km,Reference,9107160066.93,Projected
2035,Vehicle kilometers travelled,ICE,Vehicle km,Constraint,35251255933.223,Projected
2035,Vehicle kilometers travelled,ICE,Vehicle km,Environmental,32929509115.255,Projected
2035,Vehicle kilometers travelled,ICE,Vehicle km,Growth,35868511202.335,Projected
2035,Vehicle kilometers travelled,ICE,Vehicle km,Innovation,33974653250.87,Projected
2035,Vehicle kilometers travelled,ICE,Vehicle km,Reference,36191394125.89,Projected
2035,Vehicle kilometers travelled,ICE/Hybrid,Vehicle km,Constraint,9583154786.999,Projected
2035,Vehicle kilometers travelled,ICE/Hybrid,Vehicle km,Environmental,7091719697.354,Projected
2035,Vehicle kilometers travelled,ICE/Hybrid,Vehicle km,Growth,7893038073.237,Projected
2035,Vehicle kilometers travelled,ICE/Hybrid,Vehicle km,Innovation,7488905039.2,Projected
2035,Vehicle kilometers travelled,ICE/Hybrid,Vehicle km,Reference,8272453770.36,Projected
2035,Vehicle kilometers travelled,PHEV,Vehicle km,Constraint,1107958889.968,Projected
2035,Vehicle kilometers travelled,PHEV,Vehicle km,Environmental,1651003714.557,Projected
2035,Vehicle kilometers travelled,PHEV,Vehicle km,Growth,1835694883.274,Projected
2035,Vehicle kilometers travelled,PHEV,Vehicle km,Innovation,1741563405.79,Projected
2035,Vehicle kilometers travelled,PHEV,Vehicle km,Reference,1440227957.88,Projected
2036,Vehicle kilometers travelled,Electric,Vehicle km,Constraint,7272660085.54,Projected
2036,Vehicle kilometers travelled,Electric,Vehicle km,Environmental,13090600187.04,Projected
2036,Vehicle kilometers travelled,Electric,Vehicle km,Growth,14531617006.921,Projected
2036,Vehicle kilometers travelled,Electric,Vehicle km,Innovation,13727758293.93,Projected
2036,Vehicle kilometers travelled,Electric,Vehicle km,Reference,10725583616.53,Projected
2036,Vehicle kilometers travelled,ICE,Vehicle km,Constraint,33920840203.095,Projected
2036,Vehicle kilometers travelled,ICE,Vehicle km,Environmental,31257608886.236,Projected
2036,Vehicle kilometers travelled,ICE,Vehicle km,Growth,34231491299.159,Projected
2036,Vehicle kilometers travelled,ICE,Vehicle km,Innovation,32283450321.23,Projected
2036,Vehicle kilometers travelled,ICE,Vehicle km,Reference,34757166200.22,Projected
2036,Vehicle kilometers travelled,ICE/Hybrid,Vehicle km,Constraint,9990816520.564,Projected
2036,Vehicle kilometers travelled,ICE/Hybrid,Vehicle km,Environmental,7188564671.625,Projected
2036,Vehicle kilometers travelled,ICE/Hybrid,Vehicle km,Growth,8052679038.13,Projected
2036,Vehicle kilometers travelled,ICE/Hybrid,Vehicle km,Innovation,7614869364.72,Projected
2036,Vehicle kilometers travelled,ICE/Hybrid,Vehicle km,Reference,8490292788.41,Projected
2036,Vehicle kilometers travelled,PHEV,Vehicle km,Constraint,1162245856.114,Projected
2036,Vehicle kilometers travelled,PHEV,Vehicle km,Environmental,1701046509.38,Projected
2036,Vehicle kilometers travelled,PHEV,Vehicle km,Growth,1903390381.964,Projected
2036,Vehicle kilometers travelled,PHEV,Vehicle km,Innovation,1799660130.81,Projected
2036,Vehicle kilometers travelled,PHEV,Vehicle km,Reference,1500685334.36,Projected
2037,Vehicle kilometers travelled,Electric,Vehicle km,Constraint,8510974282.309,Projected
2037,Vehicle kilometers travelled,Electric,Vehicle km,Environmental,15144642418.698,Projected
2037,Vehicle kilometers travelled,Electric,Vehicle km,Growth,16915784500.115,Projected
2037,Vehicle kilometers travelled,Electric,Vehicle km,Innovation,15919866683.86,Projected
2037,Vehicle kilometers travelled,Electric,Vehicle km,Reference,12543918837.89,Projected
2037,Vehicle kilometers travelled,ICE,Vehicle km,Constraint,32585980259.784,Projected
2037,Vehicle kilometers travelled,ICE,Vehicle km,Environmental,29482477015.935,Projected
2037,Vehicle kilometers travelled,ICE,Vehicle km,Growth,32466861013.933,Projected
2037,Vehicle kilometers travelled,ICE,Vehicle km,Innovation,30482490712.26,Projected
2037,Vehicle kilometers travelled,ICE,Vehicle km,Reference,33241728345.26,Projected
2037,Vehicle kilometers travelled,ICE/Hybrid,Vehicle km,Constraint,10189606492.183,Projected
2037,Vehicle kilometers travelled,ICE/Hybrid,Vehicle km,Environmental,7128093766.93,Projected
2037,Vehicle kilometers travelled,ICE/Hybrid,Vehicle km,Growth,8038648276.866,Projected
2037,Vehicle kilometers travelled,ICE/Hybrid,Vehicle km,Innovation,7576457303.82,Projected
2037,Vehicle kilometers travelled,ICE/Hybrid,Vehicle km,Reference,8532874187.75,Projected
2037,Vehicle kilometers travelled,PHEV,Vehicle km,Constraint,1214617144.549,Projected
2037,Vehicle kilometers travelled,PHEV,Vehicle km,Environmental,1744091419.508,Projected
2037,Vehicle kilometers travelled,PHEV,Vehicle km,Growth,1964490391.17,Projected
2037,Vehicle kilometers travelled,PHEV,Vehicle km,Innovation,1851163784.76,Projected
2037,Vehicle kilometers travelled,PHEV,Vehicle km,Reference,1556327391.74,Projected
2038,Vehicle kilometers travelled,Electric,Vehicle km,Constraint,9916450225.968,Projected
2038,Vehicle kilometers travelled,Electric,Vehicle km,Environmental,17432223860.31,Projected
2038,Vehicle kilometers travelled,Electric,Vehicle km,Growth,19588502898.359,Projected
2038,Vehicle kilometers travelled,Electric,Vehicle km,Innovation,18367166397.13,Projected
2038,Vehicle kilometers travelled,Electric,Vehicle km,Reference,14589035794.24,Projected
2038,Vehicle kilometers travelled,ICE,Vehicle km,Constraint,31238311392.959,Projected
2038,Vehicle kilometers travelled,ICE,Vehicle km,Environmental,27615145536.97,Projected
2038,Vehicle kilometers travelled,ICE,Vehicle km,Growth,30580602373.696,Projected
2038,Vehicle kilometers travelled,ICE,Vehicle km,Innovation,28576093545.09,Projected
2038,Vehicle kilometers travelled,ICE,Vehicle km,Reference,31620813764.78,Projected
2038,Vehicle kilometers travelled,ICE/Hybrid,Vehicle km,Constraint,10199234994.215,Projected
2038,Vehicle kilometers travelled,ICE/Hybrid,Vehicle km,Environmental,6926682287.609,Projected
2038,Vehicle kilometers travelled,ICE/Hybrid,Vehicle km,Growth,7861017012.371,Projected
2038,Vehicle kilometers travelled,ICE/Hybrid,Vehicle km,Innovation,7386519899.28,Projected
2038,Vehicle kilometers travelled,ICE/Hybrid,Vehicle km,Reference,8413773725.96,Projected
2038,Vehicle kilometers travelled,PHEV,Vehicle km,Constraint,1265181341.762,Projected
2038,Vehicle kilometers travelled,PHEV,Vehicle km,Environmental,1747268732.781,Projected
2038,Vehicle kilometers travelled,PHEV,Vehicle km,Growth,1980343671.285,Projected
2038,Vehicle kilometers travelled,PHEV,Vehicle km,Innovation,1860236784.64,Projected
2038,Vehicle kilometers travelled,PHEV,Vehicle km,Reference,1607519799.31,Projected
2039,Vehicle kilometers travelled,Electric,Vehicle km,Constraint,11583122170.347,Projected
2039,Vehicle kilometers travelled,Electric,Vehicle km,Environmental,20076395727.118,Projected
2039,Vehicle kilometers travelled,Electric,Vehicle km,Growth,22696069833.955,Projected
2039,Vehicle kilometers travelled,Electric,Vehicle km,Innovation,21205102412.41,Projected
2039,Vehicle kilometers travelled,Electric,Vehicle km,Reference,16993646271.37,Projected
2039,Vehicle kilometers travelled,ICE,Vehicle km,Constraint,29885394851.729,Projected
2039,Vehicle kilometers travelled,ICE,Vehicle km,Environmental,25736760894.212,Projected
2039,Vehicle kilometers travelled,ICE,Vehicle km,Growth,28653928781.991,Projected
2039,Vehicle kilometers travelled,ICE,Vehicle km,Innovation,26652105789.04,Projected
2039,Vehicle kilometers travelled,ICE,Vehicle km,Reference,29893298974.14,Projected
2039,Vehicle kilometers travelled,ICE/Hybrid,Vehicle km,Constraint,10066341788.095,Projected
2039,Vehicle kilometers travelled,ICE/Hybrid,Vehicle km,Environmental,6521715832.525,Projected
2039,Vehicle kilometers travelled,ICE/Hybrid,Vehicle km,Growth,7447509926.464,Projected
2039,Vehicle kilometers travelled,ICE/Hybrid,Vehicle km,Innovation,6977339348.06,Projected
2039,Vehicle kilometers travelled,ICE/Hybrid,Vehicle km,Reference,8168282907.06,Projected
2039,Vehicle kilometers travelled,PHEV,Vehicle km,Constraint,1320338518.831,Projected
2039,Vehicle kilometers travelled,PHEV,Vehicle km,Environmental,1729483767.214,Projected
2039,Vehicle kilometers travelled,PHEV,Vehicle km,Growth,1972216754.75,Projected
2039,Vehicle kilometers travelled,PHEV,Vehicle km,Innovation,1846942666.14,Projected
2039,Vehicle kilometers travelled,PHEV,Vehicle km,Reference,1662364771.22,Projected
2040,Vehicle kilometers travelled,Electric,Vehicle km,Constraint,13459261049.526,Projected
2040,Vehicle kilometers travelled,Electric,Vehicle km,Environmental,22764093721.048,Projected
2040,Vehicle kilometers travelled,Electric,Vehicle km,Growth,25867229926.785,Projected
2040,Vehicle kilometers travelled,Electric,Vehicle km,Innovation,24087983867.43,Projected
2040,Vehicle kilometers travelled,Electric,Vehicle km,Reference,19681250326.57,Projected
2040,Vehicle kilometers travelled,ICE,Vehicle km,Constraint,28495068014.627,Projected
2040,Vehicle kilometers travelled,ICE,Vehicle km,Environmental,23882547624.903,Projected
2040,Vehicle kilometers travelled,ICE,Vehicle km,Growth,26715930629.722,Projected
2040,Vehicle kilometers travelled,ICE,Vehicle km,Innovation,24737037614.82,Projected
2040,Vehicle kilometers travelled,ICE,Vehicle km,Reference,28051882813.13,Projected
2040,Vehicle kilometers travelled,ICE/Hybrid,Vehicle km,Constraint,9768017188.694,Projected
2040,Vehicle kilometers travelled,ICE/Hybrid,Vehicle km,Environmental,6070372408.116,Projected
2040,Vehicle kilometers travelled,ICE/Hybrid,Vehicle km,Growth,6967899202.782,Projected
2040,Vehicle kilometers travelled,ICE/Hybrid,Vehicle km,Innovation,6510951868.09,Projected
2040,Vehicle kilometers travelled,ICE/Hybrid,Vehicle km,Reference,7771467182.38,Projected
2040,Vehicle kilometers travelled,PHEV,Vehicle km,Constraint,1374666583.243,Projected
2040,Vehicle kilometers travelled,PHEV,Vehicle km,Environmental,1697147770.668,Projected
2040,Vehicle kilometers travelled,PHEV,Vehicle km,Growth,1945303594.139,Projected
2040,Vehicle kilometers travelled,PHEV,Vehicle km,Innovation,1816778190.15,Projected
2040,Vehicle kilometers travelled,PHEV,Vehicle km,Reference,1678273139.37,Projected
2041,Vehicle kilometers travelled,Electric,Vehicle km,Constraint,15516893803.466,Projected
2041,Vehicle kilometers travelled,Electric,Vehicle km,Environmental,25404074220.833,Projected
2041,Vehicle kilometers travelled,Electric,Vehicle km,Growth,29020786480.931,Projected
2041,Vehicle kilometers travelled,Electric,Vehicle km,Innovation,26935438073.24,Projected
2041,Vehicle kilometers travelled,Electric,Vehicle km,Reference,22452331212.36,Projected
2041,Vehicle kilometers travelled,ICE,Vehicle km,Constraint,27006436453.694,Projected
2041,Vehicle kilometers travelled,ICE,Vehicle km,Environmental,22099054462.859,Projected
2041,Vehicle kilometers travelled,ICE,Vehicle km,Growth,24838787382.267,Projected
2041,Vehicle kilometers travelled,ICE,Vehicle km,Innovation,22893336822.95,Projected
2041,Vehicle kilometers travelled,ICE,Vehicle km,Reference,26215619687.34,Projected
2041,Vehicle kilometers travelled,ICE/Hybrid,Vehicle km,Constraint,9388485098.925,Projected
2041,Vehicle kilometers travelled,ICE/Hybrid,Vehicle km,Environmental,5605544814.688,Projected
2041,Vehicle kilometers travelled,ICE/Hybrid,Vehicle km,Growth,6468866601.362,Projected
2041,Vehicle kilometers travelled,ICE/Hybrid,Vehicle km,Innovation,6028897964.98,Projected
2041,Vehicle kilometers travelled,ICE/Hybrid,Vehicle km,Reference,7325566654.58,Projected
2041,Vehicle kilometers travelled,PHEV,Vehicle km,Constraint,1429384061.352,Projected
2041,Vehicle kilometers travelled,PHEV,Vehicle km,Environmental,1655068082.728,Projected
2041,Vehicle kilometers travelled,PHEV,Vehicle km,Growth,1907217205.484,Projected
2041,Vehicle kilometers travelled,PHEV,Vehicle km,Innovation,1776370894.28,Projected
2041,Vehicle kilometers travelled,PHEV,Vehicle km,Reference,1670016764.22,Projected
2042,Vehicle kilometers travelled,Electric,Vehicle km,Constraint,17644153391.14,Projected
2042,Vehicle kilometers travelled,Electric,Vehicle km,Environmental,27852394390.977,Projected
2042,Vehicle kilometers travelled,Electric,Vehicle km,Growth,31996396541.047,Projected
2042,Vehicle kilometers travelled,Electric,Vehicle km,Innovation,29594349687.2,Projected
2042,Vehicle kilometers travelled,Electric,Vehicle km,Reference,25090045665.24,Projected
2042,Vehicle kilometers travelled,ICE,Vehicle km,Constraint,25432110122.414,Projected
2042,Vehicle kilometers travelled,ICE,Vehicle km,Environmental,20406203381.16,Projected
2042,Vehicle kilometers travelled,ICE,Vehicle km,Growth,23042614747.433,Projected
2042,Vehicle kilometers travelled,ICE,Vehicle km,Innovation,21141995241.26,Projected
2042,Vehicle kilometers travelled,ICE,Vehicle km,Reference,24452094191.13,Projected
2042,Vehicle kilometers travelled,ICE/Hybrid,Vehicle km,Constraint,8938813631.257,Projected
2042,Vehicle kilometers travelled,ICE/Hybrid,Vehicle km,Environmental,5132850158.965,Projected
2042,Vehicle kilometers travelled,ICE/Hybrid,Vehicle km,Growth,5958357077.05,Projected
2042,Vehicle kilometers travelled,ICE/Hybrid,Vehicle km,Innovation,5536756928.97,Projected
2042,Vehicle kilometers travelled,ICE/Hybrid,Vehicle km,Reference,6837277614.17,Projected
2042,Vehicle kilometers travelled,PHEV,Vehicle km,Constraint,1447759228.847,Projected
2042,Vehicle kilometers travelled,PHEV,Vehicle km,Environmental,1602631539.307,Projected
2042,Vehicle kilometers travelled,PHEV,Vehicle km,Growth,1857735329.194,Projected
2042,Vehicle kilometers travelled,PHEV,Vehicle km,Innovation,1725101870.42,Projected
2042,Vehicle kilometers travelled,PHEV,Vehicle km,Reference,1650671272.61,Projected
2043,Vehicle kilometers travelled,Electric,Vehicle km,Constraint,19801582205.213,Projected
2043,Vehicle kilometers travelled,Electric,Vehicle km,Environmental,30136521907.847,Projected
2043,Vehicle kilometers travelled,Electric,Vehicle km,Growth,34820847372.832,Projected
2043,Vehicle kilometers travelled,Electric,Vehicle km,Innovation,32094132918.09,Projected
2043,Vehicle kilometers travelled,Electric,Vehicle km,Reference,27607375421.15,Projected
2043,Vehicle kilometers travelled,ICE,Vehicle km,Constraint,23828781261.582,Projected
2043,Vehicle kilometers travelled,ICE,Vehicle km,Environmental,18811093674.756,Projected
2043,Vehicle kilometers travelled,ICE,Vehicle km,Growth,21337488440.081,Projected
2043,Vehicle kilometers travelled,ICE,Vehicle km,Innovation,19490269042.22,Projected
2043,Vehicle kilometers travelled,ICE,Vehicle km,Reference,22784155652.06,Projected
2043,Vehicle kilometers travelled,ICE/Hybrid,Vehicle km,Constraint,8440623081.871,Projected
2043,Vehicle kilometers travelled,ICE/Hybrid,Vehicle km,Environmental,4664549105.473,Projected
2043,Vehicle kilometers travelled,ICE/Hybrid,Vehicle km,Growth,5448361426.046,Projected
2043,Vehicle kilometers travelled,ICE/Hybrid,Vehicle km,Innovation,5047303848.49,Projected
2043,Vehicle kilometers travelled,ICE/Hybrid,Vehicle km,Reference,6322669568.69,Projected
2043,Vehicle kilometers travelled,PHEV,Vehicle km,Constraint,1443201633.201,Projected
2043,Vehicle kilometers travelled,PHEV,Vehicle km,Environmental,1547366368.227,Projected
2043,Vehicle kilometers travelled,PHEV,Vehicle km,Growth,1804692636.553,Projected
2043,Vehicle kilometers travelled,PHEV,Vehicle km,Innovation,1670589558.53,Projected
2043,Vehicle kilometers travelled,PHEV,Vehicle km,Reference,1622758871.69,Projected
2044,Vehicle kilometers travelled,Electric,Vehicle km,Constraint,21746552835.006,Projected
2044,Vehicle kilometers travelled,Electric,Vehicle km,Environmental,32125486936.886,Projected
2044,Vehicle kilometers travelled,Electric,Vehicle km,Growth,37335322679.075,Projected
2044,Vehicle kilometers travelled,Electric,Vehicle km,Innovation,34284472007.99,Projected
2044,Vehicle kilometers travelled,Electric,Vehicle km,Reference,29844971917.8,Projected
2044,Vehicle kilometers travelled,ICE,Vehicle km,Constraint,22330797118.638,Projected
2044,Vehicle kilometers travelled,ICE,Vehicle km,Environmental,17349076351.18,Projected
2044,Vehicle kilometers travelled,ICE,Vehicle km,Growth,19771405289.973,Projected
2044,Vehicle kilometers travelled,ICE,Vehicle km,Innovation,17973468089.36,Projected
2044,Vehicle kilometers travelled,ICE,Vehicle km,Reference,21252965842.88,Projected
2044,Vehicle kilometers travelled,ICE/Hybrid,Vehicle km,Constraint,7899916431.558,Projected
2044,Vehicle kilometers travelled,ICE/Hybrid,Vehicle km,Environmental,4207268035.947,Projected
2044,Vehicle kilometers travelled,ICE/Hybrid,Vehicle km,Growth,4945014499.443,Projected
2044,Vehicle kilometers travelled,ICE/Hybrid,Vehicle km,Innovation,4566449427.3,Projected
2044,Vehicle kilometers travelled,ICE/Hybrid,Vehicle km,Reference,5788305855.19,Projected
2044,Vehicle kilometers travelled,PHEV,Vehicle km,Constraint,1425466325.823,Projected
2044,Vehicle kilometers travelled,PHEV,Vehicle km,Environmental,1485906390.874,Projected
2044,Vehicle kilometers travelled,PHEV,Vehicle km,Growth,1743688555.837,Projected
2044,Vehicle kilometers travelled,PHEV,Vehicle km,Innovation,1608828078.05,Projected
2044,Vehicle kilometers travelled,PHEV,Vehicle km,Reference,1585967629.86,Projected
2045,Vehicle kilometers travelled,Electric,Vehicle km,Constraint,23724343723.392,Projected
2045,Vehicle kilometers travelled,Electric,Vehicle km,Environmental,34117151876.087,Projected
2045,Vehicle kilometers travelled,Electric,Vehicle km,Growth,39877430796.244,Projected
2045,Vehicle kilometers travelled,Electric,Vehicle km,Innovation,36487656846.7,Projected
2045,Vehicle kilometers travelled,Electric,Vehicle km,Reference,32107706351.73,Projected
2045,Vehicle kilometers travelled,ICE,Vehicle km,Constraint,20953131689.952,Projected
2045,Vehicle kilometers travelled,ICE,Vehicle km,Environmental,16001913951.245,Projected
2045,Vehicle kilometers travelled,ICE,Vehicle km,Growth,18324600635.316,Projected
2045,Vehicle kilometers travelled,ICE,Vehicle km,Innovation,16574345701,Projected
2045,Vehicle kilometers travelled,ICE,Vehicle km,Reference,19851208185.43,Projected
2045,Vehicle kilometers travelled,ICE/Hybrid,Vehicle km,Constraint,7342081393.227,Projected
2045,Vehicle kilometers travelled,ICE/Hybrid,Vehicle km,Environmental,3762629110.792,Projected
2045,Vehicle kilometers travelled,ICE/Hybrid,Vehicle km,Growth,4448736716.689,Projected
2045,Vehicle kilometers travelled,ICE/Hybrid,Vehicle km,Innovation,4096196034.69,Projected
2045,Vehicle kilometers travelled,ICE/Hybrid,Vehicle km,Reference,5243157820.06,Projected
2045,Vehicle kilometers travelled,PHEV,Vehicle km,Constraint,1401450531.763,Projected
2045,Vehicle kilometers travelled,PHEV,Vehicle km,Environmental,1423910847.914,Projected
2045,Vehicle kilometers travelled,PHEV,Vehicle km,Growth,1680747249.672,Projected
2045,Vehicle kilometers travelled,PHEV,Vehicle km,Innovation,1546028297.56,Projected
2045,Vehicle kilometers travelled,PHEV,Vehicle km,Reference,1546348955.01,Projected
2046,Vehicle kilometers travelled,Electric,Vehicle km,Constraint,25731312804.041,Projected
2046,Vehicle kilometers travelled,Electric,Vehicle km,Environmental,36098760732.295,Projected
2046,Vehicle kilometers travelled,Electric,Vehicle km,Growth,42424258017.64,Projected
2046,Vehicle kilometers travelled,Electric,Vehicle km,Innovation,38681332486.09,Projected
2046,Vehicle kilometers travelled,Electric,Vehicle km,Reference,34381626804.25,Projected
2046,Vehicle kilometers travelled,ICE,Vehicle km,Constraint,19668585782.36,Projected
2046,Vehicle kilometers travelled,ICE,Vehicle km,Environmental,14752118345.539,Projected
2046,Vehicle kilometers travelled,ICE,Vehicle km,Growth,16968515955.644,Projected
2046,Vehicle kilometers travelled,ICE,Vehicle km,Innovation,15273462137.02,Projected
2046,Vehicle kilometers travelled,ICE,Vehicle km,Reference,18540113276.38,Projected
2046,Vehicle kilometers travelled,ICE/Hybrid,Vehicle km,Constraint,6785329031.751,Projected
2046,Vehicle kilometers travelled,ICE/Hybrid,Vehicle km,Environmental,3343443650.991,Projected
2046,Vehicle kilometers travelled,ICE/Hybrid,Vehicle km,Growth,3975655779.388,Projected
2046,Vehicle kilometers travelled,ICE/Hybrid,Vehicle km,Innovation,3649690572.05,Projected
2046,Vehicle kilometers travelled,ICE/Hybrid,Vehicle km,Reference,4714334825.41,Projected
2046,Vehicle kilometers travelled,PHEV,Vehicle km,Constraint,1373205405.942,Projected
2046,Vehicle kilometers travelled,PHEV,Vehicle km,Environmental,1360778040.854,Projected
2046,Vehicle kilometers travelled,PHEV,Vehicle km,Growth,1615221835.311,Projected
2046,Vehicle kilometers travelled,PHEV,Vehicle km,Innovation,1481132318.77,Projected
2046,Vehicle kilometers travelled,PHEV,Vehicle km,Reference,1501745171.83,Projected
2047,Vehicle kilometers travelled,Electric,Vehicle km,Constraint,27736508895.052,Projected
2047,Vehicle kilometers travelled,Electric,Vehicle km,Environmental,38047253726.565,Projected
2047,Vehicle kilometers travelled,Electric,Vehicle km,Growth,44954351109.423,Projected
2047,Vehicle kilometers travelled,Electric,Vehicle km,Innovation,40850388455.54,Projected
2047,Vehicle kilometers travelled,Electric,Vehicle km,Reference,36644982463.99,Projected
2047,Vehicle kilometers travelled,ICE,Vehicle km,Constraint,18477883624.942,Projected
2047,Vehicle kilometers travelled,ICE,Vehicle km,Environmental,13588445874.017,Projected
2047,Vehicle kilometers travelled,ICE,Vehicle km,Growth,15696898634.842,Projected
2047,Vehicle kilometers travelled,ICE,Vehicle km,Innovation,14061915464.88,Projected
2047,Vehicle kilometers travelled,ICE,Vehicle km,Reference,17308938454.1,Projected
2047,Vehicle kilometers travelled,ICE/Hybrid,Vehicle km,Constraint,6230075275.509,Projected
2047,Vehicle kilometers travelled,ICE/Hybrid,Vehicle km,Environmental,2954493731.792,Projected
2047,Vehicle kilometers travelled,ICE/Hybrid,Vehicle km,Growth,3532764510.156,Projected
2047,Vehicle kilometers travelled,ICE/Hybrid,Vehicle km,Innovation,3233837463.17,Projected
2047,Vehicle kilometers travelled,ICE/Hybrid,Vehicle km,Reference,4216807952.08,Projected
2047,Vehicle kilometers travelled,PHEV,Vehicle km,Constraint,1339821323.18,Projected
2047,Vehicle kilometers travelled,PHEV,Vehicle km,Environmental,1296729810.273,Projected
2047,Vehicle kilometers travelled,PHEV,Vehicle km,Growth,1547628681.218,Projected
2047,Vehicle kilometers travelled,PHEV,Vehicle km,Innovation,1414902511.27,Projected
2047,Vehicle kilometers travelled,PHEV,Vehicle km,Reference,1453159961.26,Projected
2048,Vehicle kilometers travelled,Electric,Vehicle km,Constraint,29788705917.447,Projected
2048,Vehicle kilometers travelled,Electric,Vehicle km,Environmental,40021368433.188,Projected
2048,Vehicle kilometers travelled,Electric,Vehicle km,Growth,47543567086.784,Projected
2048,Vehicle kilometers travelled,Electric,Vehicle km,Innovation,43052832506.82,Projected
2048,Vehicle kilometers travelled,Electric,Vehicle km,Reference,38947237083.01,Projected
2048,Vehicle kilometers travelled,ICE,Vehicle km,Constraint,17389636074.687,Projected
2048,Vehicle kilometers travelled,ICE,Vehicle km,Environmental,12514909629.949,Projected
2048,Vehicle kilometers travelled,ICE,Vehicle km,Growth,14522947536.829,Projected
2048,Vehicle kilometers travelled,ICE,Vehicle km,Innovation,12943555723.64,Projected
2048,Vehicle kilometers travelled,ICE,Vehicle km,Reference,16167558245.08,Projected
2048,Vehicle kilometers travelled,ICE/Hybrid,Vehicle km,Constraint,5685539915.48,Projected
2048,Vehicle kilometers travelled,ICE/Hybrid,Vehicle km,Environmental,2603149962.84,Projected
2048,Vehicle kilometers travelled,ICE/Hybrid,Vehicle km,Growth,3129618000.524,Projected
2048,Vehicle kilometers travelled,ICE/Hybrid,Vehicle km,Innovation,2856446154.99,Projected
2048,Vehicle kilometers travelled,ICE/Hybrid,Vehicle km,Reference,3758935973.93,Projected
2048,Vehicle kilometers travelled,PHEV,Vehicle km,Constraint,1304956692.999,Projected
2048,Vehicle kilometers travelled,PHEV,Vehicle km,Environmental,1234719119.561,Projected
2048,Vehicle kilometers travelled,PHEV,Vehicle km,Growth,1481577996.44,Projected
2048,Vehicle kilometers travelled,PHEV,Vehicle km,Innovation,1350380519.19,Projected
2048,Vehicle kilometers travelled,PHEV,Vehicle km,Reference,1404795716.7,Projected
2049,Vehicle kilometers travelled,Electric,Vehicle km,Constraint,31477420922.927,Projected
2049,Vehicle kilometers travelled,Electric,Vehicle km,Environmental,41591391835.787,Projected
2049,Vehicle kilometers travelled,Electric,Vehicle km,Growth,49696423562.811,Projected
2049,Vehicle kilometers travelled,Electric,Vehicle km,Innovation,44843829591.22,Projected
2049,Vehicle kilometers travelled,Electric,Vehicle km,Reference,40849744293.92,Projected
2049,Vehicle kilometers travelled,ICE,Vehicle km,Constraint,16374474506.26,Projected
2049,Vehicle kilometers travelled,ICE,Vehicle km,Environmental,11510865806.937,Projected
2049,Vehicle kilometers travelled,ICE,Vehicle km,Growth,13421968217.898,Projected
2049,Vehicle kilometers travelled,ICE,Vehicle km,Innovation,11899956981.28,Projected
2049,Vehicle kilometers travelled,ICE,Vehicle km,Reference,15089745856.92,Projected
2049,Vehicle kilometers travelled,ICE/Hybrid,Vehicle km,Constraint,5135440232.309,Projected
2049,Vehicle kilometers travelled,ICE/Hybrid,Vehicle km,Environmental,2282523415.238,Projected
2049,Vehicle kilometers travelled,ICE/Hybrid,Vehicle km,Growth,2760743485.455,Projected
2049,Vehicle kilometers travelled,ICE/Hybrid,Vehicle km,Innovation,2512500423.41,Projected
2049,Vehicle kilometers travelled,ICE/Hybrid,Vehicle km,Reference,3334664217.79,Projected
2049,Vehicle kilometers travelled,PHEV,Vehicle km,Constraint,1259772730.569,Projected
2049,Vehicle kilometers travelled,PHEV,Vehicle km,Environmental,1167533699.819,Projected
2049,Vehicle kilometers travelled,PHEV,Vehicle km,Growth,1409378456.246,Projected
2049,Vehicle kilometers travelled,PHEV,Vehicle km,Innovation,1280713660.32,Projected
2049,Vehicle kilometers travelled,PHEV,Vehicle km,Reference,1347855114.44,Projected
2050,Vehicle kilometers travelled,Electric,Vehicle km,Constraint,33042750493.092,Projected
2050,Vehicle kilometers travelled,Electric,Vehicle km,Environmental,43031973984.437,Projected
2050,Vehicle kilometers travelled,Electric,Vehicle km,Growth,51704428912.399,Projected
2050,Vehicle kilometers travelled,Electric,Vehicle km,Innovation,46496752801.28,Projected
2050,Vehicle kilometers travelled,Electric,Vehicle km,Reference,42618272477.21,Projected
2050,Vehicle kilometers travelled,ICE,Vehicle km,Constraint,15468837350.747,Projected
2050,Vehicle kilometers travelled,ICE,Vehicle km,Environmental,10594922159.074,Projected
2050,Vehicle kilometers travelled,ICE,Vehicle km,Growth,12412219210.229,Projected
2050,Vehicle kilometers travelled,ICE,Vehicle km,Innovation,10947652208.38,Projected
2050,Vehicle kilometers travelled,ICE,Vehicle km,Reference,14103710270.2,Projected
2050,Vehicle kilometers travelled,ICE/Hybrid,Vehicle km,Constraint,4595993473.942,Projected
2050,Vehicle kilometers travelled,ICE/Hybrid,Vehicle km,Environmental,1995174144.409,Projected
2050,Vehicle kilometers travelled,ICE/Hybrid,Vehicle km,Growth,2427016408.104,Projected
2050,Vehicle kilometers travelled,ICE/Hybrid,Vehicle km,Innovation,2202715546.28,Projected
2050,Vehicle kilometers travelled,ICE/Hybrid,Vehicle km,Reference,2945106993.06,Projected
2050,Vehicle kilometers travelled,PHEV,Vehicle km,Constraint,1214933378.197,Projected
2050,Vehicle kilometers travelled,PHEV,Vehicle km,Environmental,1104946843.714,Projected
2050,Vehicle kilometers travelled,PHEV,Vehicle km,Growth,1341415941.894,Projected
2050,Vehicle kilometers travelled,PHEV,Vehicle km,Innovation,1215439865.83,Projected
2050,Vehicle kilometers travelled,PHEV,Vehicle km,Reference,1291337496.62,Projected
