year,island,inflow_volume_mm3,storage_min_mm3,storage_min_date,storage_max_mm3,storage_max_date,inflow_days_present,storage_days_present,calendar_year_complete_inflows,calendar_year_complete_storage
1931,NI,2925.959501,,,,,184,0,False,False
1931,SI,14533.113917,,,,,184,0,False,False
1931,NZ,17459.073418,,,,,184,0,False,False
1932,NI,4237.139117,,,,,366,0,True,False
1932,SI,26087.384794,,,,,366,0,True,False
1932,NZ,30324.52391,,,,,366,0,True,False
1933,NI,4674.468269,,,,,365,0,True,False
1933,SI,37661.82048,,,,,365,0,True,False
1933,NZ,42336.288749,,,,,365,0,True,False
1934,NI,4579.855603,,,,,365,0,True,False
1934,SI,33902.483818,,,,,365,0,True,False
1934,NZ,38482.339421,,,,,365,0,True,False
1935,NI,6033.998534,,,,,365,0,True,False
1935,SI,30741.174346,,,,,365,0,True,False
1935,NZ,36775.17288,,,,,365,0,True,False
1936,NI,5829.719558,,,,,366,0,True,False
1936,SI,35345.453846,,,,,366,0,True,False
1936,NZ,41175.173405,,,,,366,0,True,False
1937,NI,4522.704163,,,,,365,0,True,False
1937,SI,27447.941146,,,,,365,0,True,False
1937,NZ,31970.645309,,,,,365,0,True,False
1938,NI,4998.604435,,,,,365,0,True,False
1938,SI,33498.488995,,,,,365,0,True,False
1938,NZ,38497.09343,,,,,365,0,True,False
1939,NI,4331.581661,,,,,365,0,True,False
1939,SI,28026.66839,,,,,365,0,True,False
1939,NZ,32358.250051,,,,,365,0,True,False
1940,NI,4886.977536,,,,,366,0,True,False
1940,SI,34904.063894,,,,,366,0,True,False
1940,NZ,39791.04143,,,,,366,0,True,False
1941,NI,5193.091872,,,,,365,0,True,False
1941,SI,28736.969357,,,,,365,0,True,False
1941,NZ,33930.061229,,,,,365,0,True,False
1942,NI,6152.023699,,,,,365,0,True,False
1942,SI,39128.834074,,,,,365,0,True,False
1942,NZ,45280.857773,,,,,365,0,True,False
1943,NI,5729.719507,,,,,365,0,True,False
1943,SI,29120.799542,,,,,365,0,True,False
1943,NZ,34850.51905,,,,,365,0,True,False
1944,NI,5012.867606,,,,,366,0,True,False
1944,SI,32942.358547,,,,,366,0,True,False
1944,NZ,37955.226154,,,,,366,0,True,False
1945,NI,5663.042986,,,,,365,0,True,False
1945,SI,39772.002067,,,,,365,0,True,False
1945,NZ,45435.045053,,,,,365,0,True,False
1946,NI,5220.765533,,,,,365,0,True,False
1946,SI,34629.75504,,,,,365,0,True,False
1946,NZ,39850.520573,,,,,365,0,True,False
1947,NI,5146.220563,,,,,365,0,True,False
1947,SI,27207.572803,,,,,365,0,True,False
1947,NZ,32353.793366,,,,,365,0,True,False
1948,NI,5335.000157,,,,,366,0,True,False
1948,SI,32796.455126,,,,,366,0,True,False
1948,NZ,38131.455283,,,,,366,0,True,False
1949,NI,5169.871958,,,,,365,0,True,False
1949,SI,35737.461878,,,,,365,0,True,False
1949,NZ,40907.333837,,,,,365,0,True,False
1950,NI,4248.170323,,,,,365,0,True,False
1950,SI,30132.836352,,,,,365,0,True,False
1950,NZ,34381.006675,,,,,365,0,True,False
1951,NI,4959.758995,,,,,365,0,True,False
1951,SI,28574.816602,,,,,365,0,True,False
1951,NZ,33534.575597,,,,,365,0,True,False
1952,NI,5885.348285,,,,,366,0,True,False
1952,SI,31214.646,,,,,366,0,True,False
1952,NZ,37099.994285,,,,,366,0,True,False
1953,NI,5844.547786,,,,,365,0,True,False
1953,SI,30814.338643,,,,,365,0,True,False
1953,NZ,36658.886429,,,,,365,0,True,False
1954,NI,4538.223331,,,,,365,0,True,False
1954,SI,30606.62423,,,,,365,0,True,False
1954,NZ,35144.847562,,,,,365,0,True,False
1955,NI,5354.053776,,,,,365,0,True,False
1955,SI,33352.393075,,,,,365,0,True,False
1955,NZ,38706.446851,,,,,365,0,True,False
1956,NI,6576.476314,,,,,366,0,True,False
1956,SI,30800.813674,,,,,366,0,True,False
1956,NZ,37377.289987,,,,,366,0,True,False
1957,NI,4870.282723,,,,,365,0,True,False
1957,SI,38937.283546,,,,,365,0,True,False
1957,NZ,43807.566269,,,,,365,0,True,False
1958,NI,5818.337309,,,,,365,0,True,False
1958,SI,42861.231907,,,,,365,0,True,False
1958,NZ,48679.569216,,,,,365,0,True,False
1959,NI,5077.394755,,,,,365,0,True,False
1959,SI,27482.331283,,,,,365,0,True,False
1959,NZ,32559.726038,,,,,365,0,True,False
1960,NI,5007.301718,,,,,366,0,True,False
1960,SI,28069.657142,,,,,366,0,True,False
1960,NZ,33076.958861,,,,,366,0,True,False
1961,NI,4143.007526,,,,,365,0,True,False
1961,SI,30714.061853,,,,,365,0,True,False
1961,NZ,34857.069379,,,,,365,0,True,False
1962,NI,6891.67656,,,,,365,0,True,False
1962,SI,29961.142272,,,,,365,0,True,False
1962,NZ,36852.818832,,,,,365,0,True,False
1963,NI,4710.812515,,,,,365,0,True,False
1963,SI,27446.79721,,,,,365,0,True,False
1963,NZ,32157.609725,,,,,365,0,True,False
1964,NI,5689.437235,,,,,366,0,True,False
1964,SI,31240.766707,,,,,366,0,True,False
1964,NZ,36930.203942,,,,,366,0,True,False
1965,NI,5415.257722,,,,,365,0,True,False
1965,SI,30337.328995,,,,,365,0,True,False
1965,NZ,35752.586717,,,,,365,0,True,False
1966,NI,5662.412093,,,,,365,0,True,False
1966,SI,29402.001043,,,,,365,0,True,False
1966,NZ,35064.413136,,,,,365,0,True,False
1967,NI,4931.772653,,,,,365,0,True,False
1967,SI,41832.762509,,,,,365,0,True,False
1967,NZ,46764.535162,,,,,365,0,True,False
1968,NI,4764.958445,,,,,366,0,True,False
1968,SI,37757.578982,,,,,366,0,True,False
1968,NZ,42522.537427,,,,,366,0,True,False
1969,NI,4135.266691,,,,,365,0,True,False
1969,SI,31884.68448,,,,,365,0,True,False
1969,NZ,36019.951171,,,,,365,0,True,False
1970,NI,5361.221174,,,,,365,0,True,False
1970,SI,37937.46793,,,,,365,0,True,False
1970,NZ,43298.689104,,,,,365,0,True,False
1971,NI,5768.987443,,,,,365,0,True,False
1971,SI,26168.389373,,,,,365,0,True,False
1971,NZ,31937.376816,,,,,365,0,True,False
1972,NI,4970.757802,,,,,366,0,True,False
1972,SI,34106.901034,,,,,366,0,True,False
1972,NZ,39077.658835,,,,,366,0,True,False
1973,NI,4153.620298,,,,,365,0,True,False
1973,SI,30986.488742,,,,,365,0,True,False
1973,NZ,35140.10904,,,,,365,0,True,False
1974,NI,5082.489158,,,,,365,0,True,False
1974,SI,25788.232656,,,,,365,0,True,False
1974,NZ,30870.721814,,,,,365,0,True,False
1975,NI,5255.149795,,,,,365,0,True,False
1975,SI,37643.166461,,,,,365,0,True,False
1975,NZ,42898.316256,,,,,365,0,True,False
1976,NI,5978.567059,,,,,366,0,True,False
1976,SI,22861.068826,,,,,366,0,True,False
1976,NZ,28839.635885,,,,,366,0,True,False
1977,NI,5284.798301,,,,,365,0,True,False
1977,SI,26590.304419,,,,,365,0,True,False
1977,NZ,31875.10272,,,,,365,0,True,False
1978,NI,4044.812198,,,,,365,0,True,False
1978,SI,32053.992192,,,,,365,0,True,False
1978,NZ,36098.80439,,,,,365,0,True,False
1979,NI,5775.146035,,,,,365,0,True,False
1979,SI,38392.591939,,,,,365,0,True,False
1979,NZ,44167.737974,,,,,365,0,True,False
1980,NI,5928.156547,575.176,1980-12-19,960.52,1980-01-24,366,366,True,True
1980,SI,36068.25335,4659.08,1980-08-11,8007.688,1980-01-28,366,366,True,True
1980,NZ,41996.409898,5430.029,1980-08-11,8941.078,1980-01-28,366,366,True,True
1981,NI,5671.176509,303.828,1981-05-20,816.726,1981-01-05,365,365,True,True
1981,SI,31658.481158,3077.676,1981-10-01,7456.371,1981-03-11,365,365,True,True
1981,NZ,37329.657667,3603.384,1981-10-01,8004.574,1981-03-11,365,365,True,True
1982,NI,4330.91759,60.378,1982-09-09,728.715,1982-01-04,365,365,True,True
1982,SI,36333.045763,2282.195,1982-10-23,8237.574,1982-03-13,365,365,True,True
1982,NZ,40663.963354,2433.616,1982-10-23,8720.188,1982-03-13,365,365,True,True
1983,NI,4780.821744,44.343,1983-04-01,1003.352,1983-11-10,365,365,True,True
1983,SI,40144.573901,5188.287,1983-09-20,8241.625,1983-01-16,365,365,True,True
1983,NZ,44925.395645,5614.612,1983-09-07,8663.543,1983-11-20,365,365,True,True
1984,NI,4753.5768,422.453,1984-06-29,870.617,1984-03-19,366,366,True,True
1984,SI,38532.383856,3571.674,1984-10-09,8572.211,1984-12-24,366,366,True,True
1984,NZ,43285.960656,4283.101,1984-10-09,9421.748,1984-12-24,366,366,True,True
1985,NI,4641.847085,402.671,1985-05-22,975.152,1985-09-10,365,365,True,True
1985,SI,30078.933466,2122.694,1985-11-16,8520.606,1985-01-13,365,365,True,True
1985,NZ,34720.78055,2897.419,1985-11-16,9330.689,1985-01-13,365,365,True,True
1986,NI,5418.081706,522.117,1986-12-31,950.37,1986-07-28,365,365,True,True
1986,SI,31489.008422,2798.234,1986-09-26,6451.273,1986-05-01,365,365,True,True
1986,NZ,36907.090128,3601.603,1986-12-12,7149.249,1986-06-14,365,365,True,True
1987,NI,4830.241162,341.034,1987-08-04,729.301,1987-12-28,365,365,True,True
1987,SI,37603.423584,3492.656,1987-09-30,7026.909,1987-04-02,365,365,True,True
1987,NZ,42433.664746,3890.311,1987-09-30,7699.261,1987-04-02,365,365,True,True
1988,NI,6087.577594,288.664,1988-05-08,956.183,1988-10-09,366,366,True,True
1988,SI,39471.36575,3227.273,1988-06-06,7016.023,1988-11-04,366,366,True,True
1988,NZ,45558.943344,3585.694,1988-06-06,7817.062,1988-11-04,366,366,True,True
1989,NI,5988.365597,178.082,1989-04-29,816.498,1989-01-04,365,365,True,True
1989,SI,30224.722406,1171.324,1989-10-27,6346.108,1989-03-31,365,365,True,True
1989,NZ,36213.088003,1602.346,1989-10-02,6774.54,1989-03-31,365,365,True,True
1990,NI,5623.104413,262.269,1990-04-24,817.137,1990-08-27,365,365,True,True
1990,SI,33163.350307,1931.686,1990-10-05,6320.482,1990-05-24,365,365,True,True
1990,NZ,38786.45472,2490.364,1990-10-05,6732.46,1990-05-27,365,365,True,True
1991,NI,5233.721386,132.947,1991-07-17,639.943,1991-10-02,365,365,True,True
1991,SI,31692.911472,1679.244,1991-08-05,6479.538,1991-02-19,365,365,True,True
1991,NZ,36926.632858,1982.905,1991-07-30,6863.3,1991-02-19,365,365,True,True
1992,NI,5574.211258,140.422,1992-06-06,802.613,1992-08-22,366,366,True,True
1992,SI,26146.431331,1376.259,1992-10-06,4010.92,1992-11-18,366,366,True,True
1992,NZ,31720.642589,1626.648,1992-07-02,4577.585,1992-11-18,366,366,True,True
1993,NI,4182.724397,437.611,1993-05-05,753.051,1993-12-10,365,365,True,True
1993,SI,30383.741174,1352.023,1993-10-02,6215.157,1993-06-25,365,365,True,True
1993,NZ,34566.465571,1893.398,1993-10-02,6840.975,1993-06-25,365,365,True,True
1994,NI,5566.780858,306.194,1994-04-12,962.924,1994-11-17,365,365,True,True
1994,SI,38443.024829,2318.343,1994-10-27,6925.056,1994-01-25,365,365,True,True
1994,NZ,44009.805686,3098.52,1994-10-28,7562.806,1994-01-25,365,365,True,True
1995,NI,6640.777613,612.54,1995-06-28,930.091,1995-04-14,365,365,True,True
1995,SI,42659.747366,2844.042,1995-08-16,7830.755,1995-12-15,365,365,True,True
1995,NZ,49300.524979,3664.284,1995-08-16,8589.045,1995-12-29,365,365,True,True
1996,NI,6880.931424,438.847,1996-03-30,1002.758,1996-09-15,366,366,True,True
1996,SI,32625.943949,2401.78,1996-09-04,7502.719,1996-01-01,366,366,True,True
1996,NZ,39506.875373,3228.053,1996-09-04,8302.111,1996-01-01,366,366,True,True
1997,NI,4731.749309,419.856,1997-09-10,773.349,1997-07-06,365,365,True,True
1997,SI,31582.293293,1921.991,1997-10-02,5281.934,1997-12-29,365,365,True,True
1997,NZ,36314.042602,2493.998,1997-10-02,5869.723,1997-12-29,365,365,True,True
1998,NI,6108.62161,287.153,1998-05-07,1118.197,1998-07-18,365,365,True,True
1998,SI,41080.943491,4100.427,1998-09-14,7045.257,1998-04-04,365,365,True,True
1998,NZ,47189.565101,4873.535,1998-06-21,7368.721,1998-04-04,365,365,True,True
1999,NI,5173.306013,201.099,1999-05-14,711.518,1999-01-01,365,365,True,True
1999,SI,31344.478762,1745.427,1999-10-10,7051.436,1999-11-19,365,365,True,True
1999,NZ,36517.784774,2184.935,1999-10-19,7566.378,1999-11-19,365,365,True,True
2000,NI,5153.242291,277.025,2000-07-20,792.136,2000-10-23,366,366,True,True
2000,SI,34528.109846,3922.735,2000-09-06,6680.253,2000-06-27,366,366,True,True
2000,NZ,39681.352138,4288.811,2000-09-06,7220.388,2000-12-31,366,366,True,True
2001,NI,5169.170045,124.237,2001-07-14,947.729,2001-12-19,365,365,True,True
2001,SI,26805.550838,1854.087,2001-09-15,6559.532,2001-01-01,365,365,True,True
2001,NZ,31974.720883,2131.97,2001-09-15,7215.087,2001-01-01,365,365,True,True
2002,NI,5041.718294,485.574,2002-12-01,926.031,2002-01-20,365,365,True,True
2002,SI,33012.387475,3208.294,2002-08-11,5815.22,2002-01-06,365,365,True,True
2002,NZ,38054.10577,3934.805,2002-08-11,6721.221,2002-01-06,365,365,True,True
2003,NI,4906.619971,135.645,2003-05-19,962.601,2003-12-31,365,365,True,True
2003,SI,30223.502006,2706.167,2003-09-13,4851.324,2003-01-01,365,365,True,True
2003,NZ,35130.121978,2945.974,2003-05-01,5592.99,2003-01-01,365,365,True,True
2004,NI,6595.523626,567.661,2004-09-11,1027.331,2004-03-03,366,366,True,True
2004,SI,32944.453315,2560.64,2004-10-28,6378.242,2004-03-12,366,366,True,True
2004,NZ,39539.976941,3300.877,2004-10-12,7293.147,2004-03-12,366,366,True,True
2005,NI,4909.968662,390.848,2005-07-08,934.505,2005-01-03,365,365,True,True
2005,SI,27124.411766,2079.312,2005-12-07,5920.402,2005-03-12,365,365,True,True
2005,NZ,32034.380429,2747.381,2005-12-08,6483.556,2005-03-12,365,365,True,True
2006,NI,5855.91863,594.066,2006-11-07,960.858,2006-02-12,365,365,True,True
2006,SI,31421.669904,1940.895,2006-08-17,5620.518,2006-12-02,365,365,True,True
2006,NZ,37277.588534,2805.349,2006-08-17,6418.091,2006-12-02,365,365,True,True
2007,NI,4883.301562,359.463,2007-06-29,855.57,2007-01-30,365,365,True,True
2007,SI,28212.877584,2163.497,2007-09-30,5315.648,2007-01-01,365,365,True,True
2007,NZ,33096.179146,2708.402,2007-09-30,6093.63,2007-01-01,365,365,True,True
2008,NI,5648.992963,119.295,2008-04-14,961.268,2008-08-18,366,366,True,True
2008,SI,28880.734205,1371.077,2008-08-21,5343.85,2008-12-23,366,366,True,True
2008,NZ,34529.727168,2272.483,2008-06-12,6108.127,2008-12-31,366,366,True,True
2009,NI,5060.945232,235.831,2009-06-26,859.354,2009-10-19,365,365,True,True
2009,SI,32846.268182,3343.755,2009-11-20,7298.148,2009-05-19,365,365,True,True
2009,NZ,37907.213414,3983.903,2009-07-21,7619.297,2009-05-19,365,365,True,True
2010,NI,5563.149898,78.727,2010-05-12,1047.211,2010-09-23,365,365,True,True
2010,SI,34967.093472,3046.855,2010-07-31,7712.761,2010-05-01,365,365,True,True
2010,NZ,40530.24337,3462.508,2010-07-31,7854.335,2010-05-01,365,365,True,True
2011,NI,5948.486554,455.847,2011-10-02,1047.202,2011-01-25,365,365,True,True
2011,SI,31054.625597,2153.915,2011-10-11,6872.019,2011-02-08,365,365,True,True
2011,NZ,37003.11215,2636.162,2011-10-11,7802.255,2011-02-08,365,365,True,True
2012,NI,5745.574598,395.929,2012-07-14,872.058,2012-01-12,366,366,True,True
2012,SI,27084.630528,2175.406,2012-08-25,4930.627,2012-11-04,366,366,True,True
2012,NZ,32830.205126,2756.611,2012-09-01,5633.622,2012-11-04,366,366,True,True
2013,NI,4297.205779,132.413,2013-04-16,788.008,2013-11-08,365,365,True,True
2013,SI,35723.647469,3153.735,2013-09-07,7408.291,2013-01-12,365,365,True,True
2013,NZ,40020.853248,3466.986,2013-04-26,7944.673,2013-01-12,365,365,True,True
2014,NI,4302.660557,161.168,2014-06-09,755.052,2014-01-09,365,365,True,True
2014,SI,33343.150435,2503.804,2014-10-05,6151.947,2014-01-13,365,365,True,True
2014,NZ,37645.810992,3060.479,2014-10-05,6900.846,2014-01-09,365,365,True,True
2015,NI,4939.330925,304.918,2015-04-09,831.771,2015-09-27,365,365,True,True
2015,SI,31683.193027,2722.346,2015-10-01,5696.646,2015-05-15,365,365,True,True
2015,NZ,36622.523952,3281.793,2015-04-06,6158.873,2015-05-16,365,365,True,True
2016,NI,5426.89969,255.729,2016-05-13,931.631,2016-11-18,366,366,True,True
2016,SI,35110.414742,2696.763,2016-10-10,6464.929,2016-05-18,366,366,True,True
2016,NZ,40537.314432,3594.061,2016-10-10,6727.695,2016-05-18,366,366,True,True
2017,NI,6801.032678,523.281,2017-07-18,1005.32,2017-04-07,365,365,True,True
2017,SI,27628.634736,1924.523,2017-07-20,6224.131,2017-02-02,365,365,True,True
2017,NZ,34429.667414,2450.883,2017-07-20,6985.979,2017-02-02,365,365,True,True
2018,NI,5961.713098,421.796,2018-11-24,858.737,2018-02-16,365,365,True,True
2018,SI,31287.809002,2406.254,2018-09-13,5594.453,2018-05-24,365,365,True,True
2018,NZ,37249.522099,2982.926,2018-10-23,6214.153,2018-05-25,365,365,True,True
2019,NI,4609.075306,217.281,2019-05-27,895.401,2019-12-27,365,365,True,True
2019,SI,40505.51137,2355.103,2019-10-04,7838.104,2019-12-09,365,365,True,True
2019,NZ,45114.586675,2996.347,2019-10-04,8656.8,2019-12-09,365,365,True,True
2020,NI,3902.633309,182.663,2020-05-24,875.053,2020-01-04,366,366,True,True
2020,SI,32114.429597,2013.817,2020-08-28,7170.673,2020-02-06,366,366,True,True
2020,NZ,36017.062906,2326.548,2020-08-28,7860.755,2020-02-06,366,366,True,True
2021,NI,4352.899738,105.32,2021-05-09,934.163,2021-12-17,365,365,True,True
2021,SI,34034.810947,2840.077,2021-04-10,5550.867,2021-09-14,365,365,True,True
2021,NZ,38387.710685,3046.874,2021-04-10,6312.916,2021-12-28,365,365,True,True
2022,NI,6720.252048,356.377,2022-05-29,988.673,2022-12-21,365,365,True,True
2022,SI,31158.718934,3270.279,2022-05-31,5811.602,2022-11-06,365,365,True,True
2022,NZ,37878.970982,3652.48,2022-05-30,6682.964,2022-11-06,365,365,True,True
2023,NI,5996.879971,393.979,2023-08-31,1019.607,2023-01-31,365,365,True,True
2023,SI,31839.093187,2695.272,2023-09-10,6935.67,2023-06-03,365,365,True,True
2023,NZ,37835.973158,3105.478,2023-09-06,7779.576,2023-06-03,365,365,True,True
2024,NI,4618.13616,232.046,2024-08-16,885.719,2024-01-06,366,366,True,True
2024,SI,35305.27776,1627.935,2024-08-22,5949.657,2024-12-16,366,366,True,True
2024,NZ,39923.41392,1905.322,2024-08-22,6741.071,2024-12-16,366,366,True,True
