date,represented_storage_mm3,price_mean_nzd_mwh,price_p95_nzd_mwh,price_max_nzd_mwh
2024-01-01,4555.157999999999,47.4293287037037,148.86522222222223,160.1577777777778
2024-01-02,4572.458,106.38622685185186,187.96827777777776,249.59333333333336
2024-01-03,4558.383,158.8929398148148,191.13627777777776,191.49222222222224
2024-01-04,4547.764,168.5255787037037,196.25366666666667,245.30777777777777
2024-01-05,4553.97,185.28435185185185,270.77483333333333,282.8977777777778
2024-01-06,4534.821,195.16671296296295,229.42972222222218,257.43888888888887
2024-01-07,4502.972,210.92347222222222,274.78094444444446,277.26222222222225
2024-01-08,4464.867,207.89944444444447,242.60055555555556,265.25666666666666
2024-01-09,4426.246999999999,220.62039351851854,281.4568333333333,283.44111111111107
2024-01-10,4379.716,228.07460648148148,277.09905555555554,303.6922222222222
2024-01-11,4360.664,225.3228472222222,270.6406111111111,288.49111111111114
2024-01-12,4336.093,253.61324074074074,296.4279444444444,296.52555555555557
2024-01-13,4300.845,246.71296296296296,279.0118888888889,285.6022222222222
2024-01-14,4384.034,228.53252314814813,282.17527777777775,285.2211111111111
2024-01-15,4479.213,239.2776388888889,287.6071666666666,295.2966666666667
2024-01-16,4461.933,231.90666666666667,263.17766666666665,279.49111111111114
2024-01-17,4427.302,326.82273148148147,423.78194444444443,469.3166666666667
2024-01-18,4386.048,336.21164351851854,410.5738333333333,456.02111111111117
2024-01-19,4454.933,284.35967592592596,308.38511111111114,310.3077777777778
2024-01-20,5047.452,238.6642824074074,303.47266666666667,307.1677777777778
2024-01-21,5319.221,233.66113425925926,307.02577777777776,309.3933333333333
2024-01-22,5378.179,242.99965277777778,268.3646111111111,280.80222222222227
2024-01-23,5481.816,129.77349537037037,250.25300000000001,252.91
2024-01-24,5570.089,132.98645833333333,242.79538888888882,256.63111111111107
2024-01-25,5557.322,132.98916666666665,169.4242222222222,221.57777777777778
2024-01-26,5520.519,143.83849537037037,189.95977777777776,195.08666666666667
2024-01-27,5655.195,42.67069444444444,138.13588888888887,192.14111111111112
2024-01-28,5838.226,103.57331018518518,196.28827777777778,231.47333333333336
2024-01-29,5949.539,30.542314814814816,116.29838888888888,139.76
2024-01-30,5945.274,174.96064814814815,612.2765555555554,739.6777777777778
2024-01-31,5916.152,188.24391203703703,411.56794444444444,528.7866666666666
2024-02-01,5875.843,151.73699074074074,260.4092222222222,274.3588888888889
2024-02-02,5853.211,53.04289351851852,113.97194444444443,179.72777777777776
2024-02-03,5842.845,9.020069444444445,40.68305555555555,70.70111111111112
2024-02-04,5824.138,7.267662037037037,17.099888888888888,30.764444444444443
2024-02-05,5837.0560000000005,50.62979166666667,140.189,147.89999999999998
2024-02-06,5860.063,122.57157407407408,207.7867222222222,230.4811111111111
2024-02-07,5934.722,186.83620370370372,349.52599999999984,650.9744444444445
2024-02-08,5906.413,162.26789351851852,248.2562777777777,268.1744444444444
2024-02-09,5842.62,145.41226851851852,200.8536111111111,214.2388888888889
2024-02-10,5780.539,113.220625,184.22505555555554,209.89888888888888
2024-02-11,5728.134,64.87761574074074,173.7228888888889,200.41666666666666
2024-02-12,5651.117,151.1853935185185,217.6898333333333,220.95
2024-02-13,5585.544,164.4326851851852,200.8192222222222,210.00666666666666
2024-02-14,5525.118,138.68921296296296,200.69766666666666,216.23
2024-02-15,5542.267,164.6845138888889,241.6855,244.37111111111113
2024-02-16,5613.966,214.65597222222223,244.23844444444444,245.70222222222225
2024-02-17,5590.295,190.42631944444443,227.32783333333333,233.01222222222225
2024-02-18,5553.229,137.1075,206.67116666666666,209.78666666666666
2024-02-19,5539.441,135.17923611111112,231.7267222222222,240.39999999999998
2024-02-20,5508.255,156.7269212962963,229.93522222222225,340.0022222222222
2024-02-21,5465.928,191.78340277777775,263.6578333333333,340.0988888888889
2024-02-22,5413.128,295.35719907407406,430.80400000000003,819.678888888889
2024-02-23,5348.745,179.3222685185185,251.37311111111106,283.58666666666664
2024-02-24,5320.323,88.42740740740742,161.9281111111111,174.3111111111111
2024-02-25,5366.466,130.1965972222222,230.86655555555555,282.48777777777775
2024-02-26,5338.201,230.5132638888889,308.05277777777775,346.7111111111111
2024-02-27,5294.181,222.63574074074074,269.88894444444446,294.29555555555555
2024-02-28,5241.7029999999995,208.3997222222222,246.98138888888886,251.54555555555555
2024-02-29,5195.435,218.2423611111111,259.1603333333333,271.54999999999995
2024-03-01,5145.502,213.61680555555554,239.45666666666665,250.30555555555554
2024-03-02,5102.2880000000005,182.25875,236.82394444444444,239.82555555555552
2024-03-03,5069.597,151.35550925925926,231.38844444444445,248.85000000000002
2024-03-04,5098.402,189.4209259259259,267.2902222222222,270.9788888888889
2024-03-05,5143.567,123.42851851851852,227.02155555555555,240.2877777777778
2024-03-06,5119.685,195.5326851851852,250.79572222222222,420.5855555555556
2024-03-07,5097.004,158.97097222222223,223.33994444444443,232.18555555555557
2024-03-08,5077.918,180.8139351851852,252.9321111111111,300.7733333333333
2024-03-09,5043.998,195.22828703703703,249.34577777777776,250.82444444444445
2024-03-10,5008.913,205.18381944444445,244.47505555555554,249.41666666666666
2024-03-11,4986.894,180.56016203703703,260.9153333333333,270.80222222222227
2024-03-12,4925.517,237.63194444444446,287.0277222222222,328.88666666666666
2024-03-13,4887.209,222.90939814814814,279.8952777777778,286.93
2024-03-14,4847.891,222.02817129629628,257.1602222222222,271.17555555555555
2024-03-15,4818.224999999999,227.42863425925927,260.99066666666664,263.38111111111107
2024-03-16,4795.952,195.9837962962963,245.37061111111112,258.6211111111111
2024-03-17,4759.952,177.1113425925926,248.5902222222222,253.59111111111113
2024-03-18,4703.226000000001,209.57122685185186,265.77761111111107,271.4088888888889
2024-03-19,4633.183,250.51243055555554,271.39033333333333,272.0733333333333
2024-03-20,4566.406,264.2319444444444,326.37488888888885,559.098888888889
2024-03-21,4497.603,273.5298148148148,308.50866666666667,400.9211111111111
2024-03-22,4420.576,279.71372685185185,304.79227777777777,346.53222222222223
2024-03-23,4351.284,278.91298611111114,301.99238888888885,304.78333333333336
2024-03-24,4301.263,257.5621527777778,289.2344444444444,295.47555555555556
2024-03-25,4309.654,235.4334490740741,277.433,294.7555555555556
2024-03-26,4408.704,252.59574074074075,285.223,296.8311111111111
2024-03-27,4491.984,255.54946759259258,278.98216666666667,281.69444444444446
2024-03-28,4549.409,240.5347222222222,274.4720555555556,278.04
2024-03-29,4543.897,247.94527777777776,270.94761111111114,272.7655555555555
2024-03-30,4516.489,249.34375,270.5011666666667,271.3777777777778
2024-03-31,4669.4400000000005,253.74543981481483,269.9015,271.4122222222222
2024-04-01,4620.117,254.77944444444447,280.43416666666667,280.7744444444445
2024-04-02,4567.825,272.965625,290.0386111111111,292.57666666666665
2024-04-03,4511.496,253.91418981481482,285.6077222222222,310.8966666666667
2024-04-04,4465.118,272.5796759259259,308.35383333333334,309.4766666666667
2024-04-05,4420.976000000001,266.86949074074073,313.85083333333336,330.46333333333337
2024-04-06,4369.292,252.61865740740743,272.8793888888889,280.80111111111114
2024-04-07,4320.7480000000005,255.73935555555556,296.61066666666665,301.7033333333333
2024-04-08,4266.044,256.59344907407404,300.8165,312.7944444444445
2024-04-09,4241.22,215.7140046296296,255.07588888888887,277.94888888888886
2024-04-10,4421.399,222.4593287037037,267.9507777777778,271.05555555555554
2024-04-11,4886.979,251.4570138888889,278.8256666666666,280.7933333333333
2024-04-12,5475.8189999999995,222.73069444444445,277.50505555555554,279.06666666666666
2024-04-13,5705.023,176.68233796296295,259.5705,261.9344444444444
2024-04-14,5781.32,153.99439814814815,258.1078888888889,269.3577777777778
2024-04-15,5785.601,186.90131944444445,278.9218333333333,284.74888888888887
2024-04-16,5769.597,162.6563425925926,240.50905555555556,254.0222222222222
2024-04-17,5745.589,163.7761111111111,256.3943888888889,281.1088888888889
2024-04-18,5715.329,128.6891898148148,213.16055555555556,245.96666666666664
2024-04-19,5708.181,198.9737037037037,270.89944444444444,282.1166666666667
2024-04-20,5686.728,218.97766203703702,317.8520555555555,359.09999999999997
2024-04-21,5652.599999999999,204.48159722222223,254.84005555555555,270.54
2024-04-22,5606.781,218.40365740740742,279.9073333333333,280.6844444444444
2024-04-23,5538.826,244.48796296296294,277.6687777777778,284.1455555555556
2024-04-24,5491.493,219.64817129629628,251.811,265.8722222222222
2024-04-25,5490.716,196.33087962962964,248.7351666666667,256.0877777777778
2024-04-26,5569.378,185.8534259259259,248.28622222222222,256.54777777777775
2024-04-27,5570.991,216.25870370370373,246.147,249.63222222222223
2024-04-28,5539.315,236.2313425925926,260.39216666666664,271.7055555555555
2024-04-29,5491.566,256.7522916666667,283.2849444444445,525.9433333333333
2024-04-30,5448.725,238.006875,272.0548888888889,276.4822222222222
2024-05-01,5469.978,226.1687037037037,264.2767222222222,475.9266666666667
2024-05-02,5454.71,235.13108796296297,264.6692777777778,303.5588888888889
2024-05-03,5404.975,240.91208333333336,279.2220555555556,388.55111111111114
2024-05-04,5335.969,229.81814814814814,256.6386111111111,261.0422222222222
2024-05-05,5267.29,230.8805324074074,255.57616666666667,265.53666666666663
2024-05-06,5196.373,235.3699537037037,269.2882222222222,399.7711111111111
2024-05-07,5128.359,248.33627314814814,276.263,438.38111111111107
2024-05-08,5046.704,650.098912037037,3245.130166666666,4567.832222222222
2024-05-09,4965.967,478.06692129629624,1760.455833333332,3296.8777777777777
2024-05-10,4873.216,349.75474537037036,526.1633333333333,3016.8733333333334
2024-05-11,4785.999,262.2925462962963,294.53,414.8566666666667
2024-05-12,4697.313,270.48541666666665,325.4487222222222,553.8088888888889
2024-05-13,4614.662,310.89613425925927,518.8322222222222,647.3622222222223
2024-05-14,4539.0779999999995,391.82990740740746,725.3492222222221,2022.9744444444445
2024-05-15,4476.031,271.1657175925926,295.72738888888887,337.01222222222225
2024-05-16,4412.206,264.0649305555556,288.4476111111111,299.1033333333333
2024-05-17,4348.226,271.7413425925926,335.6362222222222,364.31111111111113
2024-05-18,4313.452,252.9394675925926,314.5647222222222,344.9211111111111
2024-05-19,4298.647,275.923587962963,290.1925,293.94888888888886
2024-05-20,4242.242,391.4640509259259,589.4322222222222,706.5822222222222
2024-05-21,4209.025,250.2033796296296,297.12066666666664,301.24333333333334
2024-05-22,4189.3589999999995,241.15826388888888,300.60805555555555,301.4944444444444
2024-05-23,4144.628,292.58886574074074,328.17277777777775,362.00888888888886
2024-05-24,4078.66,304.2515972222222,363.1798333333333,408.09333333333336
2024-05-25,4011.471,271.9509953703704,293.30749999999995,294.4566666666667
2024-05-26,3964.171,223.34560185185185,289.62955555555556,289.97222222222223
2024-05-27,3904.96,306.9670601851852,498.3904444444442,640.3477777777778
2024-05-28,3834.8709999999996,314.5465046296296,432.52177777777774,616.651111111111
2024-05-29,3782.417,337.46965277777775,559.0127777777776,754.2522222222221
2024-05-30,3724.91,289.08928240740744,327.2037222222222,363.6277777777778
2024-05-31,3685.384,231.63319444444446,265.2733888888889,272.8611111111111
2024-06-01,3752.428,149.7025925925926,253.638,282.29
2024-06-02,3845.256,197.91974537037038,265.5326111111111,269.81
2024-06-03,3835.032,200.28578703703704,320.84616666666665,331.12
2024-06-04,3795.302,285.673587962963,326.57655555555556,326.6333333333333
2024-06-05,3742.514,300.4671064814815,328.23344444444444,329.4266666666667
2024-06-06,3689.3520000000003,287.55069444444445,324.82616666666667,329.31
2024-06-07,3639.1189999999997,283.78442129629633,304.38533333333334,316.9866666666667
2024-06-08,3586.455,262.1390740740741,299.87444444444446,301.6411111111111
2024-06-09,3541.4080000000004,275.0196990740741,309.74033333333335,316.07666666666665
2024-06-10,3560.237,211.45000000000002,283.9893333333333,292.31888888888886
2024-06-11,3558.4990000000003,254.48525462962962,308.12916666666666,316.99888888888887
2024-06-12,3504.755,302.1440277777778,342.82272222222224,405.37333333333333
2024-06-13,3458.0060000000003,288.1378009259259,319.05816666666664,327.9533333333333
2024-06-14,3458.252,280.004212962963,323.8257777777778,327.9477777777778
2024-06-15,3468.877,231.32092592592593,277.71972222222223,293.7322222222222
2024-06-16,3474.223,252.5812962962963,275.1656111111111,286.27666666666664
2024-06-17,3483.004,279.1145601851852,319.6649444444444,325.0733333333333
2024-06-18,3458.576,237.1786111111111,259.2041111111111,262.3933333333333
2024-06-19,3433.906,261.4279398148148,309.6813888888889,325.76
2024-06-20,3392.101,272.0433796296296,325.06888888888886,348.8488888888889
2024-06-21,3344.321,279.3998611111111,326.8118333333333,364.2366666666667
2024-06-22,3293.228,279.2987037037037,316.1297222222222,328.6277777777778
2024-06-23,3244.763,274.6275694444444,348.5476111111111,353.54555555555555
2024-06-24,3196.931,293.5428009259259,381.29872222222224,385.0488888888889
2024-06-25,3138.2650000000003,289.8163425925926,363.17661111111113,374.9766666666667
2024-06-26,3109.406,264.6253472222222,298.68833333333333,320.0077777777778
2024-06-27,3088.201,281.1507638888889,372.45816666666667,390.9088888888889
2024-06-28,3071.093,284.63567129629627,332.39127777777776,349.6066666666667
2024-06-29,3060.625,244.00819444444446,275.9958333333333,281.7655555555555
2024-06-30,3029.94,255.65525462962964,281.67216666666667,284.1144444444445
2024-07-01,3163.055,231.23798611111113,285.46344444444446,296.8155555555556
2024-07-02,3293.149,218.8703240740741,299.70011111111114,331.50333333333333
2024-07-03,3298.328,293.57108796296296,356.8786666666667,382.96333333333337
2024-07-04,3268.4759999999997,366.29543981481487,475.5881111111111,483.44777777777773
2024-07-05,3225.643,378.5327314814815,602.370333333333,2084.023333333333
2024-07-06,3188.988,338.3272685185185,481.37805555555553,509.9177777777778
2024-07-07,3153.142,307.9872222222222,459.3479444444444,508.0377777777778
2024-07-08,3115.5,296.2258796296296,354.87611111111113,401.3688888888889
2024-07-09,3063.842,325.97868055555557,440.60644444444443,475.0244444444445
2024-07-10,3007.8340000000003,355.97525462962966,455.60588888888884,521.5544444444445
2024-07-11,2951.999,329.5941898148148,437.44583333333327,460.0944444444445
2024-07-12,2899.496,349.8526851851852,445.48661111111113,465.24666666666667
2024-07-13,2848.561,373.68886574074077,490.8783888888888,519.9311111111111
2024-07-14,2799.7309999999998,362.7821527777778,469.6650555555555,494.6255555555556
2024-07-15,2750.952,366.83726851851856,548.5705,551.2111111111111
2024-07-16,2702.242,342.8046527777778,401.35961111111106,420.7311111111111
2024-07-17,2646.167,446.7977777777778,643.6398888888889,655.9877777777779
2024-07-18,2586.156,354.99125000000004,402.3277777777777,443.8355555555556
2024-07-19,2525.498,377.6056018518518,520.5303888888889,594.9977777777777
2024-07-20,2487.71,428.25608796296297,647.0595555555556,669.4577777777778
2024-07-21,2459.12,363.7843287037037,548.9092222222222,573.9766666666667
2024-07-22,2421.603,351.8644675925926,501.96877777777775,623.9522222222222
2024-07-23,2376.576,429.81164351851857,600.7898333333333,730.968888888889
2024-07-24,2318.3669999999997,426.23375000000004,644.6703333333334,721.81
2024-07-25,2269.946,388.9648611111111,500.6186111111111,587.8377777777778
2024-07-26,2233.205,397.0915277777778,584.4992222222221,830.7322222222223
2024-07-27,2263.718,357.84798611111114,408.03222222222223,501.54555555555555
2024-07-28,2284.491,386.4816666666666,471.29211111111107,521.5433333333334
2024-07-29,2286.928,517.0736574074074,860.5041111111111,876.1088888888888
2024-07-30,2312.1440000000002,524.6529166666667,773.499,839.3633333333333
2024-07-31,2299.988,398.02624999999995,464.94794444444443,486.8833333333333
2024-08-01,2271.173,457.6200462962963,577.1058333333333,672.8922222222222
2024-08-02,2236.605,644.7257638888889,841.4726111111111,846.6211111111111
2024-08-03,2195.554,765.9373842592591,866.6893888888889,868.2211111111111
2024-08-04,2150.856,818.7485416666667,885.7997222222223,895.7266666666667
2024-08-05,2104.98,819.4697916666665,884.5790555555556,889.5
2024-08-06,2053.652,863.410300925926,1102.696888888889,1397.5688888888888
2024-08-07,2001.454,886.2520370370371,1080.445722222222,1551.9955555555555
2024-08-08,1980.342,829.2583101851852,889.3290555555556,904.3911111111112
2024-08-09,1958.961,800.7396527777778,876.6754444444445,891.6711111111111
2024-08-10,1937.912,788.6228935185185,841.3856111111111,844.4311111111111
2024-08-11,1930.298,607.7187731481482,807.2737222222222,812.7444444444444
2024-08-12,1977.238,436.2325,714.6059999999999,799.0766666666666
2024-08-13,1976.904,594.8503240740741,800.5142222222222,841.281111111111
2024-08-14,1937.057,536.1944212962964,821.1308888888889,985.5422222222221
2024-08-15,1918.934,379.75275462962964,594.9838888888888,687.8988888888889
2024-08-16,1935.087,356.2553009259259,433.1348333333333,642.271111111111
2024-08-17,1947.024,462.79585648148145,855.7080555555555,869.9833333333333
2024-08-18,1982.888,407.38092592592596,735.8153888888888,825.2088888888889
2024-08-19,2004.734,441.90835648148146,754.2668888888888,849.9222222222222
2024-08-20,1982.517,464.37175925925925,663.9178888888889,757.5944444444444
2024-08-21,1937.556,410.45905092592596,554.0699999999999,606.9477777777778
2024-08-22,1905.3220000000001,354.29657407407404,441.7634444444444,472.8866666666666
2024-08-23,1913.021,274.7908564814815,333.90383333333335,342.55222222222227
2024-08-24,1971.741,168.83592592592592,246.36355555555554,278.2555555555556
2024-08-25,2084.051,210.72268518518516,278.4698333333333,283.2366666666667
2024-08-26,2220.809,295.09400462962964,492.47344444444434,596.2744444444445
2024-08-27,2279.706,178.20849537037034,339.44083333333333,350.52777777777777
2024-08-28,2339.808,116.38793981481483,215.30627777777775,242.11777777777777
2024-08-29,2477.385,94.73115740740741,351.21099999999973,824.548888888889
2024-08-30,2637.1099999999997,19.444537037037037,121.93338888888877,346.8722222222222
2024-08-31,2767.8740000000003,3.819606481481481,21.648333333333316,68.20777777777778
2024-09-01,2959.728,1.047777777777778,6.546944444444444,7.477777777777778
2024-09-02,3437.3160000000003,3.1821296296296295,15.041777777777767,39.983333333333334
2024-09-03,3860.1620000000003,6.063032407407408,22.039388888888887,25.535555555555554
2024-09-04,4052.641,47.8369212962963,145.80894444444442,181.04555555555555
2024-09-05,4087.284,48.19840277777778,148.9861111111111,275.01
2024-09-06,4100.6,12.956157407407408,42.82261111111109,107.98444444444445
2024-09-07,4234.248,6.893796296296297,35.798666666666634,82.58999999999999
2024-09-08,4410.465,4.959513888888888,15.332111111111102,21.66111111111111
2024-09-09,4484.887,24.875393518518518,98.79249999999996,167.80555555555554
2024-09-10,4636.593,44.12340277777778,92.56811111111111,125.40333333333335
2024-09-11,4670.381,103.20805555555556,254.14205555555552,289.7055555555555
2024-09-12,4733.191,90.98678240740742,197.27916666666667,229.27444444444447
2024-09-13,4913.481,121.55011574074075,224.11788888888887,229.84333333333336
2024-09-14,4946.869,111.9774537037037,238.9226111111111,251.70999999999998
2024-09-15,4947.262,89.20655092592592,226.7021111111111,250.33444444444447
2024-09-16,4936.37,140.07710648148148,290.09872222222225,301.7311111111111
2024-09-17,4893.2519999999995,291.9523611111111,321.76516666666663,3948.633333333333
2024-09-18,4834.912,160.0307175925926,249.78638888888887,274.6911111111111
2024-09-19,4833.79,97.37620370370371,212.1799444444444,245.59888888888887
2024-09-20,4844.68,114.80092592592592,236.83711111111108,294.9433333333333
2024-09-21,4836.12,22.365439814814817,97.00755555555553,142.99666666666667
2024-09-22,4846.323,15.81048611111111,80.34922222222218,130.4022222222222
2024-09-23,4878.235,24.52349537037037,106.77772222222221,154.1222222222222
2024-09-24,4942.466,66.49770833333334,238.2398333333333,281.1377777777777
2024-09-25,4950.777,91.34627314814814,206.6176111111111,234.04222222222222
2024-09-26,4998.122,95.23685185185185,215.23566666666665,226.97444444444443
2024-09-27,5131.602,142.73773148148146,224.2826111111111,228.01333333333332
2024-09-28,5116.284,66.00886574074075,126.67644444444444,139.30333333333334
2024-09-29,5069.39,73.76374396135266,177.49638888888887,193.98777777777778
2024-09-30,4816.175,109.60046296296296,160.6857222222222,163.97555555555556
2024-10-01,4746.787,65.37425925925926,139.51094444444442,162.5211111111111
2024-10-02,4719.959,113.9018287037037,199.06627777777777,206.04222222222222
2024-10-03,4820.284000000001,116.03516203703704,176.16299999999998,186.35777777777778
2024-10-04,4872.516,71.00546296296297,125.68727777777778,146.45
2024-10-05,4904.213,38.220115740740745,89.51583333333332,95.09333333333333
2024-10-06,4920.382,8.425,27.221166666666665,42.857777777777784
2024-10-07,4924.066,20.663935185185185,46.725333333333325,205.41333333333333
2024-10-08,4985.566,6.622245370370369,17.553055555555552,59.55888888888889
2024-10-09,5084.344,17.443796296296295,53.162277777777774,82.10555555555555
2024-10-10,5085.693,38.22210648148148,121.26266666666666,152.41
2024-10-11,5063.025,53.65152777777777,108.52799999999999,138.8211111111111
2024-10-12,5037.186,33.989375,72.19916666666667,87.65555555555555
2024-10-13,5011.11,82.08418981481482,178.56844444444442,188.88666666666666
2024-10-14,4966.178,117.80550925925927,168.935,196.33333333333334
2024-10-15,4895.735,117.54296296296296,194.37099999999998,200.1977777777778
2024-10-16,4825.565,120.52166666666666,193.12544444444444,197.3122222222222
2024-10-17,4755.285,109.243125,159.37766666666667,163.3311111111111
2024-10-18,4689.468,92.58657407407406,143.97455555555555,155.67555555555555
2024-10-19,4637.581,93.66194444444444,123.081,130.9788888888889
2024-10-20,4602.164,94.30613425925925,126.69938888888889,148.49222222222224
2024-10-21,4576.8189999999995,75.79715277777778,102.11577777777778,120.04333333333335
2024-10-22,4560.329,86.77805555555555,129.8357777777778,131.92111111111112
2024-10-23,4583.718,44.84532407407408,74.11427777777777,82.48222222222222
2024-10-24,4905.372,14.39599537037037,38.775166666666664,42.21666666666667
2024-10-25,5381.473,5.247060185185185,17.119111111111106,26.796666666666667
2024-10-26,5544.773,8.331967592592592,21.29572222222222,21.448888888888888
2024-10-27,5653.306,4.029120370370371,11.734555555555552,16.628888888888888
2024-10-28,5681.645,1.2005092592592592,4.313166666666667,8.412222222222223
2024-10-29,5680.3189999999995,7.285023148148149,22.01022222222222,24.038888888888888
2024-10-30,5666.113,22.014166666666668,72.16083333333333,104.19666666666666
2024-10-31,5652.202,10.368078703703704,41.125111111111096,63.221111111111114
2024-11-01,5673.2880000000005,11.487453703703702,25.66772222222222,63.635555555555555
2024-11-02,5697.467,8.040671296296297,16.314055555555555,22.142222222222223
2024-11-03,5682.759,28.540208333333336,93.69672222222222,97.06777777777778
2024-11-04,5652.92,31.675995370370373,130.90872222222217,160.1877777777778
2024-11-05,5667.9220000000005,69.09694444444445,150.78744444444445,232.76000000000002
2024-11-06,5668.696,92.03097222222222,123.63316666666667,139.62555555555556
2024-11-07,5643.959,73.9006712962963,129.69205555555556,146.23333333333332
2024-11-08,5687.668,16.31486111111111,48.9872222222222,68.65666666666667
2024-11-09,6101.218,2.532824074074074,10.344555555555555,13.476666666666667
2024-11-10,6383.258,14.500925925925927,58.68644444444442,74.62777777777778
2024-11-11,6450.966,29.199768518518514,96.13005555555554,112.48888888888888
2024-11-12,6443.568,48.21962962962963,133.357,156.11777777777777
2024-11-13,6402.202,86.11831018518518,165.76938888888887,196.49333333333334
2024-11-14,6353.966,54.50270833333334,103.96227777777777,109.99111111111111
2024-11-15,6388.071,50.60675925925926,108.05472222222222,110.77222222222223
2024-11-16,6444.0779999999995,2.8146064814814813,16.594611111111107,24.166666666666668
2024-11-17,6423.802,7.531412037037037,38.32072222222222,70.99777777777778
2024-11-18,6390.762,9.99699074074074,27.85755555555555,43.123333333333335
2024-11-19,6351.501,9.157569444444444,17.903277777777777,27.52111111111111
2024-11-20,6351.052,2.471273148148148,8.21411111111111,10.233333333333334
2024-11-21,6333.141,7.890532407407407,21.106666666666662,28.5
2024-11-22,6294.755,15.147708333333334,56.414,76.29777777777777
2024-11-23,6230.505,18.24814814814815,61.658055555555556,66.33666666666666
2024-11-24,6168.447,5.784675925925925,21.092555555555546,33.13666666666667
2024-11-25,6124.365,3.2717592592592593,13.963055555555547,20.77777777777778
2024-11-26,6084.8369999999995,32.60842592592593,103.92633333333333,116.45555555555555
2024-11-27,6046.461,50.41557870370371,105.04572222222222,130.5811111111111
2024-11-28,6039.246,16.811574074074073,44.22455555555555,58.739999999999995
2024-11-29,6060.885,39.98810185185185,89.64227777777775,128.13444444444445
2024-11-30,6041.7339999999995,26.217754629629628,68.52894444444445,70.37222222222222
2024-12-01,6014.157,40.50756944444444,69.56338888888888,70.44777777777777
2024-12-02,5976.563,59.04354166666667,96.08961111111111,131.98000000000002
2024-12-03,5969.861,51.41266203703703,100.98227777777777,114.91555555555556
2024-12-04,6016.9490000000005,43.79527777777778,80.79894444444444,82.08333333333333
2024-12-05,6136.724,38.67099537037037,61.46038888888888,76.14222222222222
2024-12-06,6150.404,62.33416666666667,97.14538888888889,113.34555555555556
2024-12-07,6139.017,28.94486111111111,58.893611111111106,65.13222222222223
2024-12-08,6158.275,7.723449074074074,29.1671111111111,38.38444444444444
2024-12-09,6267.907,32.98291666666667,58.129,61.657777777777774
2024-12-10,6337.624,22.080162037037038,59.48905555555555,61.843333333333334
2024-12-11,6392.186000000001,32.12826388888889,61.01688888888889,101.52666666666667
2024-12-12,6423.085999999999,166.20261574074075,397.070444444444,2542.7233333333334
2024-12-13,6496.266,10.014930555555557,34.15088888888889,35.15111111111111
2024-12-14,6605.284,19.077708333333334,34.590444444444444,34.80222222222223
2024-12-15,6734.488,30.322453703703705,52.7226111111111,67.30777777777777
2024-12-16,6741.071,73.44145833333333,134.33261111111113,142.24222222222224
2024-12-17,6739.605,26.668541666666666,36.13977777777778,38.675555555555555
2024-12-18,6713.482999999999,19.241736111111113,28.081055555555555,34.05888888888889
2024-12-19,6680.076,21.950208333333332,33.69788888888888,40.36888888888889
2024-12-20,6632.801,14.716319444444444,27.9435,40.138888888888886
2024-12-21,6600.852,4.006458333333334,15.11911111111111,15.924444444444443
2024-12-22,6586.494,2.5928935185185185,5.496333333333333,12.733333333333333
2024-12-23,6547.678,8.652731481481482,16.0785,16.092222222222222
2024-12-24,6504.994,11.82912037037037,18.825722222222222,23.44
2024-12-25,6465.553,6.982638888888889,9.844333333333333,9.913333333333334
2024-12-26,6446.0380000000005,3.6155324074074073,9.455,9.61
2024-12-27,6439.327,2.709513888888889,9.5335,9.556666666666667
2024-12-28,6413.414,4.558611111111111,9.537444444444445,9.61
2024-12-29,6379.407,3.9004398148148147,9.681611111111112,9.724444444444444
2024-12-30,6351.101,3.916736111111111,9.717388888888888,9.72111111111111
2024-12-31,6332.067,3.8337731481481483,9.345666666666666,9.491111111111111
