date,represented_storage_mm3,represented_site_count,month_day,storage_p05_mm3,storage_p25_mm3,storage_median_mm3,storage_p75_mm3,storage_p95_mm3,historical_years,price_mean_nzd_mwh,price_p95_nzd_mwh,price_max_nzd_mwh,thermal_generation_gwh,thermal_peak_mw
2024-01-01,4555.157999999999,10,01-01,3556.8923999999997,4740.2785,5497.246499999999,6230.4865,8177.7986500000015,44,47.4293287037037,148.86522222222223,160.1577777777778,8.54898,446.382
2024-01-02,4572.458,10,01-02,3575.8325,4740.2825,5576.0675,6220.1555,8041.622300000001,44,106.38622685185186,187.96827777777776,249.59333333333336,9.347677,459.938
2024-01-03,4558.383,10,01-03,3689.63595,4731.8994999999995,5564.9475,6314.93125,7949.106300000001,44,158.8929398148148,191.13627777777776,191.49222222222224,10.635853,540.026
2024-01-04,4547.764,10,01-04,3751.3010499999996,4778.058999999999,5554.253500000001,6541.92125,7875.71435,44,168.5255787037037,196.25366666666667,245.30777777777777,10.806694,513.2
2024-01-05,4553.97,10,01-05,3767.5563500000003,4855.7775,5538.3665,6699.04025,7788.33645,44,185.28435185185185,270.77483333333333,282.8977777777778,13.305382,813.028
2024-01-06,4534.821,10,01-06,3816.8484,4856.1615,5533.036,6706.47125,7689.1858,44,195.16671296296295,229.42972222222218,257.43888888888887,13.435169,663.386
2024-01-07,4502.972,10,01-07,3840.14405,4877.91425,5616.4705,6673.36325,7643.00105,44,210.92347222222222,274.78094444444446,277.26222222222225,13.968907,791.956
2024-01-08,4464.867,10,01-08,3987.7587,4851.97925,5665.1565,6636.3205,7593.677050000001,44,207.89944444444447,242.60055555555556,265.25666666666666,18.121778,881.986
2024-01-09,4426.246999999999,10,01-09,4236.9717,4901.013,5653.539,6678.9045,7505.9102,44,220.62039351851854,281.4568333333333,283.44111111111107,18.756185,894.746
2024-01-10,4379.716,10,01-10,4226.1336,4870.3547499999995,5838.5385,6668.93775,7545.590300000001,44,228.07460648148148,277.09905555555554,303.6922222222222,20.155663,987.796
2024-01-11,4360.664,10,01-11,4205.7918,4848.73275,5803.9775,6706.13925,7876.936850000001,44,225.3228472222222,270.6406111111111,288.49111111111114,19.658339,900.538
2024-01-12,4336.093,10,01-12,4179.9,4829.7695,5782.461499999999,6692.406499999999,7896.257700000001,44,253.61324074074074,296.4279444444444,296.52555555555557,19.801531,919.134
2024-01-13,4300.845,10,01-13,4181.7299,4847.32625,5754.4025,6709.6655,7905.61095,44,246.71296296296296,279.0118888888889,285.6022222222222,16.412449,729.872
2024-01-14,4384.034,10,01-14,4216.20925,4843.3755,5723.049999999999,6690.12625,7888.54335,44,228.53252314814813,282.17527777777775,285.2211111111111,14.953037,759.428
2024-01-15,4479.213,10,01-15,4175.7809,4817.51375,5669.931500000001,6654.31875,7810.216200000001,44,239.2776388888889,287.6071666666666,295.2966666666667,16.086181,801.046
2024-01-16,4461.933,10,01-16,4143.53755,4788.14675,5627.865,6630.643249999999,7865.1694,44,231.90666666666667,263.17766666666665,279.49111111111114,17.045311,795.32
2024-01-17,4427.302,10,01-17,4137.12115,4851.31425,5613.246,6599.4574999999995,7994.867400000001,44,326.82273148148147,423.78194444444443,469.3166666666667,19.562668,953.034
2024-01-18,4386.048,10,01-18,4165.0125,4908.89575,5673.4265,6549.786,7984.440950000001,44,336.21164351851854,410.5738333333333,456.02111111111117,19.812901,937.082
2024-01-19,4454.933,10,01-19,4209.33335,4983.197249999999,5708.8585,6515.543750000001,7995.69415,44,284.35967592592596,308.38511111111114,310.3077777777778,18.681138,892.222
2024-01-20,5047.452,10,01-20,4200.5695000000005,4974.90075,5698.4515,6470.17175,8061.452650000001,44,238.6642824074074,303.47266666666667,307.1677777777778,12.999264,736.026
2024-01-21,5319.221,10,01-21,4169.9293,4975.1815,5687.9655,6421.4845,8134.069550000002,44,233.66113425925926,307.02577777777776,309.3933333333333,14.407832,786.118
2024-01-22,5378.179,10,01-22,4133.675,5048.617,5705.4490000000005,6553.49575,8139.499700000001,44,242.99965277777778,268.3646111111111,280.80222222222227,18.457275,1004.47
2024-01-23,5481.816,10,01-23,4105.25935,5019.11075,5747.907,6594.0650000000005,8128.427750000001,44,129.77349537037037,250.25300000000001,252.91,12.526424,713.504
2024-01-24,5570.089,10,01-24,4087.4471,5017.817999999999,5753.965,6543.737,8087.259800000001,44,132.98645833333333,242.79538888888882,256.63111111111107,6.310409,417.516
2024-01-25,5557.322,10,01-25,4044.33525,5003.18325,5762.2785,6479.0095,8037.6993,44,132.98916666666665,169.4242222222222,221.57777777777778,6.643514,413.0
2024-01-26,5520.519,10,01-26,4030.6985999999997,5027.1095000000005,5736.7685,6444.88925,7965.593150000001,44,143.83849537037037,189.95977777777776,195.08666666666667,8.156453,539.37
2024-01-27,5655.195,10,01-27,4099.7306499999995,5058.4465,5715.960999999999,6459.474,8128.37625,44,42.67069444444444,138.13588888888887,192.14111111111112,7.271013,341.448
2024-01-28,5838.226,10,01-28,4116.23095,5075.949500000001,5720.1515,6401.61025,8409.9734,44,103.57331018518518,196.28827777777778,231.47333333333336,7.674335,371.254
2024-01-29,5949.539,10,01-29,4116.02185,5080.97275,5751.9725,6336.781000000001,8312.6579,44,30.542314814814816,116.29838888888888,139.76,7.039871,354.014
2024-01-30,5945.274,10,01-30,4092.5650499999997,5062.4577500000005,5719.178,6269.74925,8208.975550000001,44,174.96064814814815,612.2765555555554,739.6777777777778,9.27312,561.458
2024-01-31,5916.152,10,01-31,4077.53165,5044.26825,5709.804,6217.726250000001,8115.754350000001,44,188.24391203703703,411.56794444444444,528.7866666666666,10.80727,615.726
2024-02-01,5875.843,10,02-01,4093.8568,5031.91525,5783.416,6192.503999999999,8075.84805,44,151.73699074074074,260.4092222222222,274.3588888888889,7.944238,424.36
2024-02-02,5853.211,10,02-02,4166.1448,4990.10925,5796.3904999999995,6257.2384999999995,8082.161,44,53.04289351851852,113.97194444444443,179.72777777777776,7.49262,373.95
2024-02-03,5842.845,10,02-03,4156.61265,5033.679249999999,5764.1265,6392.156249999999,8069.2812,44,9.020069444444445,40.68305555555555,70.70111111111112,6.789074,309.108
2024-02-04,5824.138,10,02-04,4146.4010499999995,5015.4585,5743.496499999999,6508.120000000001,8020.82485,44,7.267662037037037,17.099888888888888,30.764444444444443,6.88912,340.6
2024-02-05,5837.0560000000005,10,02-05,4128.0185,5037.797500000001,5757.022,6618.079750000001,7968.88025,44,50.62979166666667,140.189,147.89999999999998,7.326016,388.378
2024-02-06,5860.063,10,02-06,4108.03365,4981.3445,5811.3515,6607.465,7935.6468,44,122.57157407407408,207.7867222222222,230.4811111111111,7.023708,432.418
2024-02-07,5934.722,10,02-07,4088.5983,4924.829,5783.906999999999,6558.944750000001,7880.6630000000005,44,186.83620370370372,349.52599999999984,650.9744444444445,11.04176,609.422
2024-02-08,5906.413,10,02-08,4055.9943,4884.6165,5761.996999999999,6509.30025,7806.4625,44,162.26789351851852,248.2562777777777,268.1744444444444,11.304604,556.824
2024-02-09,5842.62,10,02-09,4032.65825,4842.969,5742.291499999999,6537.23625,7743.8287,44,145.41226851851852,200.8536111111111,214.2388888888889,10.448089,511.672
2024-02-10,5780.539,10,02-10,4056.9089000000004,4820.765,5722.4185,6529.44925,7674.06485,44,113.220625,184.22505555555554,209.89888888888888,9.172639,445.534
2024-02-11,5728.134,10,02-11,4058.49715,4783.05325,5702.0419999999995,6505.380749999999,7675.97265,44,64.87761574074074,173.7228888888889,200.41666666666666,8.701342,461.92
2024-02-12,5651.117,10,02-12,4031.7964,4740.4394999999995,5714.872,6489.129,7649.736900000001,44,151.1853935185185,217.6898333333333,220.95,13.39329,703.466
2024-02-13,5585.544,10,02-13,4003.5393499999996,4688.4425,5692.673000000001,6465.662,7627.395,44,164.4326851851852,200.8192222222222,210.00666666666666,12.43427,633.544
2024-02-14,5525.118,10,02-14,3970.87695,4654.7975,5640.6990000000005,6491.046,7575.0905,44,138.68921296296296,200.69766666666666,216.23,13.601165,715.366
2024-02-15,5542.267,10,02-15,4093.0767,4655.942,5583.354,6509.85425,7514.64945,44,164.6845138888889,241.6855,244.37111111111113,13.687451,812.818
2024-02-16,5613.966,10,02-16,4155.78485,4632.45225,5563.9015,6458.48275,7432.57925,44,214.65597222222223,244.23844444444444,245.70222222222225,16.910314,805.568
2024-02-17,5590.295,10,02-17,4107.44975,4687.817999999999,5512.215,6432.3695,7477.85595,44,190.42631944444443,227.32783333333333,233.01222222222225,13.538471,651.986
2024-02-18,5553.229,10,02-18,4066.53,4729.45675,5468.9575,6438.94725,7479.14745,44,137.1075,206.67116666666666,209.78666666666666,11.382961,584.448
2024-02-19,5539.441,10,02-19,4034.29255,4865.56675,5429.755499999999,6414.79525,7473.33245,44,135.17923611111112,231.7267222222222,240.39999999999998,13.918353,730.608
2024-02-20,5508.255,10,02-20,3996.01405,4901.731,5380.867,6365.7474999999995,7481.845600000001,44,156.7269212962963,229.93522222222225,340.0022222222222,15.493726,912.716
2024-02-21,5465.928,10,02-21,3966.27115,4898.92325,5415.393,6317.690250000001,7429.9871,44,191.78340277777775,263.6578333333333,340.0988888888889,20.809952,1058.204
2024-02-22,5413.128,10,02-22,3920.2353000000003,4919.19025,5434.1555,6297.019249999999,7380.4844,44,295.35719907407406,430.80400000000003,819.678888888889,21.484774,1080.018
2024-02-23,5348.745,10,02-23,3870.9316000000003,4919.40575,5474.3205,6273.32575,7327.3165500000005,44,179.3222685185185,251.37311111111106,283.58666666666664,18.688365,964.084
2024-02-24,5320.323,10,02-24,3932.3540999999996,4902.98225,5437.387000000001,6283.536250000001,7300.9925,44,88.42740740740742,161.9281111111111,174.3111111111111,14.668146,709.996
2024-02-25,5366.466,10,02-25,3933.7693500000005,4859.13175,5415.586499999999,6254.259250000001,7277.1194,44,130.1965972222222,230.86655555555555,282.48777777777775,15.927419,959.628
2024-02-26,5338.201,10,02-26,3903.7847,4814.677,5397.51,6196.70975,7252.5089,44,230.5132638888889,308.05277777777775,346.7111111111111,19.631948,988.76
2024-02-27,5294.181,10,02-27,3908.9382499999997,4770.50075,5429.3295,6154.1965,7248.2792500000005,44,222.63574074074074,269.88894444444446,294.29555555555555,16.636292,886.978
2024-02-28,5241.7029999999995,10,02-28,3913.26375,4725.55325,5415.385,6146.785,7215.224700000001,44,208.3997222222222,246.98138888888886,251.54555555555555,19.822962,969.2
2024-02-29,5195.435,10,02-29,3944.4365,4729.9175,5709.503,6689.0345,7365.067999999999,11,218.2423611111111,259.1603333333333,271.54999999999995,20.401245,1012.012
2024-03-01,5145.502,10,03-01,4013.10385,4675.0905,5359.887500000001,6170.562,7301.6397,44,213.61680555555554,239.45666666666665,250.30555555555554,21.055516,1034.954
2024-03-02,5102.2880000000005,10,03-02,4014.6063,4629.27,5311.9775,6103.2145,7463.1373,44,182.25875,236.82394444444444,239.82555555555552,16.499939,838.058
2024-03-03,5069.597,10,03-03,4012.58505,4634.1875,5357.9465,6068.60975,7434.20905,44,151.35550925925926,231.38844444444445,248.85000000000002,15.494661,841.164
2024-03-04,5098.402,10,03-04,3988.9471999999996,4641.6,5453.873,6066.94675,7410.72305,44,189.4209259259259,267.2902222222222,270.9788888888889,16.825884,933.316
2024-03-05,5143.567,10,03-05,3936.118,4640.45375,5454.184,6033.80475,7371.2907000000005,44,123.42851851851852,227.02155555555555,240.2877777777778,12.313703,719.734
2024-03-06,5119.685,10,03-06,3885.5434,4608.998750000001,5425.7775,5989.663,7335.2441,44,195.5326851851852,250.79572222222222,420.5855555555556,19.422328,992.52
2024-03-07,5097.004,10,03-07,3896.2674500000003,4584.04975,5388.130999999999,5946.401,7341.65135,44,158.97097222222223,223.33994444444443,232.18555555555557,18.217691,991.15
2024-03-08,5077.918,10,03-08,3958.0585499999997,4566.74275,5343.0575,5975.40575,7443.795250000001,44,180.8139351851852,252.9321111111111,300.7733333333333,17.514245,931.444
2024-03-09,5043.998,10,03-09,3960.0398999999998,4554.9645,5302.683,6020.06825,7415.596100000001,44,195.22828703703703,249.34577777777776,250.82444444444445,14.070769,711.514
2024-03-10,5008.913,10,03-10,3970.05465,4541.956,5261.099,6097.8085,7514.134550000001,44,205.18381944444445,244.47505555555554,249.41666666666666,15.975696,910.462
2024-03-11,4986.894,10,03-11,4045.9370999999996,4562.86675,5211.892,6166.31775,7762.833350000001,44,180.56016203703703,260.9153333333333,270.80222222222227,17.890711,985.794
2024-03-12,4925.517,10,03-12,4064.2476,4580.804749999999,5218.608,6178.135249999999,7746.48005,44,237.63194444444446,287.0277222222222,328.88666666666666,22.268976,1137.824
2024-03-13,4887.209,10,03-13,4021.5004,4595.620000000001,5230.895,6238.59825,7718.752700000001,44,222.90939814814814,279.8952777777778,286.93,20.119646,1057.486
2024-03-14,4847.891,10,03-14,3972.889,4643.53225,5219.2029999999995,6303.8902499999995,7681.955500000001,44,222.02817129629628,257.1602222222222,271.17555555555555,22.663027,1233.628
2024-03-15,4818.224999999999,10,03-15,3930.12065,4611.77625,5183.1695,6316.15625,7640.837850000001,44,227.42863425925927,260.99066666666664,263.38111111111107,19.942103,1031.794
2024-03-16,4795.952,10,03-16,3879.55185,4586.60025,5171.8785,6279.65475,7623.588100000001,44,195.9837962962963,245.37061111111112,258.6211111111111,19.397608,1063.404
2024-03-17,4759.952,10,03-17,3851.01305,4538.575250000001,5154.446,6252.7607499999995,7610.1122000000005,44,177.1113425925926,248.5902222222222,253.59111111111113,16.808752,917.87
2024-03-18,4703.226000000001,10,03-18,3823.4582,4492.47675,5123.1265,6253.3175,7563.74455,44,209.57122685185186,265.77761111111107,271.4088888888889,20.817117,1057.416
2024-03-19,4633.183,10,03-19,3768.7632,4443.20025,5144.109,6238.233,7514.414900000001,44,250.51243055555554,271.39033333333333,272.0733333333333,22.142695,1089.028
2024-03-20,4566.406,10,03-20,3715.7300999999998,4395.841,5211.8405,6203.2095,7447.28165,44,264.2319444444444,326.37488888888885,559.098888888889,23.641049,1163.978
2024-03-21,4497.603,10,03-21,3661.0627,4364.101000000001,5214.1715,6162.461249999999,7421.23315,44,273.5298148148148,308.50866666666667,400.9211111111111,22.570073,1133.466
2024-03-22,4420.576,10,03-22,3645.6937000000003,4426.5635,5255.416,6127.3225,7418.7652,44,279.71372685185185,304.79227777777777,346.53222222222223,23.257511,1089.436
2024-03-23,4351.284,10,03-23,3617.97455,4396.4425,5252.467,6257.3745,7394.8437,44,278.91298611111114,301.99238888888885,304.78333333333336,22.080123,1041.362
2024-03-24,4301.263,10,03-24,3599.0049,4404.01225,5234.3045,6314.427250000001,7357.337399999999,44,257.5621527777778,289.2344444444444,295.47555555555556,22.684827,1097.18
2024-03-25,4309.654,10,03-25,3584.5781,4430.18375,5193.5795,6263.94675,7313.71,44,235.4334490740741,277.433,294.7555555555556,21.65292,1084.118
2024-03-26,4408.704,10,03-26,3550.0574,4448.213750000001,5177.9855,6213.47775,7246.8481,44,252.59574074074075,285.223,296.8311111111111,22.370842,1105.458
2024-03-27,4491.984,10,03-27,3514.66965,4468.7922499999995,5172.221,6168.52825,7218.382500000001,44,255.54946759259258,278.98216666666667,281.69444444444446,23.239086,1180.622
2024-03-28,4549.409,10,03-28,3505.2148,4436.5315,5180.371499999999,6132.4532500000005,7250.1896,44,240.5347222222222,274.4720555555556,278.04,22.256531,1186.048
2024-03-29,4543.897,10,03-29,3494.57195,4455.73825,5174.103499999999,6247.296,7266.2204,44,247.94527777777776,270.94761111111114,272.7655555555555,21.195563,1055.408
2024-03-30,4516.489,10,03-30,3458.0991999999997,4430.08475,5173.436,6208.03575,7273.134900000001,44,249.34375,270.5011666666667,271.3777777777778,18.944356,1007.28
2024-03-31,4669.4400000000005,10,03-31,3604.2115,4587.6515,5366.9655,6357.63375,7461.8640000000005,44,253.74543981481483,269.9015,271.4122222222222,19.399347,1003.25
2024-04-01,4620.117,10,04-01,3561.05605,4559.65225,5398.315500000001,6318.5025,7505.95255,44,254.77944444444447,280.43416666666667,280.7744444444445,19.604209,963.31
2024-04-02,4567.825,10,04-02,3521.8165,4533.5885,5391.1965,6269.738,7504.721500000001,44,272.965625,290.0386111111111,292.57666666666665,22.175944,1033.414
2024-04-03,4511.496,10,04-03,3509.6322499999997,4503.0195,5360.278,6252.00325,7479.7937999999995,44,253.91418981481482,285.6077222222222,310.8966666666667,21.667861,1041.0
2024-04-04,4465.118,10,04-04,3542.38905,4483.956749999999,5372.183999999999,6235.9665,7442.18545,44,272.5796759259259,308.35383333333334,309.4766666666667,21.524896,1034.48
2024-04-05,4420.976000000001,10,04-05,3559.2374,4511.472,5385.386,6214.675,7406.411,44,266.86949074074073,313.85083333333336,330.46333333333337,22.711398,1076.344
2024-04-06,4369.292,10,04-06,3547.8624,4556.201,5391.7210000000005,6300.768499999999,7352.743549999999,44,252.61865740740743,272.8793888888889,280.80111111111114,23.19182,1098.744
2024-04-07,4320.7480000000005,10,04-07,3536.9249,4537.83375,5375.1415,6271.235000000001,7489.409350000001,44,255.73935555555556,296.61066666666665,301.7033333333333,24.769781,1161.222
2024-04-08,4266.044,10,04-08,3574.13615,4529.54425,5364.0869999999995,6212.52575,7543.745050000001,44,256.59344907407404,300.8165,312.7944444444445,23.177082,1135.364
2024-04-09,4241.22,10,04-09,3591.0159999999996,4485.8555,5424.2045,6151.4045,7553.37755,44,215.7140046296296,255.07588888888887,277.94888888888886,23.109281,1193.528
2024-04-10,4421.399,10,04-10,3553.9532999999997,4459.8555,5446.360000000001,6107.11075,7546.85725,44,222.4593287037037,267.9507777777778,271.05555555555554,21.880519,1124.252
2024-04-11,4886.979,10,04-11,3525.42245,4448.15675,5471.353,6059.69475,7551.543900000001,44,251.4570138888889,278.8256666666666,280.7933333333333,16.157039,917.036
2024-04-12,5475.8189999999995,10,04-12,3492.5495499999997,4410.1695,5433.2815,5997.715,7587.2291,44,222.73069444444445,277.50505555555554,279.06666666666666,15.215728,835.386
2024-04-13,5705.023,10,04-13,3448.5353,4412.0965,5392.0275,5955.51825,7522.848,44,176.68233796296295,259.5705,261.9344444444444,10.854541,622.464
2024-04-14,5781.32,10,04-14,3415.9146,4396.60375,5354.067,6056.09775,7476.9397500000005,44,153.99439814814815,258.1078888888889,269.3577777777778,9.661573,600.376
2024-04-15,5785.601,10,04-15,3390.2433499999997,4366.71825,5320.695,6040.2485,7472.9078,44,186.90131944444445,278.9218333333333,284.74888888888887,13.866838,736.992
2024-04-16,5769.597,10,04-16,3409.0484500000002,4351.62225,5387.2945,6029.608249999999,7412.9310000000005,44,162.6563425925926,240.50905555555556,254.0222222222222,13.135104,704.26
2024-04-17,5745.589,10,04-17,3408.2186500000003,4362.45125,5386.1494999999995,6033.910500000001,7347.5554,44,163.7761111111111,256.3943888888889,281.1088888888889,12.530013,679.574
2024-04-18,5715.329,10,04-18,3421.85225,4317.374,5350.8695,6003.814249999999,7286.869750000001,44,128.6891898148148,213.16055555555556,245.96666666666664,11.629373,621.296
2024-04-19,5708.181,10,04-19,3431.43015,4253.251,5292.21,5994.387000000001,7218.718850000001,44,198.9737037037037,270.89944444444444,282.1166666666667,13.913485,784.176
2024-04-20,5686.728,10,04-20,3417.61735,4194.7175,5332.43,5979.961499999999,7213.123750000001,44,218.97766203703702,317.8520555555555,359.09999999999997,15.243675,793.396
2024-04-21,5652.599999999999,10,04-21,3386.2568,4144.98825,5420.79,5974.4310000000005,7266.7284500000005,44,204.48159722222223,254.84005555555555,270.54,14.51239,737.726
2024-04-22,5606.781,10,04-22,3372.92655,4219.9495,5399.619500000001,5951.37225,7264.5319,44,218.40365740740742,279.9073333333333,280.6844444444444,14.785677,770.124
2024-04-23,5538.826,10,04-23,3340.7349,4278.921,5370.3935,5913.78175,7222.94905,44,244.48796296296294,277.6687777777778,284.1455555555556,14.880266,715.732
2024-04-24,5491.493,10,04-24,3291.292,4289.497249999999,5339.950500000001,5872.83425,7225.5752,44,219.64817129629628,251.811,265.8722222222222,14.948219,742.032
2024-04-25,5490.716,10,04-25,3238.93145,4336.557,5313.13,5823.592,7221.69715,44,196.33087962962964,248.7351666666667,256.0877777777778,13.426084,712.78
2024-04-26,5569.378,10,04-26,3216.5845999999997,4308.74575,5290.4765,5950.052,7204.34685,44,185.8534259259259,248.28622222222222,256.54777777777775,13.492868,671.72
2024-04-27,5570.991,10,04-27,3181.1758999999997,4255.11375,5319.242,6006.576999999999,7227.84895,44,216.25870370370373,246.147,249.63222222222223,15.476785,743.174
2024-04-28,5539.315,10,04-28,3143.6985,4275.5025,5306.51,6027.855750000001,7239.552549999999,44,236.2313425925926,260.39216666666664,271.7055555555555,15.735926,786.282
2024-04-29,5491.566,10,04-29,3096.7169,4323.1272500000005,5261.824,6030.691,7372.22855,44,256.7522916666667,283.2849444444445,525.9433333333333,20.564224,982.702
2024-04-30,5448.725,10,04-30,3196.88295,4321.962750000001,5211.409,6039.3465,7557.54835,44,238.006875,272.0548888888889,276.4822222222222,19.86504,963.082
2024-05-01,5469.978,10,05-01,3241.73435,4296.798,5163.7744999999995,6020.561750000001,7549.8955000000005,44,226.1687037037037,264.2767222222222,475.9266666666667,20.918072,1038.288
2024-05-02,5454.71,10,05-02,3236.9175499999997,4267.11075,5140.482,5996.0505,7529.8862500000005,44,235.13108796296297,264.6692777777778,303.5588888888889,21.142459,1041.618
2024-05-03,5404.975,10,05-03,3218.5183500000003,4221.076,5211.209,5962.96775,7506.9025,44,240.91208333333336,279.2220555555556,388.55111111111114,21.701073,1090.458
2024-05-04,5335.969,10,05-04,3195.5885000000003,4245.273499999999,5229.989,5917.16375,7473.7308,44,229.81814814814814,256.6386111111111,261.0422222222222,19.83037,992.656
2024-05-05,5267.29,10,05-05,3230.2224499999998,4248.358249999999,5174.201999999999,5980.4675,7434.743750000001,44,230.8805324074074,255.57616666666667,265.53666666666663,18.065212,878.562
2024-05-06,5196.373,10,05-06,3219.6671,4284.7787499999995,5131.23,6018.4215,7399.639799999999,44,235.3699537037037,269.2882222222222,399.7711111111111,20.967186,1053.054
2024-05-07,5128.359,10,05-07,3197.2790999999997,4260.03525,5094.6939999999995,5983.75225,7363.5238,44,248.33627314814814,276.263,438.38111111111107,22.234658,1061.09
2024-05-08,5046.704,10,05-08,3168.6342999999997,4235.3155,5165.7565,6010.012000000001,7355.00485,44,650.098912037037,3245.130166666666,4567.832222222222,24.931912,1233.382
2024-05-09,4965.967,10,05-09,3218.2542,4222.6345,5185.156999999999,6106.489750000001,7297.5908500000005,44,478.06692129629624,1760.455833333332,3296.8777777777777,22.496306,1112.476
2024-05-10,4873.216,10,05-10,3271.18775,4209.42725,5230.317,6184.0355,7238.495,44,349.75474537037036,526.1633333333333,3016.8733333333334,24.871541,1287.904
2024-05-11,4785.999,10,05-11,3324.18615,4194.70175,5190.8465,6136.02725,7182.0237,44,262.2925462962963,294.53,414.8566666666667,21.527894,1155.8
2024-05-12,4697.313,10,05-12,3316.20075,4227.61075,5190.458500000001,6078.12725,7123.851000000001,44,270.48541666666665,325.4487222222222,553.8088888888889,22.511702,1222.946
2024-05-13,4614.662,10,05-13,3324.2623,4216.30975,5161.575,6022.17425,7071.20335,44,310.89613425925927,518.8322222222222,647.3622222222223,27.628316,1402.678
2024-05-14,4539.0779999999995,10,05-14,3306.0230500000002,4225.82675,5141.762500000001,6126.0775,7064.8357000000005,44,391.82990740740746,725.3492222222221,2022.9744444444445,28.307418,1459.62
2024-05-15,4476.031,10,05-15,3272.43435,4220.1355,5171.068499999999,6241.47575,7106.918100000001,44,271.1657175925926,295.72738888888887,337.01222222222225,27.143834,1336.356
2024-05-16,4412.206,10,05-16,3233.3179999999998,4177.30525,5218.2119999999995,6452.362,7085.36525,44,264.0649305555556,288.4476111111111,299.1033333333333,26.307481,1301.924
2024-05-17,4348.226,10,05-17,3198.77215,4131.6052500000005,5317.126,6467.00675,7264.365400000001,44,271.7413425925926,335.6362222222222,364.31111111111113,26.835573,1426.5
2024-05-18,4313.452,10,05-18,3172.9546,4091.94825,5299.731,6422.9130000000005,7476.0409500000005,44,252.9394675925926,314.5647222222222,344.9211111111111,23.358633,1266.63
2024-05-19,4298.647,10,05-19,3151.3240499999997,4060.4155,5255.7885,6371.930249999999,7475.090050000001,44,275.923587962963,290.1925,293.94888888888886,26.839202,1261.22
2024-05-20,4242.242,10,05-20,3189.1514,4113.88275,5277.858,6381.30875,7441.76295,44,391.4640509259259,589.4322222222222,706.5822222222222,28.042212,1361.278
2024-05-21,4209.025,10,05-21,3409.723,4145.8265,5367.7294999999995,6439.87625,7414.23725,44,250.2033796296296,297.12066666666664,301.24333333333334,23.350983,1202.99
2024-05-22,4189.3589999999995,10,05-22,3389.8227,4148.113,5402.153,6418.63375,7332.8864,44,241.15826388888888,300.60805555555555,301.4944444444444,21.474722,1143.832
2024-05-23,4144.628,10,05-23,3359.4859500000002,4155.36625,5399.0470000000005,6381.02425,7302.2759,44,292.58886574074074,328.17277777777775,362.00888888888886,26.813375,1249.208
2024-05-24,4078.66,10,05-24,3352.3557,4144.35775,5442.282,6327.396999999999,7365.587399999999,44,304.2515972222222,363.1798333333333,408.09333333333336,27.006821,1280.788
2024-05-25,4011.471,10,05-25,3407.5722,4170.650250000001,5463.137000000001,6279.5765,7317.84445,44,271.9509953703704,293.30749999999995,294.4566666666667,24.478955,1172.424
2024-05-26,3964.171,10,05-26,3437.6136,4206.207,5533.64,6241.8325,7256.432400000001,44,223.34560185185185,289.62955555555556,289.97222222222223,22.064797,1167.652
2024-05-27,3904.96,10,05-27,3449.9595999999997,4271.5197499999995,5491.661,6179.741999999999,7224.8027,44,306.9670601851852,498.3904444444442,640.3477777777778,25.071592,1287.88
2024-05-28,3834.8709999999996,10,05-28,3436.69185,4254.3755,5482.307000000001,6137.706,7184.6924,44,314.5465046296296,432.52177777777774,616.651111111111,26.510513,1370.674
2024-05-29,3782.417,10,05-29,3390.5027999999998,4219.40275,5488.469999999999,6199.18375,7136.37395,44,337.46965277777775,559.0127777777776,754.2522222222221,28.00569,1372.072
2024-05-30,3724.91,10,05-30,3351.6597500000003,4182.9995,5532.785,6308.1505,7100.91945,44,289.08928240740744,327.2037222222222,363.6277777777778,26.955533,1307.178
2024-05-31,3685.384,10,05-31,3304.5597000000002,4157.563249999999,5532.1175,6344.067000000001,7175.653200000001,44,231.63319444444446,265.2733888888889,272.8611111111111,22.905514,1082.406
2024-06-01,3752.428,10,06-01,3255.33695,4113.9307499999995,5504.9125,6335.18925,7234.73225,44,149.7025925925926,253.638,282.29,18.428731,888.694
2024-06-02,3845.256,10,06-02,3208.7215499999998,4150.5557499999995,5484.8335,6305.49575,7202.1621,44,197.91974537037038,265.5326111111111,269.81,19.894269,986.612
2024-06-03,3835.032,10,06-03,3170.0670999999998,4226.44675,5448.821,6275.16675,7166.75455,44,200.28578703703704,320.84616666666665,331.12,21.092295,1229.766
2024-06-04,3795.302,10,06-04,3129.1457,4226.49925,5404.8505000000005,6273.278,7187.3789,44,285.673587962963,326.57655555555556,326.6333333333333,25.2518,1282.796
2024-06-05,3742.514,10,06-05,3086.0773,4221.5,5488.6720000000005,6258.62275,7266.6222,44,300.4671064814815,328.23344444444444,329.4266666666667,27.090726,1281.696
2024-06-06,3689.3520000000003,10,06-06,3048.8999,4212.30125,5453.249,6228.9545,7276.7196,44,287.55069444444445,324.82616666666667,329.31,27.296007,1313.978
2024-06-07,3639.1189999999997,10,06-07,3020.4709,4203.68225,5395.098,6198.32975,7279.6866,44,283.78442129629633,304.38533333333334,316.9866666666667,25.939488,1206.64
2024-06-08,3586.455,10,06-08,2985.8684000000003,4158.36825,5332.5255,6159.2480000000005,7263.90555,44,262.1390740740741,299.87444444444446,301.6411111111111,25.111744,1233.796
2024-06-09,3541.4080000000004,10,06-09,3057.61285,4147.204250000001,5308.4035,6130.97625,7231.02305,44,275.0196990740741,309.74033333333335,316.07666666666665,21.861308,1061.662
2024-06-10,3560.237,10,06-10,3104.0483,4236.1894999999995,5393.3955,6159.62525,7160.9732,44,211.45000000000002,283.9893333333333,292.31888888888886,19.692769,1082.118
2024-06-11,3558.4990000000003,10,06-11,3072.3057000000003,4249.8165,5430.8369999999995,6165.536,7062.321550000001,44,254.48525462962962,308.12916666666666,316.99888888888887,24.798144,1350.57
2024-06-12,3504.755,10,06-12,3054.3321499999997,4236.884,5416.6855,6119.94875,7000.5674,44,302.1440277777778,342.82272222222224,405.37333333333333,27.682481,1357.47
2024-06-13,3458.0060000000003,10,06-13,3085.861,4246.754999999999,5394.335,6109.809749999999,7050.8059,44,288.1378009259259,319.05816666666664,327.9533333333333,27.070011,1303.784
2024-06-14,3458.252,10,06-14,3099.0531499999997,4222.0154999999995,5364.825999999999,6055.974,7036.4481,44,280.004212962963,323.8257777777778,327.9477777777778,26.89917,1326.808
2024-06-15,3468.877,10,06-15,3102.3616500000003,4233.6515,5378.91,6001.59125,7093.4809,44,231.32092592592593,277.71972222222223,293.7322222222222,22.101131,1139.086
2024-06-16,3474.223,10,06-16,3098.48805,4257.824999999999,5373.6155,6027.85625,7043.9545,44,252.5812962962963,275.1656111111111,286.27666666666664,21.819006,1177.104
2024-06-17,3483.004,10,06-17,3087.2210999999998,4259.47375,5331.915499999999,6006.91075,6982.67625,44,279.1145601851852,319.6649444444444,325.0733333333333,25.774932,1350.776
2024-06-18,3458.576,10,06-18,3067.0530999999996,4232.6865,5302.095499999999,6014.6505,6918.1647,44,237.1786111111111,259.2041111111111,262.3933333333333,23.093959,1191.244
2024-06-19,3433.906,10,06-19,3071.6860500000003,4242.9235,5318.0085,6032.7985,6854.524350000001,44,261.4279398148148,309.6813888888889,325.76,24.694731,1356.77
2024-06-20,3392.101,10,06-20,3053.59285,4258.173,5326.414,5988.762,6804.5619,44,272.0433796296296,325.06888888888886,348.8488888888889,26.822364,1341.596
2024-06-21,3344.321,10,06-21,3021.7334,4250.97075,5339.18,5939.09575,6768.7289,44,279.3998611111111,326.8118333333333,364.2366666666667,28.202361,1398.734
2024-06-22,3293.228,10,06-22,2992.3927,4222.92275,5343.2405,5882.59675,6814.05235,44,279.2987037037037,316.1297222222222,328.6277777777778,28.66303,1346.838
2024-06-23,3244.763,10,06-23,2981.8062499999996,4178.0165,5341.648999999999,5866.748750000001,6796.42555,44,274.6275694444444,348.5476111111111,353.54555555555555,27.844541,1356.036
2024-06-24,3196.931,10,06-24,2972.9816,4146.935750000001,5290.120999999999,5848.139499999999,6812.4466,44,293.5428009259259,381.29872222222224,385.0488888888889,29.142691,1421.846
2024-06-25,3138.2650000000003,10,06-25,2958.90555,4147.3585,5224.37,5802.28775,6804.3754,44,289.8163425925926,363.17661111111113,374.9766666666667,27.668319,1311.692
2024-06-26,3109.406,10,06-26,2928.6936499999997,4290.9995,5201.648499999999,5763.27625,6803.2709,44,264.6253472222222,298.68833333333333,320.0077777777778,26.299202,1307.18
2024-06-27,3088.201,10,06-27,2907.6551999999997,4279.2545,5125.128000000001,5794.11025,6758.6396,44,281.1507638888889,372.45816666666667,390.9088888888889,28.622985,1405.988
2024-06-28,3071.093,10,06-28,2876.4541,4223.69875,5106.932,5778.069,6837.55535,44,284.63567129629627,332.39127777777776,349.6066666666667,28.334127,1276.04
2024-06-29,3060.625,10,06-29,2834.2019999999998,4174.61225,5084.3345,5738.62025,6878.15805,44,244.00819444444446,275.9958333333333,281.7655555555555,25.813547,1269.334
2024-06-30,3029.94,10,06-30,2807.8070000000002,4119.56275,5040.2095,5685.34475,6894.6935,44,255.65525462962964,281.67216666666667,284.1144444444445,26.769413,1350.62
2024-07-01,3163.055,10,07-01,2830.4635000000003,4082.86125,5030.9455,5646.6365000000005,6864.694600000001,44,231.23798611111113,285.46344444444446,296.8155555555556,24.883989,1302.822
2024-07-02,3293.149,10,07-02,2863.65835,4174.15625,4966.9555,5620.04475,6803.12625,44,218.8703240740741,299.70011111111114,331.50333333333333,23.822935,1349.918
2024-07-03,3298.328,10,07-03,2872.5891,4235.7555,4941.0525,5577.01125,6725.492900000001,44,293.57108796296296,356.8786666666667,382.96333333333337,27.267903,1285.752
2024-07-04,3268.4759999999997,10,07-04,2822.4802999999997,4180.476,4936.1975,5540.00425,6647.0216,44,366.29543981481487,475.5881111111111,483.44777777777773,29.080092,1461.652
2024-07-05,3225.643,10,07-05,2766.453,4147.289,4981.8445,5529.593500000001,6575.2688,44,378.5327314814815,602.370333333333,2084.023333333333,28.908628,1353.522
2024-07-06,3188.988,10,07-06,2711.386,4138.28825,4980.943499999999,5496.679749999999,6549.95215,44,338.3272685185185,481.37805555555553,509.9177777777778,27.01815,1284.512
2024-07-07,3153.142,10,07-07,2672.37235,4135.887250000001,5007.151,5569.62525,6517.3357000000005,44,307.9872222222222,459.3479444444444,508.0377777777778,25.985106,1211.928
2024-07-08,3115.5,10,07-08,2635.6778,4115.933999999999,4986.9915,5569.2685,6494.1646,44,296.2258796296296,354.87611111111113,401.3688888888889,28.334931,1449.202
2024-07-09,3063.842,10,07-09,2594.3262499999996,4138.7055,4963.463,5556.0912499999995,6437.53415,44,325.97868055555557,440.60644444444443,475.0244444444445,28.397159,1380.286
2024-07-10,3007.8340000000003,10,07-10,2548.3219,4144.81725,4943.451999999999,5577.51375,6449.8173,44,355.97525462962966,455.60588888888884,521.5544444444445,28.542881,1371.434
2024-07-11,2951.999,10,07-11,2512.7942,4141.4335,4925.014999999999,5586.5535,6415.55205,44,329.5941898148148,437.44583333333327,460.0944444444445,30.086117,1736.56
2024-07-12,2899.496,10,07-12,2617.85475,4129.76325,4902.3369999999995,5537.4435,6377.10375,44,349.8526851851852,445.48661111111113,465.24666666666667,31.971206,1569.608
2024-07-13,2848.561,10,07-13,2612.3122,4138.3255,4879.360500000001,5476.669,6325.156000000001,44,373.68886574074077,490.8783888888888,519.9311111111111,30.7869,1447.834
2024-07-14,2799.7309999999998,10,07-14,2589.09105,4123.29975,4877.8645,5421.84425,6258.13835,44,362.7821527777778,469.6650555555555,494.6255555555556,30.010806,1487.118
2024-07-15,2750.952,10,07-15,2575.1708500000004,4088.52225,4878.9635,5469.16975,6195.801300000001,44,366.83726851851856,548.5705,551.2111111111111,32.209017,1526.232
2024-07-16,2702.242,10,07-16,2541.3375499999997,4035.5125,4845.5064999999995,5413.85825,6133.4653,44,342.8046527777778,401.35961111111106,420.7311111111111,31.034282,1449.2
2024-07-17,2646.167,10,07-17,2528.8709,3996.6755,4814.2865,5351.50925,6081.1943,44,446.7977777777778,643.6398888888889,655.9877777777779,33.817471,1652.38
2024-07-18,2586.156,10,07-18,2514.1889,3966.31175,4806.951499999999,5297.228,6045.754599999999,44,354.99125000000004,402.3277777777777,443.8355555555556,34.165202,1592.006
2024-07-19,2525.498,10,07-19,2493.1371,3963.1755000000003,4823.3945,5313.4075,6005.59645,44,377.6056018518518,520.5303888888889,594.9977777777777,32.705684,1493.704
2024-07-20,2487.71,10,07-20,2512.3429,3968.2275,4826.380999999999,5335.496,5954.593800000001,44,428.25608796296297,647.0595555555556,669.4577777777778,30.341021,1440.402
2024-07-21,2459.12,10,07-21,2570.86125,3950.648,4815.2845,5282.217250000001,5892.626,44,363.7843287037037,548.9092222222222,573.9766666666667,29.083185,1449.84
2024-07-22,2421.603,10,07-22,2572.3865,3936.94975,4816.2815,5299.76975,5831.44565,44,351.8644675925926,501.96877777777775,623.9522222222222,33.113408,1582.846
2024-07-23,2376.576,10,07-23,2615.4564,3921.7549999999997,4804.405000000001,5377.7595,5893.601,44,429.81164351851857,600.7898333333333,730.968888888889,33.626218,1557.394
2024-07-24,2318.3669999999997,10,07-24,2656.1369999999997,3908.1502499999997,4748.4335,5377.743,6031.41235,44,426.23375000000004,644.6703333333334,721.81,33.734973,1574.19
2024-07-25,2269.946,10,07-25,2698.81195,3878.5205,4686.962,5343.132250000001,5989.079950000001,44,388.9648611111111,500.6186111111111,587.8377777777778,32.195834,1532.226
2024-07-26,2233.205,10,07-26,2714.79595,3843.76925,4630.5555,5319.8845,5937.893400000001,44,397.0915277777778,584.4992222222221,830.7322222222223,31.411283,1421.826
2024-07-27,2263.718,10,07-27,2724.03835,3795.97125,4619.6115,5347.25225,5888.2675,44,357.84798611111114,408.03222222222223,501.54555555555555,26.335327,1282.81
2024-07-28,2284.491,10,07-28,2711.8552999999997,3744.5065,4583.5845,5322.232,5858.9971000000005,44,386.4816666666666,471.29211111111107,521.5433333333334,27.3322,1315.656
2024-07-29,2286.928,10,07-29,2678.1992,3691.132,4531.1155,5279.19175,5902.1049,44,517.0736574074074,860.5041111111111,876.1088888888888,29.243566,1357.648
2024-07-30,2312.1440000000002,10,07-30,2657.5126,3641.4475,4485.93,5241.445,5915.70905,44,524.6529166666667,773.499,839.3633333333333,30.827782,1492.286
2024-07-31,2299.988,10,07-31,2680.3427,3622.3772500000005,4452.013,5228.0445,5925.1831,44,398.02624999999995,464.94794444444443,486.8833333333333,29.696485,1504.108
2024-08-01,2271.173,10,08-01,2714.44405,3653.08175,4453.023999999999,5182.84325,5890.6751,44,457.6200462962963,577.1058333333333,672.8922222222222,32.568767,1734.388
2024-08-02,2236.605,10,08-02,2719.8404499999997,3779.792,4460.299499999999,5170.361999999999,5849.84765,44,644.7257638888889,841.4726111111111,846.6211111111111,34.317284,1677.63
2024-08-03,2195.554,10,08-03,2709.9298,3722.66575,4480.201,5161.83025,5827.458250000001,44,765.9373842592591,866.6893888888889,868.2211111111111,30.502043,1436.93
2024-08-04,2150.856,10,08-04,2691.0280500000003,3670.092,4488.8215,5163.3017500000005,5908.5019999999995,44,818.7485416666667,885.7997222222223,895.7266666666667,32.565321,1589.534
2024-08-05,2104.98,10,08-05,2662.3536,3611.4137499999997,4507.8015,5177.615,5947.2935,44,819.4697916666665,884.5790555555556,889.5,35.073576,1692.464
2024-08-06,2053.652,10,08-06,2648.33025,3554.203,4473.153,5203.111999999999,5989.758650000001,44,863.410300925926,1102.696888888889,1397.5688888888888,34.152741,1648.986
2024-08-07,2001.454,10,08-07,2687.2877,3498.5637500000003,4447.8935,5245.45675,6153.5726,44,886.2520370370371,1080.445722222222,1551.9955555555555,33.007125,1598.872
2024-08-08,1980.342,10,08-08,2672.4362,3446.225,4418.889999999999,5277.107,6199.502850000001,44,829.2583101851852,889.3290555555556,904.3911111111112,32.015511,1570.374
2024-08-09,1958.961,10,08-09,2677.13795,3471.50475,4384.1695,5254.1465,6183.055450000001,44,800.7396527777778,876.6754444444445,891.6711111111111,32.44094,1584.576
2024-08-10,1937.912,10,08-10,2767.7494,3435.9852499999997,4335.933,5225.1825,6143.50595,44,788.6228935185185,841.3856111111111,844.4311111111111,29.421224,1556.094
2024-08-11,1930.298,10,08-11,2917.194,3554.58075,4295.98,5182.266,6100.4052,44,607.7187731481482,807.2737222222222,812.7444444444444,28.620021,1460.306
2024-08-12,1977.238,10,08-12,2966.00925,3620.5344999999998,4293.2235,5137.4352499999995,6050.8037,44,436.2325,714.6059999999999,799.0766666666666,29.12835,1549.236
2024-08-13,1976.904,10,08-13,2998.1558,3610.59725,4293.592000000001,5083.7985,5983.97045,44,594.8503240740741,800.5142222222222,841.281111111111,32.561216,1699.032
2024-08-14,1937.057,10,08-14,2957.4046000000003,3627.7135,4335.9265,5146.523,5935.4305,44,536.1944212962964,821.1308888888889,985.5422222222221,35.090708,1909.06
2024-08-15,1918.934,10,08-15,2907.399,3675.46,4364.6585,5084.5725,5989.8544,44,379.75275462962964,594.9838888888888,687.8988888888889,32.868212,1661.38
2024-08-16,1935.087,10,08-16,2854.78055,3668.21475,4376.427,5040.71825,6238.11375,44,356.2553009259259,433.1348333333333,642.271111111111,30.46341,1604.766
2024-08-17,1947.024,10,08-17,2784.0735,3657.20325,4387.7705000000005,5003.55825,6180.541450000001,44,462.79585648148145,855.7080555555555,869.9833333333333,25.294677,1239.63
2024-08-18,1982.888,10,08-18,2716.1698499999998,3605.4835,4366.7465,4946.19,6131.59525,44,407.38092592592596,735.8153888888888,825.2088888888889,22.625544,1201.014
2024-08-19,2004.734,10,08-19,2685.5008,3566.64675,4370.0185,4925.6265,6228.235000000001,44,441.90835648148146,754.2668888888888,849.9222222222222,30.063735,1611.648
2024-08-20,1982.517,10,08-20,2664.49515,3576.91825,4336.739,4901.9015,6286.177600000001,44,464.37175925925925,663.9178888888889,757.5944444444444,32.608158,1703.93
2024-08-21,1937.556,10,08-21,2635.45495,3583.68475,4306.057500000001,4879.86975,6291.7158,44,410.45905092592596,554.0699999999999,606.9477777777778,33.594612,1738.092
2024-08-22,1905.3220000000001,10,08-22,2607.21205,3573.001,4301.805,4833.79325,6243.624900000001,44,354.29657407407404,441.7634444444444,472.8866666666666,31.570577,1554.672
2024-08-23,1913.021,10,08-23,2644.88035,3547.61175,4293.0615,4800.29425,6214.5373500000005,44,274.7908564814815,333.90383333333335,342.55222222222227,24.573958,1261.04
2024-08-24,1971.741,10,08-24,2656.49985,3510.7789999999995,4281.0935,4800.98,6200.9962000000005,44,168.83592592592592,246.36355555555554,278.2555555555556,20.423475,1124.276
2024-08-25,2084.051,10,08-25,2663.414,3494.9505,4271.6425,4778.74875,6171.92525,44,210.72268518518516,278.4698333333333,283.2366666666667,23.705647,1233.396
2024-08-26,2220.809,10,08-26,2675.5537,3510.40025,4256.043,4775.03875,6119.3801,44,295.09400462962964,492.47344444444434,596.2744444444445,26.601153,1397.752
2024-08-27,2279.706,10,08-27,2669.0385,3508.43475,4249.2474999999995,4728.537,6063.56715,44,178.20849537037034,339.44083333333333,350.52777777777777,20.327863,1211.236
2024-08-28,2339.808,10,08-28,2651.12975,3478.52225,4246.5945,4690.19075,6010.8498500000005,44,116.38793981481483,215.30627777777775,242.11777777777777,15.812714,1011.956
2024-08-29,2477.385,10,08-29,2623.7120999999997,3415.1352500000003,4228.3195,4646.19975,5957.884800000001,44,94.73115740740741,351.21099999999973,824.548888888889,14.743087,911.636
2024-08-30,2637.1099999999997,10,08-30,2595.67645,3366.85,4230.364,4595.9945,5891.08125,44,19.444537037037037,121.93338888888877,346.8722222222222,11.76747,630.312
2024-08-31,2767.8740000000003,10,08-31,2566.2596000000003,3327.08125,4230.732,4546.474249999999,5839.9742,44,3.819606481481481,21.648333333333316,68.20777777777778,11.539883,578.52
2024-09-01,2959.728,10,09-01,2524.76125,3302.437,4199.755,4502.407749999999,5818.5217999999995,44,1.047777777777778,6.546944444444444,7.477777777777778,10.75309,534.706
2024-09-02,3437.3160000000003,10,09-02,2516.2152,3268.6949999999997,4163.148499999999,4526.41675,5804.08015,44,3.1821296296296295,15.041777777777767,39.983333333333334,10.850624,632.504
2024-09-03,3860.1620000000003,10,09-03,2512.0929,3232.3894999999998,4111.413500000001,4513.433,5792.0998,44,6.063032407407408,22.039388888888887,25.535555555555554,10.09872,585.134
2024-09-04,4052.641,10,09-04,2515.1559500000003,3220.2515,4062.602,4558.538500000001,5764.07935,44,47.8369212962963,145.80894444444442,181.04555555555555,10.553303,753.28
2024-09-05,4087.284,10,09-05,2562.8475,3266.66975,4026.8540000000003,4623.97525,5728.6273,44,48.19840277777778,148.9861111111111,275.01,12.409704,937.218
2024-09-06,4100.6,10,09-06,2569.5136,3333.0825000000004,3979.6504999999997,4644.41425,5680.5842,44,12.956157407407408,42.82261111111109,107.98444444444445,10.121037,647.402
2024-09-07,4234.248,10,09-07,2567.4955499999996,3352.16525,3935.38,4692.9794999999995,5638.8149,44,6.893796296296297,35.798666666666634,82.58999999999999,10.138786,538.712
2024-09-08,4410.465,10,09-08,2537.0173,3388.296,3879.38,4753.5325,5651.1819000000005,44,4.959513888888888,15.332111111111102,21.66111111111111,9.299,482.464
2024-09-09,4484.887,10,09-09,2511.49165,3349.444,3903.907,4763.6195,5671.0175500000005,44,24.875393518518518,98.79249999999996,167.80555555555554,9.903517,661.436
2024-09-10,4636.593,10,09-10,2508.1819,3310.3245,3890.232,4772.9304999999995,5665.085300000001,44,44.12340277777778,92.56811111111111,125.40333333333335,9.966309,588.858
2024-09-11,4670.381,10,09-11,2476.3175,3282.3155,3941.7335,4775.02325,5666.786,44,103.20805555555556,254.14205555555552,289.7055555555555,12.195303,861.004
2024-09-12,4733.191,10,09-12,2435.0580499999996,3244.3865,3976.853,4778.319,5669.36005,44,90.98678240740742,197.27916666666667,229.27444444444447,11.49531,749.262
2024-09-13,4913.481,10,09-13,2429.53655,3210.937,3968.977,4744.757,5939.939550000001,44,121.55011574074075,224.11788888888887,229.84333333333336,11.375215,740.538
2024-09-14,4946.869,10,09-14,2619.77045,3205.81125,3962.3115,4731.512,6073.846750000001,44,111.9774537037037,238.9226111111111,251.70999999999998,10.199171,779.062
2024-09-15,4947.262,10,09-15,2737.65745,3211.53875,3930.9055,4757.86225,6073.20565,44,89.20655092592592,226.7021111111111,250.33444444444447,9.757062,765.524
2024-09-16,4936.37,10,09-16,2704.1016499999996,3170.43925,3998.4674999999997,4757.4415,6010.6003,44,140.07710648148148,290.09872222222225,301.7311111111111,12.323993,811.434
2024-09-17,4893.2519999999995,10,09-17,2658.60355,3256.812,3984.1220000000003,4732.076,5953.2348,44,291.9523611111111,321.76516666666663,3948.633333333333,13.51866,1002.004
2024-09-18,4834.912,10,09-18,2616.2876,3311.81225,3982.8455,4703.33175,5906.5258,44,160.0307175925926,249.78638888888887,274.6911111111111,14.405356,1039.766
2024-09-19,4833.79,10,09-19,2575.8651000000004,3297.9695,4002.0379999999996,4741.706,5858.524550000001,44,97.37620370370371,212.1799444444444,245.59888888888887,9.987707,651.528
2024-09-20,4844.68,10,09-20,2524.0549,3285.351,4011.505,4833.452,5862.39945,44,114.80092592592592,236.83711111111108,294.9433333333333,9.371035,637.92
2024-09-21,4836.12,10,09-21,2465.32595,3303.2484999999997,4054.428,4934.1335,5917.0335,44,22.365439814814817,97.00755555555553,142.99666666666667,9.575134,701.312
2024-09-22,4846.323,10,09-22,2427.97595,3312.7532499999998,4015.2705,5047.6505,6027.3463,44,15.81048611111111,80.34922222222218,130.4022222222222,7.787754,588.402
2024-09-23,4878.235,10,09-23,2390.08775,3336.3655,3963.3109999999997,5090.33575,6099.06945,44,24.52349537037037,106.77772222222221,154.1222222222222,9.668707,659.92
2024-09-24,4942.466,10,09-24,2355.52665,3378.75425,3934.4905000000003,5094.46125,6195.548400000001,44,66.49770833333334,238.2398333333333,281.1377777777777,10.253196,639.038
2024-09-25,4950.777,10,09-25,2326.5581,3363.29925,3949.1785,5070.06725,6382.022,44,91.34627314814814,206.6176111111111,234.04222222222222,12.547204,762.672
2024-09-26,4998.122,10,09-26,2294.3618,3370.1932500000003,3961.375,5062.0515,6417.26385,44,95.23685185185185,215.23566666666665,226.97444444444443,8.825404,528.144
2024-09-27,5131.602,10,09-27,2257.75635,3349.1400000000003,4039.982,5053.0445,6405.267250000001,44,142.73773148148146,224.2826111111111,228.01333333333332,12.107155,777.488
2024-09-28,5116.284,10,09-28,2332.3652999999995,3322.06425,4069.583,5019.955,6497.6001,44,66.00886574074075,126.67644444444444,139.30333333333334,10.818074,663.202
2024-09-29,5069.39,10,09-29,2310.10505,3307.13125,4076.102,5012.86825,6589.797550000001,44,73.76374396135266,177.49638888888887,193.98777777777778,9.838164,694.08
2024-09-30,4816.175,10,09-30,2127.7477000000003,3110.8865,3909.6879999999996,4812.88625,6422.479800000001,44,109.60046296296296,160.6857222222222,163.97555555555556,12.33789,694.664
2024-10-01,4746.787,10,10-01,2107.2311,3141.93725,3925.1165,4816.15425,6407.6839500000015,44,65.37425925925926,139.51094444444442,162.5211111111111,8.638111,542.124
2024-10-02,4719.959,10,10-02,2089.53075,3101.4192500000004,3945.3475,4847.22575,6376.629200000001,44,113.9018287037037,199.06627777777777,206.04222222222222,9.403793,682.27
2024-10-03,4820.284000000001,10,10-03,2075.4362,3092.57575,3953.4395000000004,4893.3727499999995,6334.387350000002,44,116.03516203703704,176.16299999999998,186.35777777777778,9.013079,634.264
2024-10-04,4872.516,10,10-04,2057.8489,3112.1835,4038.0375000000004,4862.2355,6307.02065,44,71.00546296296297,125.68727777777778,146.45,8.863895,550.944
2024-10-05,4904.213,10,10-05,2341.3013499999997,3176.8295,4081.541,4817.784,6351.5917500000005,44,38.220115740740745,89.51583333333332,95.09333333333333,8.78965,502.614
2024-10-06,4920.382,10,10-06,2323.1365,3233.6965,4238.7985,4778.52725,6383.745400000001,44,8.425,27.221166666666665,42.857777777777784,8.060511,611.848
2024-10-07,4924.066,10,10-07,2308.8445,3271.93075,4273.005999999999,4887.095499999999,6418.899950000001,44,20.663935185185185,46.725333333333325,205.41333333333333,9.555795,577.504
2024-10-08,4985.566,10,10-08,2284.2483,3319.45375,4232.941,5046.956,6422.751050000001,44,6.622245370370369,17.553055555555552,59.55888888888889,8.928691,574.16
2024-10-09,5084.344,10,10-09,2266.2885499999998,3311.6704999999997,4183.57,5163.4935,6454.12115,44,17.443796296296295,53.162277777777774,82.10555555555555,9.233874,561.026
2024-10-10,5085.693,10,10-10,2262.92565,3380.6245,4120.220499999999,5154.7135,6453.212500000001,44,38.22210648148148,121.26266666666666,152.41,9.317813,589.614
2024-10-11,5063.025,10,10-11,2259.2025,3376.6310000000003,4118.061,5105.81225,6456.25215,44,53.65152777777777,108.52799999999999,138.8211111111111,8.926842,648.486
2024-10-12,5037.186,10,10-12,2349.4939,3386.5685,4205.9525,5051.5325,6456.0868,44,33.989375,72.19916666666667,87.65555555555555,7.812818,525.106
2024-10-13,5011.11,10,10-13,2339.5388500000004,3395.92,4226.4735,5001.881249999999,6456.43415,44,82.08418981481482,178.56844444444442,188.88666666666666,9.239675,598.21
2024-10-14,4966.178,10,10-14,2342.5117999999998,3414.88575,4216.257,5011.79325,6442.57575,44,117.80550925925927,168.935,196.33333333333334,11.68116,760.272
2024-10-15,4895.735,10,10-15,2315.8316,3430.5095,4179.504,5147.3035,6438.35495,44,117.54296296296296,194.37099999999998,200.1977777777778,10.191283,697.602
2024-10-16,4825.565,10,10-16,2291.5851,3440.7690000000002,4141.21,5102.91925,6597.21945,44,120.52166666666666,193.12544444444444,197.3122222222222,10.179324,772.448
2024-10-17,4755.285,10,10-17,2303.5079,3404.137,4261.219999999999,5166.3765,6564.1915,44,109.243125,159.37766666666667,163.3311111111111,10.928512,632.864
2024-10-18,4689.468,10,10-18,2306.4836999999998,3360.03,4250.9895,5158.0,6509.15115,44,92.58657407407406,143.97455555555555,155.67555555555555,9.718876,548.782
2024-10-19,4637.581,10,10-19,2333.4364000000005,3345.6155,4283.239,5136.38875,6446.51645,44,93.66194444444444,123.081,130.9788888888889,10.232336,506.496
2024-10-20,4602.164,10,10-20,2455.79995,3327.5995,4257.8305,5119.3445,6532.02865,44,94.30613425925925,126.69938888888889,148.49222222222224,10.642762,546.77
2024-10-21,4576.8189999999995,10,10-21,2479.6121,3384.3715,4258.5645,5146.3279999999995,6605.277400000001,44,75.79715277777778,102.11577777777778,120.04333333333335,10.700598,584.9
2024-10-22,4560.329,10,10-22,2477.0494,3399.93875,4327.2785,5187.862,6618.91915,44,86.77805555555555,129.8357777777778,131.92111111111112,11.402513,569.556
2024-10-23,4583.718,10,10-23,2549.1727499999997,3403.37425,4332.0055,5178.168250000001,6594.78125,44,44.84532407407408,74.11427777777777,82.48222222222222,9.333214,482.376
2024-10-24,4905.372,10,10-24,2664.89345,3392.18375,4343.4035,5171.6545,6668.2981,44,14.39599537037037,38.775166666666664,42.21666666666667,8.293736,443.382
2024-10-25,5381.473,10,10-25,2687.6175,3385.893,4371.6044999999995,5242.06675,6885.224700000001,44,5.247060185185185,17.119111111111106,26.796666666666667,7.699558,402.596
2024-10-26,5544.773,10,10-26,2712.2635,3510.3247499999998,4364.985000000001,5259.87275,7070.3709,44,8.331967592592592,21.29572222222222,21.448888888888888,8.007825,492.202
2024-10-27,5653.306,10,10-27,2712.38285,3474.15,4346.414,5243.8175,7226.81965,44,4.029120370370371,11.734555555555552,16.628888888888888,7.096929,323.892
2024-10-28,5681.645,10,10-28,2713.6491499999997,3446.4610000000002,4335.029500000001,5231.20975,7244.955500000001,44,1.2005092592592592,4.313166666666667,8.412222222222223,9.08182,527.438
2024-10-29,5680.3189999999995,10,10-29,2711.477,3427.16075,4329.5785,5209.643,7255.36755,44,7.285023148148149,22.01022222222222,24.038888888888888,11.143297,550.696
2024-10-30,5666.113,10,10-30,2728.1583,3457.714,4288.8825,5247.529500000001,7311.33665,44,22.014166666666668,72.16083333333333,104.19666666666666,11.400033,557.488
2024-10-31,5652.202,10,10-31,2797.5993,3487.7477500000005,4318.427,5270.768,7288.02055,44,10.368078703703704,41.125111111111096,63.221111111111114,7.887189,462.91
2024-11-01,5673.2880000000005,10,11-01,2944.12625,3617.55875,4276.261,5254.302750000001,7227.752850000001,44,11.487453703703702,25.66772222222222,63.635555555555555,4.805461,310.168
2024-11-02,5697.467,10,11-02,2988.73045,3697.37325,4255.262,5348.0777499999995,7152.390350000001,44,8.040671296296297,16.314055555555555,22.142222222222223,4.114072,220.456
2024-11-03,5682.759,10,11-03,2999.13685,3739.292,4258.526,5340.30875,7080.0516,44,28.540208333333336,93.69672222222222,97.06777777777778,3.092313,284.106
2024-11-04,5652.92,10,11-04,3009.3911,3769.4915,4274.6325,5292.19725,7012.3196,44,31.675995370370373,130.90872222222217,160.1877777777778,3.732801,334.026
2024-11-05,5667.9220000000005,10,11-05,3045.8809499999998,3782.84175,4276.701,5340.68675,6940.537400000001,44,69.09694444444445,150.78744444444445,232.76000000000002,4.651275,322.81
2024-11-06,5668.696,10,11-06,3067.5129,3778.81225,4260.4645,5313.89525,6885.13395,44,92.03097222222222,123.63316666666667,139.62555555555556,7.356725,486.094
2024-11-07,5643.959,10,11-07,3048.7945,3911.01625,4261.432499999999,5266.409000000001,6818.6992,44,73.9006712962963,129.69205555555556,146.23333333333332,5.245734,349.912
2024-11-08,5687.668,10,11-08,3037.1646499999997,3922.45325,4266.7865,5212.518999999999,6739.09275,44,16.31486111111111,48.9872222222222,68.65666666666667,2.768567,170.482
2024-11-09,6101.218,10,11-09,3005.80555,3979.58025,4327.2785,5197.09175,6670.7747500000005,44,2.532824074074074,10.344555555555555,13.476666666666667,2.243053,109.72
2024-11-10,6383.258,10,11-10,3005.16565,4067.567,4340.655000000001,5265.064,6611.867749999999,44,14.500925925925927,58.68644444444442,74.62777777777778,2.166441,110.98
2024-11-11,6450.966,10,11-11,2982.36295,4057.74375,4315.995,5255.03525,6548.4373,44,29.199768518518514,96.13005555555554,112.48888888888888,4.281641,302.722
2024-11-12,6443.568,10,11-12,2967.65,4030.3610000000003,4303.264,5223.0995,6504.538350000001,44,48.21962962962963,133.357,156.11777777777777,5.733529,356.176
2024-11-13,6402.202,10,11-13,2970.33675,4037.4575,4309.664500000001,5210.4295,6461.2721,44,86.11831018518518,165.76938888888887,196.49333333333334,4.403102,307.068
2024-11-14,6353.966,10,11-14,2965.52665,4067.127,4383.809499999999,5323.42975,6407.7521,44,54.50270833333334,103.96227777777777,109.99111111111111,4.839653,336.438
2024-11-15,6388.071,10,11-15,2952.4561,4042.586,4495.892,5287.32125,6361.251749999999,44,50.60675925925926,108.05472222222222,110.77222222222223,3.325097,282.636
2024-11-16,6444.0779999999995,10,11-16,2940.721,4037.82775,4519.0425,5311.7970000000005,6322.5809,44,2.8146064814814813,16.594611111111107,24.166666666666668,2.240284,116.332
2024-11-17,6423.802,10,11-17,2958.32435,4005.82,4564.0355,5414.478,6473.59285,44,7.531412037037037,38.32072222222222,70.99777777777778,2.237171,117.162
2024-11-18,6390.762,10,11-18,3076.08415,3995.5195000000003,4591.1025,5454.44375,6404.2486,44,9.99699074074074,27.85755555555555,43.123333333333335,2.576192,171.342
2024-11-19,6351.501,10,11-19,3120.6966,3995.4635000000003,4643.567,5468.949500000001,6420.947950000001,44,9.157569444444444,17.903277777777777,27.52111111111111,2.680226,202.264
2024-11-20,6351.052,10,11-20,3233.25505,4058.07625,4614.5825,5509.787499999999,6449.91615,44,2.471273148148148,8.21411111111111,10.233333333333334,2.725872,197.858
2024-11-21,6333.141,10,11-21,3201.3571,4064.86725,4584.8875,5529.80825,6414.590950000001,44,7.890532407407407,21.106666666666662,28.5,2.471993,116.666
2024-11-22,6294.755,10,11-22,3160.3656,4106.21125,4661.635,5589.412,6361.768150000001,44,15.147708333333334,56.414,76.29777777777777,2.539781,204.25
2024-11-23,6230.505,10,11-23,3139.41785,4121.41025,4688.3505000000005,5584.7005,6336.74735,44,18.24814814814815,61.658055555555556,66.33666666666666,1.866447,91.628
2024-11-24,6168.447,10,11-24,3112.4986999999996,4173.25775,4710.4455,5635.7747500000005,6437.7715,44,5.784675925925925,21.092555555555546,33.13666666666667,3.045187,204.662
2024-11-25,6124.365,10,11-25,3080.69725,4230.97125,4771.7075,5708.28075,6500.5115000000005,44,3.2717592592592593,13.963055555555547,20.77777777777778,3.618655,208.43
2024-11-26,6084.8369999999995,10,11-26,3048.4130499999997,4281.53,4801.6125,5728.10375,6534.95935,44,32.60842592592593,103.92633333333333,116.45555555555555,3.082769,208.194
2024-11-27,6046.461,10,11-27,3023.3055,4359.904500000001,4770.589,5735.00525,6530.1372,44,50.41557870370371,105.04572222222222,130.5811111111111,4.870567,455.938
2024-11-28,6039.246,10,11-28,3001.7843,4344.980750000001,4750.6404999999995,5735.4965,6527.717750000001,44,16.811574074074073,44.22455555555555,58.739999999999995,5.652013,407.82
2024-11-29,6060.885,10,11-29,2982.80205,4340.0845,4756.700000000001,5776.40675,6516.46565,44,39.98810185185185,89.64227777777775,128.13444444444445,5.186147,377.11
2024-11-30,6041.7339999999995,10,11-30,2947.0127,4303.27575,4746.5185,5892.943,6506.193850000001,44,26.217754629629628,68.52894444444445,70.37222222222222,2.037891,109.644
2024-12-01,6014.157,10,12-01,2911.3515,4262.6765,4741.5315,5854.389,6477.66985,44,40.50756944444444,69.56338888888888,70.44777777777777,1.865197,108.452
2024-12-02,5976.563,10,12-02,2880.3926,4231.93425,4778.8475,5792.9165,6446.4240500000005,44,59.04354166666667,96.08961111111111,131.98000000000002,4.729009,450.57
2024-12-03,5969.861,10,12-03,2861.4,4257.41075,4853.388,5723.271,6569.1168,44,51.41266203703703,100.98227777777777,114.91555555555556,4.032052,216.258
2024-12-04,6016.9490000000005,10,12-04,2859.9271,4281.6045,4906.623,5652.458,6627.9406500000005,44,43.79527777777778,80.79894444444444,82.08333333333333,4.040736,253.066
2024-12-05,6136.724,10,12-05,2877.21315,4365.7375,4884.189,5702.43325,6737.5586,44,38.67099537037037,61.46038888888888,76.14222222222222,3.492548,247.04
2024-12-06,6150.404,10,12-06,2883.39095,4395.02025,4945.1945,5769.82725,6830.3778999999995,44,62.33416666666667,97.14538888888889,113.34555555555556,4.238664,274.576
2024-12-07,6139.017,10,12-07,2890.39235,4387.72275,4985.824500000001,5823.74025,6902.20215,44,28.94486111111111,58.893611111111106,65.13222222222223,2.493363,115.89
2024-12-08,6158.275,10,12-08,2885.0991,4386.6035,4972.6205,5842.48625,6984.1924500000005,44,7.723449074074074,29.1671111111111,38.38444444444444,2.32379,119.602
2024-12-09,6267.907,10,12-09,2877.82325,4373.2564999999995,4961.8335,5817.96025,7021.40805,44,32.98291666666667,58.129,61.657777777777774,3.269917,182.57
2024-12-10,6337.624,10,12-10,2874.4316,4343.324,5063.8735,5793.01925,7009.89475,44,22.080162037037038,59.48905555555555,61.843333333333334,3.089807,173.346
2024-12-11,6392.186000000001,10,12-11,2893.62965,4353.17575,5056.188,5769.529,6996.83745,44,32.12826388888889,61.01688888888889,101.52666666666667,4.300004,310.414
2024-12-12,6423.085999999999,10,12-12,2883.43215,4359.57675,5045.707,5766.90025,7156.61015,44,166.20261574074075,397.070444444444,2542.7233333333334,7.071162,612.448
2024-12-13,6496.266,10,12-13,2871.21065,4369.797500000001,5058.6535,5772.23675,7790.727900000001,44,10.014930555555557,34.15088888888889,35.15111111111111,3.182089,172.75
2024-12-14,6605.284,10,12-14,2875.9782,4345.00825,5033.017,5762.3315,7772.062750000002,44,19.077708333333334,34.590444444444444,34.80222222222223,1.892331,114.152
2024-12-15,6734.488,10,12-15,3237.7152,4311.938749999999,5113.091,5771.898749999999,7722.695800000001,44,30.322453703703705,52.7226111111111,67.30777777777777,1.939625,112.274
2024-12-16,6741.071,10,12-16,3330.72865,4271.3205,5144.584500000001,5826.01625,7680.073350000001,44,73.44145833333333,134.33261111111113,142.24222222222224,4.116119,298.032
2024-12-17,6739.605,10,12-17,3297.07395,4240.9037499999995,5138.773499999999,5844.54125,7666.750550000001,44,26.668541666666666,36.13977777777778,38.675555555555555,1.931968,113.654
2024-12-18,6713.482999999999,10,12-18,3269.4554,4235.93475,5196.888,5825.489,7665.6876999999995,44,19.241736111111113,28.081055555555555,34.05888888888889,1.901339,114.19
2024-12-19,6680.076,10,12-19,3247.5857,4240.4442500000005,5202.834000000001,5795.0380000000005,7669.6685,44,21.950208333333332,33.69788888888888,40.36888888888889,1.543331,109.84
2024-12-20,6632.801,10,12-20,3233.9703,4278.9215,5195.9605,5825.4665,7823.861250000001,44,14.716319444444444,27.9435,40.138888888888886,2.628882,193.978
2024-12-21,6600.852,10,12-21,3252.4038,4280.058,5216.8655,5872.93775,7787.49955,44,4.006458333333334,15.11911111111111,15.924444444444443,2.254907,187.352
2024-12-22,6586.494,10,12-22,3273.25915,4273.8327500000005,5299.548000000001,5841.53075,7707.7113,44,2.5928935185185185,5.496333333333333,12.733333333333333,2.036176,108.442
2024-12-23,6547.678,10,12-23,3278.8371,4280.3975,5335.6665,5903.5905,7610.0988,44,8.652731481481482,16.0785,16.092222222222222,2.022988,110.606
2024-12-24,6504.994,10,12-24,3277.0726999999997,4349.1095000000005,5333.0935,5876.46025,7530.6797,44,11.82912037037037,18.825722222222222,23.44,2.014282,108.998
2024-12-25,6465.553,10,12-25,3266.34215,4372.514,5350.7654999999995,6029.40975,7497.0509,44,6.982638888888889,9.844333333333333,9.913333333333334,2.047353,115.302
2024-12-26,6446.0380000000005,10,12-26,3274.10565,4404.4935,5357.529500000001,6032.82075,7486.386100000001,44,3.6155324074074073,9.455,9.61,2.18242,113.366
2024-12-27,6439.327,10,12-27,3303.0801,4430.035,5437.3835,6095.125249999999,7484.384100000001,44,2.709513888888889,9.5335,9.556666666666667,2.067668,113.066
2024-12-28,6413.414,10,12-28,3326.5218499999996,4450.69375,5463.639,6092.1582499999995,7489.226350000001,44,4.558611111111111,9.537444444444445,9.61,2.547943,224.04
2024-12-29,6379.407,10,12-29,3391.4682,4546.2705000000005,5445.9135,6093.7145,7591.5258,44,3.9004398148148147,9.681611111111112,9.724444444444444,2.769536,173.142
2024-12-30,6351.101,10,12-30,3447.9732,4576.0912499999995,5428.993,6109.86575,7601.9221,44,3.916736111111111,9.717388888888888,9.72111111111111,2.538884,155.954
2024-12-31,6332.067,10,12-31,3502.9315,4643.311000000001,5426.3015,6100.729,7545.58615,44,3.8337731481481483,9.345666666666666,9.491111111111111,3.510916,191.588
