date,TKA_turbine_flow_m3s,TKB_turbine_flow_m3s,OHA_turbine_flow_m3s,OHB_turbine_flow_m3s,OHC_turbine_flow_m3s,BEN_turbine_flow_m3s,AVI_turbine_flow_m3s,WTK_turbine_flow_m3s,TKA_accounting_release_m3s,TKA_release_minus_turbine_m3s,OHA_accounting_lake_release_m3s,PKI_canal_to_OHA_estimate_m3s,PKI_implied_outflow_from_balance_m3s,PKI_balance_residual_m3s,AVI_incremental_tributary_m3s,WTK_incremental_tributary_m3s,BEN_to_AVI_balance_residual_m3s,AVI_to_WTK_balance_residual_m3s
2024-01-02,23.057374,26.011501,205.147647,205.9965,205.51,200.90007,215.517075,226.906935,-94.814815,-117.872189,-13.252315,218.399962,135.962871,-82.437091,2.37,5.626,12.247005,5.76386
2024-01-03,56.684005,61.502584,329.670166,323.7367,322.5873,324.989675,314.885909,273.402337,-42.233796,-98.917801,-17.361111,347.031278,212.567288,-134.46399,2.077,4.929,-12.180766,-46.412572
2024-01-04,75.002984,81.55673,223.568708,226.2065,225.4262,275.363036,262.356706,274.769426,5.405093,-69.597892,-7.337963,230.90667,245.902027,14.995356,1.986,4.714,-14.99233,7.69872
2024-01-05,73.287223,80.229493,262.841812,259.4738,258.3064,276.168025,332.951016,329.47815,10.011574,-63.275649,-7.673611,270.515423,151.589549,-118.925874,1.886,4.475,54.896991,-7.947866
2024-01-06,50.057968,53.060479,193.271036,194.2288,193.6446,232.220386,240.269353,244.541404,3.946759,-46.111208,-24.131944,217.40298,200.992739,-16.410241,1.863,4.423,6.185967,-0.150949
2024-01-07,77.567207,82.359682,258.356468,257.3843,255.853,221.489224,219.298791,220.299596,1.898148,-75.669059,-12.372685,270.729153,186.119682,-84.609471,1.774,4.211,-3.964433,-3.210194
2024-01-08,51.448447,75.283767,281.874344,281.669,279.8071,299.763313,327.753794,323.345002,-4.305556,-55.754002,-16.678241,298.552584,227.649896,-70.902688,1.726,4.097,26.264481,-8.505791
2024-01-09,63.981239,66.472084,284.165051,288.0313,286.205,291.20532,298.264662,279.821387,6.724537,-57.256702,-2.337963,286.503013,203.80364,-82.699374,1.721,4.084,5.338343,-22.527276
2024-01-10,74.110387,77.504964,296.861674,289.9572,287.5207,382.937912,435.176663,450.34914,27.696759,-46.413627,-21.550926,318.4126,316.287241,-2.125359,1.679,3.986,50.55975,11.186478
2024-01-11,66.795031,69.201901,285.154393,285.9532,284.2484,277.92252,362.299859,367.337672,4.976852,-61.818179,-6.770833,291.925227,209.151549,-82.773678,1.632,3.874,82.745339,1.163812
2024-01-12,70.412789,75.819014,304.232962,307.6597,305.9872,376.168556,302.729944,280.203103,29.74537,-40.667418,-12.476852,316.709814,260.998885,-55.71093,1.631,3.872,-75.069613,-26.398841
2024-01-13,84.389706,93.21713,273.295597,266.1255,263.7515,197.396786,241.509769,274.690566,35.208333,-49.181372,-11.111111,284.406709,306.422778,22.016069,1.588,3.768,42.524982,29.412797
2024-01-14,73.372625,79.512328,182.189045,183.3352,182.425,255.357865,272.589766,261.976024,25.011574,-48.361051,-7.025463,189.214508,158.167031,-31.047477,1.677,3.981,15.554901,-14.594742
2024-01-15,82.838828,87.453726,303.559137,313.0938,311.7168,383.065104,373.511841,361.302651,20.775463,-62.063365,-27.280093,330.83923,183.099764,-147.739466,1.966,4.667,-11.519264,-16.87619
2024-01-16,82.284072,87.68809,389.121739,405.1706,403.4037,392.320565,433.759141,442.746154,6.979167,-75.304905,-1.863426,390.985165,326.244664,-64.740501,1.952,4.632,39.486576,4.355013
2024-01-17,81.531778,86.135798,384.660122,400.739,398.8875,525.309279,561.106194,545.866311,24.247685,-57.284092,-1.099537,385.759659,328.310594,-57.449064,1.693,4.019,34.103915,-19.258883
2024-01-18,86.832284,93.751858,388.510351,399.7197,398.2992,580.538532,579.554269,549.817562,30.474537,-56.357747,21.469907,367.040443,348.340432,-18.700011,1.629,3.868,-2.613263,-33.604707
2024-01-19,95.755931,105.027501,404.863564,410.0618,409.4061,319.783874,385.526981,428.482142,-53.831019,-149.586949,-13.06713,417.930694,415.588483,-2.342212,2.393,5.68,63.350107,37.275161
2024-01-20,89.554035,97.208927,314.622479,312.2336,310.5869,294.668703,274.22175,272.652006,-454.722222,-544.276257,-344.675926,659.298405,509.814168,-149.484237,6.393,15.175,-26.839953,-16.744744
2024-01-21,68.991809,74.09502,331.112972,326.8271,325.0503,403.767437,423.325863,397.761176,-332.210648,-401.202457,-96.631944,427.744917,-157.029276,-584.774193,7.417,17.605,12.141426,-43.169686
2024-01-22,49.265484,47.642588,392.175016,393.4252,391.7956,425.898488,472.484,464.011551,-130.231481,-179.496966,68.263889,323.911127,40.067236,-283.84389,4.452,10.567,42.133512,-19.039449
2024-01-23,36.845365,35.764464,312.919184,309.3969,307.8058,360.187615,459.797388,463.900324,-183.414352,-220.259717,16.585648,296.333536,203.260075,-93.073461,4.635,11.001,94.974772,-6.898064
2024-01-24,86.419446,85.414286,372.473321,370.5226,368.944,417.888908,491.512441,467.835135,-159.328704,-245.74815,20.034722,352.438598,77.20036,-275.238238,5.531,13.128,68.092532,-36.805306
2024-01-25,82.865561,80.932226,381.457244,381.4364,379.3847,430.086142,486.254347,462.229609,-51.62037,-134.485931,67.743056,313.714189,143.431671,-170.282518,4.797,11.385,51.371205,-35.409738
2024-01-26,68.556005,65.900544,433.427805,434.3308,432.1495,419.18432,355.082847,356.815558,-25.37037,-93.926376,104.00463,329.423175,225.708748,-103.714428,3.754,8.91,-67.855473,-7.177289
2024-01-27,43.337737,44.595444,280.291262,280.8533,278.7291,277.340067,254.333175,247.888228,-162.87037,-206.208107,-45.37037,325.661632,283.286092,-42.37554,5.975,14.182,-28.981892,-20.626947
2024-01-28,72.005111,72.551842,222.851842,227.7846,225.9299,347.652222,388.554584,350.604064,-230.729167,-302.734278,-39.976852,262.828694,62.56662,-200.262074,7.435,17.646,33.467362,-55.596521
2024-01-29,23.942257,21.43999,279.529607,285.6154,284.2173,331.079706,423.970728,409.375779,-108.715278,-132.657535,43.414352,236.115255,-38.356602,-274.471858,5.726,13.591,87.165022,-28.185949
2024-01-30,68.364927,66.290717,286.997299,276.5889,275.8306,409.899814,493.748575,440.802124,-78.553241,-146.918167,-3.912037,290.909336,144.942624,-145.966711,4.589,10.893,79.259761,-63.839451
2024-01-31,73.407073,72.071797,346.174146,355.7349,354.0484,498.602169,484.892053,421.654918,-18.402778,-91.809851,-13.773148,359.947294,241.635778,-118.311516,3.845,9.127,-17.555116,-72.364135
2024-02-01,86.98748,84.545008,403.071442,412.5673,411.6548,383.125949,377.059341,345.702632,4.710648,-82.276831,3.599537,399.471905,276.632434,-122.839471,3.39,8.045,-9.456608,-39.401709
2024-02-02,70.372061,66.112593,352.72717,341.7312,339.1612,318.148825,263.692394,221.313482,-13.240741,-83.612802,9.375,343.35217,304.16776,-39.18441,3.365,7.986,-57.821431,-50.364912
2024-02-03,35.956177,36.464375,271.200611,272.058,270.01,194.135708,218.230241,231.617509,-27.777778,-63.733954,-9.537037,280.737648,199.281245,-81.456403,3.356,7.966,20.738533,5.421268
2024-02-04,46.256308,45.946195,199.711172,204.1853,203.2704,298.90385,344.346284,334.632861,-32.696759,-78.953067,-12.835648,212.54682,170.156195,-42.390625,3.117,7.398,42.325435,-17.111424
2024-02-05,81.526395,80.666533,266.962687,262.9853,261.6193,324.945546,379.417219,344.621959,-10.104167,-91.630562,-14.131944,281.094631,167.312347,-113.782284,2.731,6.483,51.740673,-41.27826
2024-02-06,83.993912,84.74097,303.730049,303.9008,301.769,193.210202,258.544084,247.265049,21.886574,-62.107338,-7.210648,310.940697,252.900063,-58.040635,2.538,6.023,62.795882,-17.302035
2024-02-07,101.47394,100.979043,317.901947,320.0967,319.042,433.749537,387.075922,369.324857,41.365741,-60.108199,-17.465278,335.367224,277.633135,-57.734089,2.396,5.686,-49.069615,-23.437065
2024-02-08,103.23025,103.877318,363.554082,368.6653,367.0271,421.019075,514.399459,481.809392,47.835648,-55.394602,-24.74537,388.299452,328.067485,-60.231968,2.304,5.468,91.076384,-38.058068
2024-02-09,102.351288,102.434132,355.15757,355.909,354.7403,428.349482,495.974631,522.218141,43.80787,-58.543417,-11.886574,367.044144,283.419298,-83.624846,2.18,5.174,65.445149,21.06951
2024-02-10,86.881624,85.585502,287.509536,275.7272,274.4956,290.602024,279.356084,254.901943,46.076389,-40.805235,-12.719907,300.229443,276.322613,-23.906831,2.113,5.016,-13.35894,-29.470141
2024-02-11,59.099491,55.804955,283.170629,278.7789,277.6544,257.060026,231.306406,204.345861,3.530093,-55.569399,-9.456019,292.626648,219.016456,-73.610192,2.09,4.961,-27.84362,-31.921546
2024-02-12,90.939849,90.579067,399.207476,401.5558,399.1418,387.103807,368.479766,347.295514,33.784722,-57.155127,-14.270833,413.47831,326.485678,-86.992631,2.048,4.86,-20.672042,-26.044252
2024-02-13,102.794626,104.060112,403.196733,402.7603,400.0808,376.259007,387.420862,379.672809,58.634259,-44.160367,-13.865741,417.062474,356.189686,-60.872788,1.952,4.633,9.209855,-12.381053
2024-02-14,101.662148,102.671965,345.89684,346.1962,343.5125,365.728468,391.071025,366.305291,62.55787,-39.104278,-14.74537,360.642211,334.363854,-26.278356,1.869,4.436,23.473557,-29.201734
2024-02-15,103.218229,105.603971,289.721905,289.7133,287.2419,377.890846,430.879216,426.771868,58.49537,-44.722859,-1.585648,291.307553,258.743342,-32.564211,1.833,4.351,51.155369,-8.458348
2024-02-16,105.454119,109.914913,357.045847,356.7923,354.8011,369.752597,379.542188,362.247694,54.201389,-51.252731,-38.912037,395.957884,303.535672,-92.422212,2.154,5.112,7.635591,-22.406494
2024-02-17,99.899559,102.786163,216.440593,221.0045,219.8738,303.09344,273.549472,277.582207,-5.104167,-105.003725,-9.363426,225.804019,260.320515,34.516496,2.204,5.232,-31.747968,-1.199264
2024-02-18,88.720824,89.086193,170.277219,163.1187,163.0415,237.952536,273.003372,274.859332,8.159722,-80.561102,-5.150463,175.427682,131.645786,-43.781896,2.027,4.811,33.023836,-2.955039
2024-02-19,90.356207,91.216253,232.596337,237.2047,236.1286,391.283257,405.173413,362.950247,23.761574,-66.594633,-7.002315,239.598652,95.887216,-143.711437,1.869,4.436,12.021156,-46.659166
2024-02-20,86.8766,88.215488,356.605621,352.958,352.0202,458.10339,522.681797,511.547297,45.208333,-41.668267,-21.319444,377.925065,291.832747,-86.092318,1.805,4.285,62.773406,-15.4195
2024-02-21,81.148364,77.561073,384.083199,385.3387,384.2646,364.893821,435.576831,461.402471,30.821759,-50.326605,-14.895833,398.979032,309.761981,-89.217052,1.732,4.111,68.95101,21.71464
2024-02-22,88.32521,88.071095,445.58372,457.1656,454.9607,355.32828,370.024541,337.565859,29.155093,-59.170118,-5.173611,450.757331,392.355799,-58.401533,1.684,3.996,13.012261,-36.454681
2024-02-23,80.287702,77.390215,414.18898,404.1867,402.2158,297.34055,343.829612,317.884868,41.481481,-38.806221,-12.222222,426.411202,381.31814,-45.093062,1.668,3.96,44.821062,-29.904745
2024-02-24,46.491882,46.904892,374.088287,365.6864,363.4666,252.202881,199.181509,242.813919,11.076389,-35.415493,-18.240741,392.329028,337.938299,-54.390729,1.669,3.961,-54.690372,39.67141
2024-02-25,30.862179,32.535239,315.157028,314.8905,312.1806,326.252066,351.438866,309.288032,-34.131944,-64.994123,-53.240741,368.397768,318.777628,-49.62014,1.914,4.543,23.272799,-46.693834
2024-02-26,92.069995,94.119717,319.234946,311.6755,309.1841,389.00282,437.375038,431.355802,-30.25463,-122.324625,8.344907,310.890038,270.409013,-40.481025,2.01,4.772,46.362217,-10.791235
2024-02-27,103.630887,108.686143,360.065241,356.6462,353.6604,335.171762,393.245616,370.581489,39.409722,-64.221165,-34.988426,395.053667,304.04518,-91.008487,1.789,4.246,56.284854,-26.910126
2024-02-28,87.407853,89.949601,298.230554,295.9244,293.4519,391.66947,424.845375,438.235686,40.972222,-46.435631,-39.664352,337.894906,286.681731,-51.213175,1.743,4.136,31.432905,9.254311
2024-02-29,77.631259,77.871104,308.563378,308.7814,306.9911,388.309889,397.034319,341.554101,35.763889,-41.86737,-29.31713,337.880507,267.658029,-70.222478,1.705,4.048,7.01943,-59.528218
2024-03-01,70.613915,67.671112,332.248252,324.176,321.2885,279.813024,259.835159,280.438401,32.997685,-37.616229,-23.576389,355.824641,284.856742,-70.9679,1.575,3.739,-21.552864,16.864241
2024-03-02,84.104971,88.219121,107.737738,113.4958,112.6727,230.91942,266.695406,262.907709,21.296296,-62.808675,-20.104167,127.841904,226.44401,98.602105,1.537,3.649,34.238986,-7.436697
2024-03-03,67.524898,70.741154,159.590333,166.5512,165.597,168.479919,224.768122,256.935879,39.456019,-28.068879,-9.837963,169.428296,125.40358,-44.024716,1.522,3.613,54.766202,28.554757
2024-03-04,77.302388,76.466448,199.237813,201.0067,200.9249,275.356004,250.265913,214.923973,16.539352,-60.763037,-18.425926,217.663739,124.093522,-93.570216,1.607,3.814,-26.697092,-39.155939
2024-03-05,66.289614,65.313079,267.88568,266.5622,266.1919,279.684711,288.945756,274.419819,11.93287,-54.356744,-23.796296,291.681976,157.791468,-133.890508,1.734,4.116,7.527046,-18.641937
2024-03-06,42.219792,69.15124,286.232231,283.4192,282.5159,332.484576,389.33275,404.558859,-24.224537,-66.444329,14.43287,271.799361,236.121073,-35.678288,1.746,4.145,55.102174,11.081109
2024-03-07,54.687994,51.815461,302.795235,303.2982,302.9482,257.577559,304.060794,290.23176,14.94213,-39.745865,0.138889,302.656346,200.575628,-102.080719,1.655,3.928,44.828235,-17.757034
2024-03-08,68.699898,67.780639,291.759948,291.2701,290.8796,285.417982,311.707941,322.583625,13.356481,-55.343416,-0.046296,291.806244,281.969362,-9.836883,1.587,3.766,24.702959,7.109684
2024-03-09,97.603743,105.153148,114.079473,113.0016,113.6555,288.084478,277.653284,267.331867,49.247685,-48.356058,7.986111,106.093362,162.778222,56.68486,1.546,3.67,-11.977194,-13.991417
2024-03-10,98.23511,107.282526,198.69444,197.0175,196.5317,185.051264,222.956075,232.529415,67.291667,-30.943444,-2.175926,200.870366,130.9261,-69.944266,1.519,3.605,36.385811,5.96834
2024-03-11,34.567312,81.71854,259.252238,261.3596,261.525,284.133934,270.524556,204.544425,7.546296,-27.021016,-2.928241,262.180479,151.961485,-110.218994,1.488,3.533,-15.097377,-69.513131
2024-03-12,22.44969,83.587252,312.802551,312.7762,312.7711,281.139265,302.398038,313.702943,-9.31713,-31.766819,-17.615741,330.418292,305.801937,-24.616355,1.474,3.499,19.784772,7.805905
2024-03-13,22.974484,81.83543,282.152398,276.6646,276.3511,251.918534,283.503569,280.582764,-9.363426,-32.33791,-16.701389,298.853787,262.744504,-36.109283,1.465,3.477,30.120035,-6.397804
2024-03-14,22.5943,69.915207,267.008891,259.5865,259.4076,264.596814,323.894544,340.067308,-3.18287,-25.77717,-13.645833,280.654724,249.146003,-31.508721,1.401,3.326,57.896729,12.846764
2024-03-15,30.685633,59.529113,232.275409,235.5394,235.1933,249.658889,312.531525,278.735062,4.965278,-25.720355,-4.340278,236.615687,196.783298,-39.832388,1.397,3.315,61.475636,-37.111463
2024-03-16,37.60681,41.271417,157.485107,160.1578,159.8935,296.984963,267.950469,274.481726,3.842593,-33.764217,-18.703704,176.188811,169.534713,-6.654098,1.42,3.37,-30.454494,3.161258
2024-03-17,45.810637,48.931748,221.525336,216.6865,216.6523,199.289379,225.701356,235.044221,16.875,-28.935637,5.219907,216.305429,136.665711,-79.639718,1.42,3.37,24.991978,5.972865
2024-03-18,10.499822,45.413024,268.696285,267.0255,266.0551,283.046992,339.460947,315.189735,-22.094907,-32.59473,2.1875,266.508785,217.101672,-49.407113,1.38,3.275,55.033954,-27.546212
2024-03-19,10.179922,61.310773,307.815959,306.2294,304.9582,340.673937,285.398794,265.177457,-13.4375,-23.617422,-7.546296,315.362256,267.066699,-48.295556,1.361,3.23,-56.636143,-23.451337
2024-03-20,10.099723,61.777067,305.158703,305.4402,301.6435,311.85807,360.593566,361.382796,-16.631944,-26.731667,-10.729167,315.887869,283.246956,-32.640913,1.286,3.053,47.449496,-2.26377
2024-03-21,9.720616,92.688596,304.351677,298.2287,296.6564,319.321835,352.696347,371.576366,-31.828704,-41.549319,-12.210648,316.562325,292.731152,-23.831173,1.307,3.103,32.067512,15.777019
2024-03-22,21.811325,74.354844,312.13755,308.9782,310.4353,345.750559,367.263403,366.391858,15.798611,-6.012714,-13.229167,325.366717,255.287788,-70.078928,1.251,2.968,20.261844,-3.839545
2024-03-23,66.645936,71.80487,285.479984,282.5268,280.108,248.757283,261.871209,278.597121,29.548611,-37.097324,-13.518519,298.998503,312.650852,13.652349,1.262,2.995,11.851927,13.730911
2024-03-24,54.966449,53.718098,238.115646,236.8637,235.2229,239.29962,244.851541,238.420329,46.238426,-8.728023,-13.043981,251.159627,209.794764,-41.364863,1.289,3.06,4.262921,-9.491211
2024-03-25,10.852017,44.593336,209.618172,211.8179,210.1884,305.007333,353.359219,353.193621,-17.488426,-28.340443,-5.56713,215.185302,219.718558,4.533257,1.362,3.233,46.989885,-3.398598
2024-03-26,10.334041,46.917995,271.909485,276.6257,275.0879,287.388184,319.105822,313.629476,-4.733796,-15.067837,-37.55787,309.467355,162.503032,-146.964323,1.881,4.463,29.836638,-9.939346
2024-03-27,16.386124,38.955125,285.541589,285.1215,284.117,366.619576,332.1664,312.349211,-36.898148,-53.284272,10.925926,274.615663,167.34957,-107.266094,2.58,6.124,-37.033176,-25.941189
2024-03-28,45.815122,45.088009,278.473498,270.6039,268.532,217.617461,289.281559,311.911496,-14.00463,-59.819752,-5.87963,284.353127,207.513213,-76.839915,2.596,6.161,69.068099,16.468937
2024-03-29,34.50021,33.372797,255.237757,253.8729,251.4191,229.019948,240.572234,257.11338,-9.502315,-44.002525,-5.740741,260.978497,198.732853,-62.245645,2.366,5.615,9.186286,10.926146
2024-03-30,0.0,0.0,223.513929,225.8021,223.6809,239.856136,241.088772,232.632679,-20.925926,-20.925926,-13.877315,237.391244,163.18437,-74.206873,2.063,4.897,-0.830364,-13.353093
2024-03-31,35.309379,34.850687,230.290729,232.6888,230.2934,243.448087,254.846487,273.457823,-2229.340278,-2264.649657,-20.821759,251.112488,222.205835,-28.906653,1.896,4.5,9.502401,14.111335
2024-04-01,62.011962,66.746632,285.592621,286.9232,284.0648,307.561263,390.066303,404.361579,14.305556,-47.706406,-22.361111,307.953733,254.425836,-53.527897,1.767,4.194,80.73804,10.101276
2024-04-02,59.623926,63.538781,352.925221,358.6651,356.4715,401.635595,439.707922,409.955289,32.083333,-27.540593,-18.472222,371.397444,270.838503,-100.55894,1.765,4.189,36.307327,-33.941632
2024-04-03,49.883575,51.76746,332.469864,325.6721,323.3644,312.489749,345.003647,357.830728,27.858796,-22.024778,-11.50463,343.974494,325.546348,-18.428145,1.698,4.03,30.815898,8.797081
2024-04-04,57.546819,61.628815,293.043497,293.0945,290.2868,304.546109,310.212213,324.796089,25.578704,-31.968116,-19.618056,312.661552,272.106259,-40.555293,1.646,3.908,4.020103,10.675877
2024-04-05,52.679425,56.298915,324.745763,321.8319,320.0107,310.955852,347.430863,335.298681,21.481481,-31.197943,-16.782407,341.52817,252.864804,-88.663366,1.713,4.067,34.76201,-16.199182
2024-04-06,27.48753,27.499315,176.659663,174.7407,172.3429,303.943578,365.703847,342.345532,3.958333,-23.529197,1.388889,175.270775,195.939797,20.669022,1.715,4.07,60.045269,-27.428314
2024-04-07,35.386349,37.425277,222.267843,231.0233,229.3536,273.929935,253.998044,289.91529,-10.532407,-45.918757,33.078704,189.189139,122.334889,-66.854251,1.664,3.95,-21.595891,31.967246
2024-04-08,51.997462,54.46481,359.859613,348.0102,346.2731,343.994892,392.371641,351.605619,11.064815,-40.932647,76.678241,283.181373,192.489495,-90.691877,1.563,3.709,46.813749,-44.475021
2024-04-09,19.772255,20.012794,272.885258,277.3084,275.0421,336.855272,353.192862,365.893521,-0.150463,-19.922718,35.381944,237.503314,243.550183,6.046869,1.577,3.743,14.76059,8.957658
2024-04-10,46.32951,48.553219,300.926772,302.731,300.4006,336.30584,328.750588,339.07089,-83.113426,-129.442936,-103.703704,404.630476,280.435997,-124.194479,3.805,9.031,-11.360252,1.289302
2024-04-11,67.598459,70.146911,300.626323,299.2314,296.3503,330.361295,360.459459,355.115302,-351.655093,-419.253551,-215.891204,516.517526,448.621725,-67.895801,8.254,19.592,21.844164,-24.936157
2024-04-12,76.05939,80.041899,243.127796,255.3643,253.2445,399.74127,423.641778,434.738846,-629.108796,-705.168186,-364.039352,607.167147,99.781455,-507.385693,13.263,31.481,10.637508,-20.383932
2024-04-13,64.962469,65.568265,225.319122,238.8621,236.0434,230.795133,291.988813,337.821193,-320.243056,-385.205525,-100.509259,325.828381,-239.094032,-564.922413,13.371,31.736,47.82268,14.096381
2024-04-14,74.945212,75.927796,219.191256,229.7193,227.2316,288.231238,374.358,364.612999,-132.349537,-207.294749,-0.451389,219.642645,-97.928982,-317.571627,9.808,23.279,76.318762,-33.024001
2024-04-15,81.768069,82.413619,289.517026,290.497,288.8215,403.21673,410.001103,365.786404,-62.777778,-144.545847,66.990741,222.526286,-7.757251,-230.283537,7.81,18.536,-1.025627,-62.750699
2024-04-16,76.110344,75.39777,327.318021,316.3038,313.7233,341.862336,342.381856,349.745331,-32.511574,-108.621918,93.634259,233.683762,73.725733,-159.958029,5.912,14.033,-5.39248,-6.669526
2024-04-17,76.02243,75.517903,267.175224,267.9191,264.275,335.841354,459.681019,459.704271,-14.178241,-90.200671,95.104167,172.071057,82.452662,-89.618395,4.865,11.547,118.974664,-11.523748
2024-04-18,74.514433,73.144075,237.976868,238.8296,237.1702,362.537916,343.750331,315.720696,-4.108796,-78.623229,77.592593,160.384276,80.328779,-80.055497,4.218,10.012,-23.005584,-38.041636
2024-04-19,87.614182,87.246672,249.159092,252.4061,250.1347,312.274909,302.990766,276.392619,11.527778,-76.086404,54.12037,195.038721,100.408135,-94.630586,3.654,8.673,-12.938143,-35.271146
2024-04-20,75.787753,75.590846,225.375815,225.1969,223.1121,288.613018,250.259194,272.086624,25.648148,-50.139605,37.1875,188.188315,117.578123,-70.610192,3.194,7.581,-41.547825,14.24643
2024-04-21,70.081765,70.929819,117.244055,120.0172,118.1895,223.027503,282.189247,297.040489,5.115741,-64.966024,1.747685,115.49637,135.840967,20.344597,2.933,6.962,56.228744,7.889242
2024-04-22,88.41761,89.252609,255.798446,259.9057,257.6648,232.017725,251.268484,215.453649,34.189815,-54.227795,-20.266204,276.064649,124.757868,-151.306781,2.717,6.448,16.533759,-42.262835
2024-04-23,90.706787,91.317801,293.984971,289.614,286.5307,285.321772,288.213009,273.427254,44.513889,-46.192898,-11.736111,305.721082,231.172672,-74.54841,2.496,5.925,0.395237,-20.710755
2024-04-24,67.817168,69.293914,207.781177,208.2878,206.0673,267.535276,321.864809,324.518921,28.587963,-39.229205,-0.960648,208.741826,202.15684,-6.584986,2.323,5.514,52.006534,-2.859888
2024-04-25,71.251561,73.316036,85.504826,92.8914,90.6799,146.006683,219.087688,219.129017,21.168981,-50.08258,-4.467593,89.972419,118.737499,28.765081,2.369,5.623,70.712005,-5.581671
2024-04-26,69.79398,69.598074,175.050691,178.5956,176.7392,242.200168,234.786047,238.319378,6.435185,-63.358795,-37.835648,212.886339,57.347463,-155.538876,3.078,7.305,-10.492121,-3.771669
2024-04-27,71.275244,70.69098,189.058169,194.264,192.6416,244.573858,244.551078,237.986467,6.643519,-64.631726,-8.263889,197.322058,115.538498,-81.78356,3.353,7.959,-3.37578,-14.523611
2024-04-28,75.286283,76.20896,215.745206,220.8988,219.2011,241.500969,284.43855,274.265438,15.162037,-60.124246,-2.060185,217.805391,141.343182,-76.462208,2.856,6.778,40.081581,-16.951112
2024-04-29,73.022045,75.790732,279.18337,278.7088,277.2824,329.449855,348.434375,331.161709,24.930556,-48.09149,-10.775463,289.958833,192.150288,-97.808546,2.475,5.876,16.50952,-23.148666
2024-04-30,35.898943,74.573704,280.035101,281.7449,280.2767,337.508507,354.233866,366.635376,-8.37963,-44.278572,-10.092593,290.127694,234.206463,-55.921231,2.337,5.548,14.388358,6.85351
2024-05-01,70.80607,73.086927,278.903068,278.3261,277.2943,344.201171,355.830644,344.863935,20.555556,-50.250514,-15.185185,294.088253,247.475853,-46.6124,2.423,5.751,9.206473,-16.717709
2024-05-02,71.524095,73.920497,303.375904,303.1511,301.9413,379.082456,359.964153,366.868875,17.12963,-54.394466,-14.270833,317.646737,220.363904,-97.282833,2.545,6.04,-21.663303,0.864722
2024-05-03,71.869831,74.076339,326.551372,332.4434,331.9969,367.17492,409.989412,395.567207,21.597222,-50.272609,-8.460648,335.01202,269.677746,-65.334274,2.491,5.914,40.323492,-20.336206
2024-05-04,71.430619,73.490917,299.734715,294.0075,294.1812,263.44215,305.165088,324.144654,25.023148,-46.407471,-8.229167,307.963882,276.223232,-31.74065,2.253,5.347,39.469938,13.632567
2024-05-05,65.883235,67.743179,279.550836,272.6001,272.5241,209.09473,251.005513,276.069214,30.243056,-35.64018,-11.261574,290.81241,244.604309,-46.208101,2.13,5.054,39.780782,20.009701
2024-05-06,74.593197,77.498218,234.723125,238.1965,238.0335,303.968242,386.115947,361.782493,30.68287,-43.910326,-14.074074,248.797199,215.416884,-33.380315,2.1,4.985,80.047705,-29.318454
2024-05-07,72.210005,75.401824,277.528028,277.2679,277.6157,395.721116,377.634734,363.292147,37.349537,-34.860468,-9.62963,287.157657,209.799732,-77.357926,2.012,4.774,-20.098382,-19.116587
2024-05-08,76.943376,81.171844,340.181311,338.5794,338.3336,432.78036,512.648956,551.722804,41.712963,-35.230413,-4.085648,344.26696,288.176825,-56.090134,1.91,4.532,77.958596,34.541848
2024-05-09,75.84409,79.34442,291.17903,298.6017,297.5732,415.73862,420.654756,318.002516,40.358796,-35.485294,-13.043981,304.223011,271.062883,-33.160128,1.885,4.475,3.031137,-107.12724
2024-05-10,80.651021,85.567825,365.57073,370.5121,368.9433,459.771512,472.322078,476.816512,47.696759,-32.954262,-15.011574,380.582304,328.866881,-51.715423,1.802,4.277,10.748567,0.217434
2024-05-11,80.472322,85.157965,288.289672,282.3362,281.6886,395.416334,410.286113,396.364547,54.247685,-26.224637,-13.020833,301.310505,296.556743,-4.753762,1.775,4.214,13.094778,-18.135566
2024-05-12,74.686494,78.572701,360.450522,371.9213,371.8729,389.420067,411.834784,446.195728,45.532407,-29.154086,-5.266204,365.716726,289.05572,-76.661006,1.767,4.193,20.647717,30.167944
2024-05-13,78.369738,83.609987,355.788189,355.6587,355.5427,415.69133,449.206219,427.737204,48.020833,-30.348905,-6.608796,362.396985,322.126432,-40.270554,1.685,3.998,31.829889,-25.467014
2024-05-14,78.417284,83.757105,369.132498,371.8615,371.3832,396.611511,517.078225,536.634223,51.400463,-27.016821,-8.773148,377.905646,338.700827,-39.204819,1.634,3.878,118.832714,15.677998
2024-05-15,71.993988,77.1673,352.682298,358.0349,357.1633,374.458752,401.346009,421.92438,47.152778,-24.84121,-6.793981,359.476279,327.6238,-31.852479,1.59,3.774,25.297258,16.804371
2024-05-16,69.832555,72.683554,348.634766,355.6773,356.8145,297.102829,296.193003,336.711493,46.19213,-23.640425,-10.0,358.634766,318.190036,-40.444731,1.624,3.854,-2.533826,36.66449
2024-05-17,76.029068,79.871916,335.981266,337.1478,336.9581,296.023022,336.97595,261.33846,44.43287,-31.596198,-14.31713,350.298395,328.033101,-22.265294,1.509,3.582,39.443928,-79.21949
2024-05-18,80.539783,84.596415,263.097972,268.1876,267.1058,171.527126,143.838225,191.368022,57.071759,-23.468024,-10.37037,273.468342,291.269044,17.800702,1.57,3.726,-29.258901,43.803797
2024-05-19,61.431011,65.200535,315.16785,313.9501,312.8789,314.606609,268.629197,182.887807,28.171296,-33.259714,-13.715278,328.883128,240.446443,-88.436685,1.718,4.078,-47.695412,-89.819389
2024-05-20,75.056271,80.903231,376.381575,376.2925,375.4068,449.837643,451.048231,419.751474,39.039352,-36.016919,-0.925926,377.307501,316.558027,-60.749474,1.687,4.004,-0.476412,-35.300757
2024-05-21,65.10977,67.923184,278.722082,274.1297,272.7738,315.533134,371.939116,392.323646,39.641204,-25.468566,-20.856481,299.578564,292.185388,-7.393176,1.672,3.968,54.733982,16.416531
2024-05-22,79.606637,83.963867,284.310988,289.6323,289.0591,312.2399,359.023125,341.648117,45.393519,-34.213118,-9.340278,293.651266,244.996053,-48.655213,1.712,4.063,45.071225,-21.438008
2024-05-23,75.594162,81.063679,337.577251,333.9782,332.3782,391.6312,463.367194,434.022679,46.608796,-28.985366,-9.74537,347.322622,303.116475,-44.206147,1.712,4.065,70.023993,-33.409515
2024-05-24,79.388645,86.875505,387.063716,393.9563,393.7453,410.615778,413.703806,443.012276,53.506944,-25.881701,-6.828704,393.892419,322.077579,-71.81484,1.704,4.045,1.384028,25.26347
2024-05-25,62.618749,65.697576,295.34128,288.1623,286.7601,250.337297,256.195344,247.454366,47.835648,-14.783101,-5.034722,300.376002,320.692558,20.316556,1.648,3.912,4.210047,-12.652977
2024-05-26,69.942717,73.106712,242.210963,240.1802,239.2745,219.062537,240.244628,225.259339,43.032407,-26.910309,-7.395833,249.606797,226.615804,-22.990992,1.604,3.806,19.578091,-18.791289
2024-05-27,69.707502,74.833917,387.762183,384.9015,383.6858,370.203323,384.507747,351.379313,40.810185,-28.897316,-12.395833,400.158016,302.697065,-97.460952,1.54,3.656,12.764424,-36.784434
2024-05-28,68.194122,74.222483,401.304461,394.6999,394.1002,475.463468,481.530528,463.669393,49.131944,-19.062178,-8.425926,409.730386,364.092835,-45.637551,1.532,3.636,4.53506,-21.497135
2024-05-29,61.666585,65.912869,389.056804,384.676,384.9939,446.625485,498.202031,473.310169,40.972222,-20.694363,-9.930556,398.987359,374.046721,-24.940639,1.53,3.631,50.046547,-28.522863
2024-05-30,69.371454,74.019905,336.110387,325.2718,325.4078,413.959256,510.708044,506.458603,42.349537,-27.021917,-8.252315,344.362701,354.127127,9.764426,1.49,3.538,95.258787,-7.787441
2024-05-31,63.278823,66.155146,245.98352,244.5916,244.2648,322.253162,338.594094,354.748228,40.578704,-22.700119,-6.875,252.85852,249.046183,-3.812338,1.471,3.49,14.869932,12.664134
2024-06-01,56.92837,59.267992,195.484237,193.3524,193.926,219.608657,223.905972,217.212216,33.981481,-22.946889,-15.358796,210.843033,199.430881,-11.412152,1.58,3.751,2.717314,-10.444756
2024-06-02,59.21683,61.884195,289.925201,293.0006,293.0665,271.23852,256.981841,243.828319,30.68287,-28.533959,-23.240741,313.165942,184.124806,-129.041136,1.841,4.368,-16.097679,-17.521522
2024-06-03,68.741522,72.710571,303.628568,304.2051,304.7384,284.770199,308.916972,303.636268,41.50463,-27.236893,-2.083333,305.711901,266.585627,-39.126274,1.789,4.246,22.357772,-9.526704
2024-06-04,70.297244,76.472189,372.773603,361.771,361.9216,356.520858,389.008234,389.601285,41.643519,-28.653726,-3.773148,376.546751,301.056689,-75.490062,1.684,3.996,30.803377,-3.402949
2024-06-05,73.40815,81.512329,387.675603,374.849,375.3379,392.631359,461.230094,454.905332,49.918981,-23.489168,-20.162037,407.83764,366.548533,-41.289107,1.653,3.924,66.945734,-10.248762
2024-06-06,70.632395,77.41668,312.598089,307.904,307.8577,422.62095,445.024738,434.600647,50.405093,-20.227302,-23.101852,335.699941,335.654217,-0.045724,1.634,3.878,20.769787,-14.30209
2024-06-07,56.539933,60.910741,323.090503,319.6073,320.5775,407.848078,427.503044,423.5766,44.409722,-12.130211,-21.493056,344.583558,280.657278,-63.926281,1.581,3.752,18.073965,-7.678444
2024-06-08,36.128955,37.732681,266.902331,273.1956,273.8347,317.063769,433.63995,427.061366,21.5625,-14.566455,-8.634259,275.53659,259.123014,-16.413576,1.586,3.765,114.990181,-10.343584
2024-06-09,44.056301,46.46915,216.264519,207.1153,208.007,258.363591,258.061141,268.487034,11.967593,-32.088708,3.425926,212.838593,241.746095,28.907502,1.515,3.596,-1.81745,6.829894
2024-06-10,46.183824,48.176506,274.990567,268.4145,269.8222,252.808012,234.066738,226.090072,22.789352,-23.394472,0.68287,274.307697,189.363691,-84.944006,1.527,3.624,-20.268274,-11.600665
2024-06-11,65.760155,71.267807,313.282321,310.293,311.6374,332.147385,328.682594,318.849433,22.256944,-43.503211,6.215278,307.067043,261.108955,-45.958088,1.63,3.869,-5.094791,-13.702161
2024-06-12,83.559724,91.799793,353.226586,346.8501,347.8828,419.828128,422.750738,407.911078,47.55787,-36.001854,-13.506944,366.733531,311.538682,-55.194849,1.577,3.743,1.34561,-18.582659
2024-06-13,80.523994,88.888415,331.425243,323.6227,325.5854,341.180718,370.003175,362.193236,52.5,-28.023994,-12.719907,344.14515,323.484859,-20.660291,1.498,3.556,27.324457,-11.365939
2024-06-14,75.714192,82.201894,284.861853,279.8067,280.2545,301.787633,332.474522,348.321729,47.141204,-28.572988,-13.657407,298.51926,286.208468,-12.310792,1.552,3.683,29.134889,12.164208
2024-06-15,42.323315,45.334535,188.785692,189.5463,190.0677,174.880235,250.860119,262.472049,6.712963,-35.610352,-13.425926,202.211618,207.958461,5.746843,1.631,3.872,74.348884,7.739931
2024-06-16,70.589873,76.012511,157.116476,154.9651,155.3032,210.379899,221.64565,217.010055,26.446759,-44.143113,-5.925926,163.042402,128.661863,-34.380539,1.635,3.88,9.630751,-8.515595
2024-06-17,42.225892,92.182571,337.970192,342.2729,343.7833,312.115613,281.452066,260.831646,-15.914352,-58.140244,-13.275463,351.245654,203.498738,-147.746916,1.695,4.022,-32.358547,-24.64242
2024-06-18,26.034614,92.133305,194.00197,179.0489,180.2018,233.736193,328.420428,349.679057,-15.798611,-41.833225,-4.12037,198.122341,257.498009,59.375668,1.845,4.378,92.839235,16.880629
2024-06-19,41.484901,84.591971,273.044515,269.3362,271.661,219.914306,241.034216,253.41027,10.740741,-30.74416,-12.152778,285.197293,160.38536,-124.811933,1.996,4.738,19.12391,7.638054
2024-06-20,24.964214,89.188164,272.602042,269.9367,270.8716,235.222291,274.744872,274.715996,-16.759259,-41.723474,-9.178241,281.780282,272.847553,-8.93273,2.02,4.795,37.502581,-4.823876
2024-06-21,36.497477,90.042425,283.650233,276.4135,277.3897,334.140977,380.198206,362.841075,10.185185,-26.312291,-7.87037,291.520603,232.160259,-59.360344,1.917,4.55,44.140229,-21.907131
2024-06-22,35.179482,37.27057,230.679673,230.7001,231.1853,316.795932,295.033616,279.283491,28.287037,-6.892445,-5.127315,235.806988,213.919089,-21.887899,1.815,4.308,-23.577317,-20.058125
2024-06-23,44.000861,47.538283,251.753911,252.8231,254.0367,288.626624,269.187928,274.983146,6.724537,-37.276324,-7.256944,259.010855,210.948634,-48.062221,1.79,4.249,-21.228696,1.546218
2024-06-24,65.606934,74.72653,343.857465,333.9881,334.6944,348.001745,420.718584,435.100269,10.787037,-54.819897,-18.4375,362.294965,291.312159,-70.982806,1.81,4.295,70.906839,10.086685
2024-06-25,67.618195,75.260739,335.802611,326.687,327.4113,313.721718,349.853644,347.54571,35.752315,-31.86588,-13.344907,349.147519,305.429406,-43.718113,1.932,4.586,34.199926,-6.893934
2024-06-26,70.77521,77.073535,210.304652,209.7385,209.1932,283.424492,335.458588,341.700006,46.076389,-24.698821,-6.273148,216.5778,256.637628,40.059828,1.912,4.538,50.122096,1.703418
2024-06-27,56.449866,60.963153,229.364073,229.461,230.4645,361.833621,396.363384,404.753827,37.303241,-19.146625,-3.668981,233.033054,182.568838,-50.464216,1.847,4.383,32.682764,4.007443
2024-06-28,46.723688,50.732285,220.372407,221.3807,221.4752,298.913532,313.595372,323.822533,19.085648,-27.63804,-5.891204,226.263611,197.218748,-29.044863,1.742,4.134,12.93984,6.093161
2024-06-29,13.958078,15.169881,240.892283,238.0353,238.5535,254.144394,297.227556,275.585518,6.585648,-7.37243,-11.018519,251.910802,193.91227,-57.998532,1.749,4.152,41.334162,-25.794038
2024-06-30,14.729391,15.602477,226.55988,217.5524,218.3604,227.33547,252.587778,274.292409,-16.19213,-30.92152,-5.266204,231.826084,258.00294,26.176856,1.659,3.938,23.593309,17.766631
2024-07-01,45.464183,48.571868,225.781909,227.9421,228.6528,232.53857,231.212747,227.161498,-3.020833,-48.485017,-34.548611,260.33052,211.049276,-49.281244,2.917,6.923,-4.242823,-10.974249
2024-07-02,52.559574,57.536214,266.533783,266.4378,265.9776,282.97988,289.917959,274.031424,-24.201389,-76.760963,-31.50463,298.038412,112.075918,-185.962494,4.55,10.801,2.388079,-26.687535
2024-07-03,50.663678,56.873212,257.921737,254.5727,254.6524,291.273502,375.146109,395.116648,8.645833,-42.017845,25.069444,232.852292,238.589194,5.736901,4.316,10.244,79.556607,9.726539
2024-07-04,72.383501,82.754591,275.86361,271.6052,272.5163,329.895944,381.861903,367.202299,29.525463,-42.858038,4.976852,270.886758,180.94885,-89.937909,3.353,7.957,48.612959,-22.616604
2024-07-05,76.168655,86.348431,218.765182,220.7103,221.736,355.441713,383.904269,403.899461,53.206019,-22.962636,-12.060185,230.825368,221.117098,-9.70827,2.89,6.86,25.572556,13.135193
2024-07-06,53.881337,61.114779,211.978809,211.036,212.6385,317.923946,321.499175,304.567954,30.358796,-23.522541,-15.509259,227.488068,195.884445,-31.603623,2.586,6.138,0.989229,-23.069221
2024-07-07,46.641157,52.588217,203.453926,197.0531,197.181,271.517568,317.201056,304.990513,23.402778,-23.238379,-15.439815,218.893741,180.247032,-38.646708,2.461,5.84,43.222489,-18.050543
2024-07-08,66.260549,75.553547,388.969141,391.6144,392.211,376.727773,379.129522,347.336871,28.784722,-37.475826,-8.657407,397.626549,255.295029,-142.33152,2.308,5.478,0.093749,-37.270651
2024-07-09,66.667286,76.426815,389.334109,380.7502,381.2661,406.481121,442.954825,451.267468,42.083333,-24.583953,-2.210648,391.544758,365.336426,-26.208332,2.202,5.228,34.271704,3.084643
2024-07-10,73.178496,83.812566,375.034257,367.9815,368.1714,345.287705,433.898756,421.484096,47.662037,-25.516459,-5.543981,380.578238,356.230844,-24.347395,2.082,4.943,86.529052,-17.35766
2024-07-11,74.428134,84.999626,305.455322,290.8053,290.6276,365.383582,419.848103,415.009305,63.680556,-10.747578,-10.925926,316.381248,327.872015,11.490767,2.002,4.752,52.462521,-9.590798
2024-07-12,50.487671,56.277542,267.553595,262.1684,262.4095,258.524517,288.038591,281.610778,37.662037,-12.825634,-17.118056,284.671651,231.541227,-53.130424,1.946,4.618,27.568073,-11.045813
2024-07-13,12.461385,13.653006,290.07655,290.9649,291.1391,273.890239,256.827847,274.121844,-2.141204,-14.602588,-12.24537,302.32192,244.55634,-57.765581,1.894,4.495,-18.956392,12.798997
2024-07-14,6.74194,7.355491,225.942331,228.018,227.8242,307.511986,341.623712,334.446113,-18.715278,-25.457218,-7.106481,233.048813,261.78088,28.732067,1.769,4.199,32.342726,-11.3766
2024-07-15,6.761496,7.285532,318.258007,310.5554,310.5344,458.231245,428.362506,395.865182,-22.118056,-28.879552,-2.199074,320.457081,229.999606,-90.457475,1.764,4.186,-31.632739,-36.683324
2024-07-16,7.604755,8.217569,399.804379,392.5154,392.6914,397.127923,488.173759,474.338439,-21.342593,-28.947347,-6.006944,405.811323,336.879976,-68.931347,1.675,3.975,89.370837,-17.81032
2024-07-17,6.825369,7.358604,356.438372,358.2855,359.8644,478.514394,522.458466,518.666331,-20.636574,-27.461943,-15.659722,372.098094,370.603178,-1.494915,1.691,4.014,42.253071,-7.806135
2024-07-18,0.0,0.0,420.535627,385.0895,386.1306,442.562933,488.945878,488.540544,-22.337963,-22.337963,-12.615741,433.151367,359.877481,-73.273886,1.65,3.915,44.732945,-4.320334
2024-07-19,6.864482,7.237563,386.129567,380.4725,381.0302,406.70121,421.883078,430.620113,-25.949074,-32.813556,-4.965278,391.094845,409.232897,18.138052,1.566,3.717,13.615868,5.020034
2024-07-20,2.314834,2.382942,383.240293,369.6086,369.4018,316.012142,386.744822,401.531844,-21.851852,-24.166686,-8.472222,391.712515,356.407979,-35.304536,1.523,3.616,69.20968,11.171023
2024-07-21,0.0,0.0,316.001349,313.7175,314.1503,357.246046,320.39515,286.756755,-25.983796,-25.983796,-9.652778,325.654127,298.440704,-27.213423,1.497,3.553,-38.347896,-37.191395
2024-07-22,4.274423,4.595349,356.732827,355.9793,355.8336,376.928498,424.562919,433.926351,-26.50463,-30.779052,-8.344907,365.077734,339.274942,-25.802792,1.478,3.507,46.156421,5.856432
2024-07-23,20.062551,21.55555,402.110903,400.9929,400.758,402.001476,367.53605,367.109824,-14.12037,-34.182921,-5.87963,407.990533,358.96468,-49.025853,1.491,3.539,-35.956426,-3.965226
2024-07-24,20.190834,21.672797,384.77534,370.3406,370.2732,366.615653,444.812291,454.08513,-5.300926,-25.49176,-8.263889,393.039228,402.551556,9.512327,1.46,3.464,76.736638,5.808839
2024-07-25,25.11026,43.334566,330.455963,320.9735,321.8148,425.753512,453.264344,458.440446,-11.898148,-37.008408,-13.344907,343.800871,348.862918,5.062047,1.372,3.256,26.138832,1.920102
2024-07-26,59.995857,68.967991,332.347487,325.4019,325.4449,352.128708,415.608034,411.138712,26.412037,-33.58382,-11.25,343.597487,370.548288,26.950801,1.408,3.343,62.071326,-7.812322
2024-07-27,25.065944,27.604302,268.165399,268.02,267.7514,258.825172,314.612456,308.076609,24.386574,-0.67937,-6.018519,274.183918,242.956691,-31.227227,1.386,3.289,54.401285,-9.824847
2024-07-28,34.178337,38.517275,198.489645,197.7387,197.3506,210.577516,204.233875,224.325341,2.395833,-31.782503,-6.527778,205.017423,260.190331,55.172908,1.406,3.336,-7.749641,16.755466
2024-07-29,34.070149,38.181785,252.443887,251.3376,251.5913,241.818032,251.680612,241.970342,1.134259,-32.935889,-17.314815,269.758702,274.95547,5.196769,1.543,3.661,8.319581,-13.371271
2024-07-30,27.410202,30.410142,204.167711,203.4655,203.2774,320.208612,362.209022,348.26496,-38.043981,-65.454183,-36.377315,240.545026,169.505864,-71.039162,1.89,4.486,40.11041,-18.430062
2024-07-31,16.479241,18.135747,261.999238,255.0079,254.7618,267.001589,306.240625,335.79933,-13.530093,-30.009334,-17.12963,279.128868,192.297173,-86.831695,1.942,4.608,37.297036,24.950705
2024-08-01,23.880897,25.74678,257.697045,251.4914,249.7896,211.518665,267.184531,269.259457,-10.844907,-34.725804,-6.388889,264.085934,236.788521,-27.297413,1.682,3.993,53.983866,-1.918074
2024-08-02,33.177371,37.11849,239.361982,242.8135,242.1828,323.223103,321.766447,316.224941,4.918981,-28.25839,-2.766204,242.128185,225.099731,-17.028454,1.573,3.732,-3.029656,-9.273506
2024-08-03,59.399296,65.890814,236.550629,237.4225,236.4525,367.901229,320.553578,316.917733,9.085648,-50.313648,3.032407,233.518222,245.849796,12.331574,1.55,3.68,-48.897651,-7.315845
2024-08-04,60.313963,67.610202,295.930523,291.6613,291.0795,314.102784,319.989337,316.629262,39.270833,-21.043129,9.43287,286.497653,245.873721,-40.623932,1.464,3.474,4.422553,-6.834075
2024-08-05,41.398781,45.019705,296.937182,287.7895,287.5737,396.324412,483.838688,495.759502,22.627315,-18.771466,0.219907,296.717275,294.604038,-2.113237,1.443,3.426,86.071276,8.494815
2024-08-06,41.047483,44.439894,393.934421,391.683,391.8333,367.103528,420.635003,413.136429,21.377315,-19.670168,-13.06713,407.001551,320.653709,-86.347842,1.517,3.601,52.014476,-11.099574
2024-08-07,40.832363,44.461981,415.834083,402.4283,402.2491,303.347518,326.854691,348.739151,14.849537,-25.982826,-10.138889,425.972972,419.352777,-6.620195,1.523,3.615,21.984172,18.269461
2024-08-08,37.725943,41.380166,315.469132,310.3639,309.464,321.874134,307.109359,286.391222,14.74537,-22.980572,-15.56713,331.036261,374.12774,43.091478,1.525,3.619,-16.289775,-24.337138
2024-08-09,38.198885,41.967079,257.791117,251.8034,250.7263,335.057411,437.297906,449.33808,6.493056,-31.705829,-9.953704,267.744821,316.383005,48.638184,1.648,3.911,100.592495,8.129174
2024-08-10,51.157433,56.331835,200.401897,203.8486,202.5639,287.232608,289.823359,304.474451,15.405093,-35.75234,-3.912037,204.313935,230.856946,26.543012,1.625,3.857,0.965751,10.794092
2024-08-11,36.097377,40.112606,180.891594,175.5958,174.4643,176.303705,251.217691,250.113279,19.560185,-16.537192,-3.49537,184.386964,213.053069,28.666105,1.599,3.795,73.314985,-4.899411
2024-08-12,37.991659,43.269472,178.113042,178.7723,177.2924,229.884711,231.478541,225.717861,4.826389,-33.16527,-7.662037,185.775079,174.554935,-11.220144,1.654,3.925,-0.060171,-9.68568
2024-08-13,32.312762,35.941777,232.045139,225.8708,225.0804,204.888477,192.041897,213.425621,12.662037,-19.650725,-16.770833,248.815973,208.258277,-40.557696,1.673,3.971,-14.51958,17.412724
2024-08-14,30.95386,34.543284,215.163205,214.3984,212.6849,233.975493,301.517612,266.967105,7.453704,-23.500157,-12.037037,227.200242,228.40021,1.199968,1.652,3.921,65.890119,-38.471507
2024-08-15,0.029424,0.044109,104.484078,106.2898,104.9018,171.074412,235.69805,266.448217,-6.458333,-6.487758,-5.034722,109.5188,146.250313,36.731513,1.679,3.986,62.944638,26.764168
2024-08-16,21.023507,23.239618,81.074095,85.31,84.4728,219.458432,183.616987,224.104429,-20.497685,-41.521192,-4.571759,85.645854,117.828007,32.182153,1.672,3.968,-37.513445,36.519441
2024-08-17,50.347187,56.564155,47.424528,53.2151,52.0273,139.579003,165.395469,195.071903,15.104167,-35.243021,-14.814815,62.239343,69.613618,7.374275,1.681,3.99,24.135466,25.686434
2024-08-18,43.844948,49.480326,43.040416,46.656,45.3475,128.790308,199.991925,195.104269,9.861111,-33.983837,-4.351852,47.392268,32.004085,-15.388183,1.67,3.963,69.531617,-8.850656
2024-08-19,51.652264,58.727977,133.581119,136.0417,134.9145,210.54903,220.812391,199.627067,19.74537,-31.906894,-4.236111,137.81723,85.632051,-52.185178,1.679,3.984,8.58436,-25.169324
2024-08-20,35.173382,39.539509,234.316699,233.524,232.462,222.848996,229.894797,170.759197,14.664352,-20.50903,-9.849537,244.166236,172.047824,-72.118412,1.617,3.837,5.428801,-62.972599
2024-08-21,33.572806,37.760638,173.829663,178.3594,177.4733,244.633582,213.41975,203.131356,11.608796,-21.964009,-8.518519,182.348182,215.206453,32.858271,1.629,3.868,-32.842832,-14.156394
2024-08-22,39.08323,43.839131,139.971805,135.401,134.4018,117.028411,188.281816,199.208104,7.430556,-31.652674,-8.900463,148.872268,212.096242,63.223975,1.589,3.771,69.664404,7.155288
2024-08-23,60.819379,70.312321,74.491934,81.7233,80.8152,62.468445,193.548644,168.755572,-15.046296,-75.865676,-24.513889,99.005822,147.322765,48.316943,2.542,6.034,128.538199,-30.827071
2024-08-24,52.913384,60.044998,86.443553,90.9522,89.3036,118.348181,155.623719,164.743699,-71.354167,-124.267551,-27.12963,113.573183,-45.321373,-158.894556,4.277,10.151,32.998538,-1.03102
2024-08-25,58.840234,66.299798,16.762221,25.8193,25.4542,143.718144,115.356638,164.797386,-17.488426,-76.32866,-31.400463,48.162684,14.835187,-33.327497,5.391,12.796,-33.752507,36.644748
2024-08-26,58.062642,65.232353,108.767041,110.0704,108.742,180.668337,190.964747,165.719567,-21.354167,-79.416809,-82.731481,191.498522,-0.057703,-191.556225,6.54,15.523,3.756409,-40.76818
2024-08-27,55.730764,62.54444,114.890911,119.5699,117.8792,182.7534,230.87775,225.932094,-8.900463,-64.631227,15.335648,99.555263,9.622903,-89.93236,6.351,15.074,41.77335,-20.019656
2024-08-28,52.128974,58.183616,111.083472,114.7068,112.8995,246.107704,267.362041,170.546762,-16.203704,-68.332678,21.828704,89.254768,20.786264,-68.468504,5.041,11.965,16.213336,-108.780279
2024-08-29,31.850226,36.321604,143.879643,150.5672,149.2128,223.535761,202.744597,213.97071,-34.375,-66.225226,9.050926,134.828717,14.0094,-120.819317,5.622,13.344,-26.413165,-2.117887
2024-08-30,36.562964,41.17509,194.185121,188.6261,186.41,187.918689,231.753741,213.538646,-63.599537,-100.162501,8.483796,185.701324,-35.540188,-221.241512,6.652,15.788,37.183051,-34.003094
2024-08-31,0.0,0.0,182.549768,183.9963,181.7443,321.322153,326.857916,324.398704,-81.296296,-81.296296,47.141204,135.408564,10.124296,-125.284268,7.609,18.06,-2.073238,-20.519212
2024-09-01,0.0,0.0,183.473343,184.1265,182.0568,324.151717,361.8063,372.258883,-175.787037,-175.787037,-21.296296,204.769639,28.623241,-176.146399,8.838,20.976,28.816583,-10.523417
2024-09-02,24.373037,26.959689,190.963429,190.9646,188.8688,333.543898,375.102975,366.670054,-204.074074,-228.447111,-82.627315,273.590744,10.244708,-263.346036,12.08,28.673,29.479077,-37.105921
2024-09-03,16.838972,18.31186,194.630841,196.6709,194.7344,385.359707,441.380219,457.827028,-220.381944,-237.220916,-127.719907,322.350748,12.934434,-309.416314,15.337,36.403,40.683512,-19.956191
2024-09-04,54.927874,58.925334,193.115192,193.5788,191.8159,422.10673,499.193853,479.933948,-230.555556,-285.48343,-90.335648,283.45084,-22.115592,-305.566432,13.628,32.346,63.459124,-51.605906
2024-09-05,70.939735,75.825112,207.330962,212.2764,210.9024,425.519409,468.158738,452.087927,-96.516204,-167.455939,30.891204,176.439758,-14.066833,-190.506591,9.716,23.061,32.923328,-39.131811
2024-09-06,31.889877,33.862119,198.663471,194.5767,193.8046,421.481777,471.027509,439.941592,-58.854167,-90.744044,78.055556,120.607915,-36.360196,-156.968111,7.298,17.323,42.247733,-48.408917
2024-09-07,0.0,0.0,188.353458,194.9482,193.6714,278.645874,342.437891,364.793582,-92.418981,-92.418981,60.115741,128.237717,-1.428333,-129.666051,7.654,18.167,56.138017,4.188691
2024-09-08,9.472124,10.061469,194.051088,194.585,193.0147,236.330991,305.954406,324.950214,-128.587963,-138.060086,-44.351852,238.40294,4.255691,-234.147249,9.39,22.286,60.233415,-3.290192
2024-09-09,53.395656,56.445352,177.798607,178.3733,176.3949,288.947356,332.792588,323.718756,-104.710648,-158.106304,36.215278,141.583329,4.673444,-136.909885,8.716,20.687,35.129232,-29.760832
2024-09-10,53.087956,55.395614,137.913615,141.2053,139.2373,278.052617,291.786847,287.435932,-64.976852,-118.064808,-8.784722,146.698337,0.936911,-145.761427,7.793,18.497,5.94123,-22.847914
2024-09-11,63.527136,66.918626,130.286833,136.7945,134.9303,290.806163,310.583356,339.285381,-50.613426,-114.140562,-3.090278,133.377111,5.744441,-127.632669,7.27,17.256,12.507193,11.446024
2024-09-12,64.32536,67.972061,117.673043,118.786,117.062,227.970105,254.91045,270.810982,-22.662037,-86.987397,5.046296,112.626746,-14.593254,-127.22,6.028,14.309,20.912345,1.591532
2024-09-13,53.334834,76.940299,130.853099,135.6292,134.0626,193.521864,256.396906,268.328029,-41.365741,-94.700574,-20.092593,150.945692,55.397985,-95.547707,6.461,15.334,56.414043,-3.402877
2024-09-14,81.333163,87.52148,110.565907,113.6408,110.9793,230.51425,239.526663,250.521454,-31.608796,-112.94196,-15.486111,126.052018,-26.89465,-152.946668,6.968,16.537,2.044412,-5.542209
2024-09-15,62.054125,65.908652,109.486903,114.5897,112.82,231.041211,242.67265,268.032366,-20.671296,-82.725421,5.706019,103.780885,-14.426681,-118.207566,6.236,14.8,5.395439,10.559716
2024-09-16,81.6972,87.636391,125.507617,134.6138,132.8816,241.569916,339.644234,321.925254,-12.048611,-93.745811,12.037037,113.47058,-8.526035,-121.996615,5.817,13.806,92.257319,-31.52498
2024-09-17,77.537963,84.936803,223.473969,216.7678,215.0721,277.888633,269.850666,271.871876,-6.516204,-84.054166,10.555556,212.918413,99.649765,-113.268648,5.43,12.889,-13.467968,-10.867789
2024-09-18,67.73643,107.338538,131.550484,138.1044,135.992,294.730617,335.531688,330.841386,-2.465278,-70.201708,-0.428241,131.978725,118.474649,-13.504076,4.885,11.594,35.91607,-16.284302
2024-09-19,73.057031,77.756063,87.881697,89.925,88.1197,102.441487,216.428675,292.822858,11.678241,-61.378791,-10.740741,98.622438,32.74984,-65.872597,4.57,10.847,109.417188,65.547183
2024-09-20,45.949864,85.979729,53.356673,59.1332,58.2009,165.47511,203.919437,189.301976,-21.585648,-67.535512,-24.490741,77.847414,12.93021,-64.917204,4.637,11.006,33.807327,-25.623461
2024-09-21,21.667254,22.338426,80.32343,86.4471,84.7262,136.367914,175.135909,182.01957,-7.152778,-28.820032,-31.851852,112.175281,-28.607574,-140.782855,4.478,10.628,34.289995,-3.744339
2024-09-22,2.175965,2.212407,87.137775,90.5856,88.8232,114.554996,196.257375,182.933788,-53.541667,-55.717632,7.060185,80.07759,-16.930278,-97.007868,4.338,10.295,77.364379,-23.618587
2024-09-23,39.438654,40.234037,81.73127,89.3316,86.8012,225.932994,224.5675,182.914266,-53.923611,-93.362265,-15.208333,96.939604,41.993425,-54.946178,4.524,10.738,-5.889494,-52.391234
2024-09-24,48.188984,49.929884,107.421221,110.9092,109.1808,200.701638,186.194838,183.140829,-29.236111,-77.425095,0.219907,107.201314,8.375773,-98.825541,5.005,11.88,-19.5118,-14.934008
2024-09-25,68.675676,71.295991,177.06301,183.8545,181.9546,257.387535,265.031844,230.510378,-9.039352,-77.715028,15.219907,161.843102,55.313899,-106.529204,5.08,12.058,2.564309,-46.579466
2024-09-26,68.21637,72.120511,118.435779,115.4751,113.746,183.994897,217.151478,262.533442,-1.666667,-69.883036,8.541667,109.894112,75.855567,-34.038545,5.9,14.003,27.256581,31.378964
2024-09-27,74.563055,80.745508,160.614974,163.6578,161.4026,283.47117,334.288853,250.316467,-39.398148,-113.961203,-82.326389,242.941363,44.238452,-198.702911,8.239,19.554,42.578684,-103.526386
2024-09-28,52.730917,75.584035,109.934705,113.99,112.2254,150.966763,166.1348,188.7312,-45.335648,-98.066565,-5.914352,115.849057,15.593609,-100.255448,8.026,19.049,7.142037,3.5474
2024-09-29,7.50464,83.938083,99.853047,104.7573,103.7063,151.964222,163.146166,175.717142,-92.025463,-99.530103,12.8125,87.040547,0.776527,-86.26402,5.904,14.014,5.277944,-1.443024
2024-09-30,0.0,111.309254,169.904176,171.3599,170.2029,335.509565,401.458213,338.918049,2133.125,2133.125,17.361111,152.543065,38.215624,-114.32744,4.969,11.794,60.979648,-74.334163
2024-10-01,0.0,119.81402,119.169128,124.5873,123.992,243.679285,240.668313,274.16166,-73.425926,-73.425926,11.678241,107.490888,78.167613,-29.323275,4.436,10.529,-7.446972,22.964347
2024-10-02,0.0,123.148199,164.221614,169.263,168.8363,169.716525,179.931081,221.117229,-70.358796,-70.358796,-7.847222,172.068836,129.33081,-42.738026,4.652,11.042,5.562556,30.144148
2024-10-03,0.0,123.317112,177.144678,176.82,176.1774,286.915749,325.892969,266.272772,-161.041667,-161.041667,-63.425926,240.570604,42.441667,-198.128937,6.493,15.411,32.48422,-75.031197
2024-10-04,0.0,123.33508,207.228814,215.1404,214.3081,299.411853,448.88775,429.318527,-177.210648,-177.210648,-24.965278,232.194092,59.702247,-172.491845,9.276,22.017,140.199897,-41.586223
2024-10-05,0.0,101.850397,8.290534,14.3834,14.5526,247.948421,366.020703,403.112653,-142.337963,-142.337963,-76.030093,84.320627,20.066119,-64.254508,10.911,25.897,107.161282,11.19495
2024-10-06,0.0,61.003435,41.77152,51.0073,50.6707,204.834868,273.802634,289.442126,-89.050926,-89.050926,-111.041667,152.813187,-28.220991,-181.034178,10.209,24.232,58.758766,-8.592508
2024-10-07,0.0,34.351278,91.982842,97.3209,97.4097,229.055517,287.921416,298.100098,-79.247685,-79.247685,-61.041667,153.024508,-9.705592,-162.7301,8.455,20.067,50.410898,-9.888318
2024-10-08,0.0,7.533517,116.17654,113.9241,115.9818,219.528296,261.566313,327.527441,-96.643519,-96.643519,-22.013889,138.190429,59.843091,-78.347338,8.023,19.043,34.015016,46.918129
2024-10-09,0.0,0.0,135.464483,138.7956,137.6791,281.228748,340.736031,304.873892,-117.534722,-117.534722,-17.986111,153.450594,-41.347648,-194.798243,8.541,20.273,50.966283,-56.135139
2024-10-10,0.0,60.099907,177.442047,174.077,177.47,363.677905,467.459584,445.226796,-120.520833,-120.520833,36.30787,141.134177,39.789148,-101.345029,8.018,19.031,95.76368,-41.263789
2024-10-11,0.0,22.817661,163.569933,160.0319,159.3619,343.008287,335.572,346.698536,-57.071759,-57.071759,31.550926,132.019007,16.991142,-115.027865,6.69,15.879,-14.126287,-4.752464
2024-10-12,0.0,0.0,62.083771,67.5436,66.0888,214.171403,232.030016,215.663516,-72.592593,-72.592593,26.689815,35.393956,25.693296,-9.70066,5.831,13.839,12.027612,-30.205499
2024-10-13,0.0,0.0,93.449374,99.8175,98.763,176.349262,186.834597,184.709822,-69.826389,-69.826389,-18.368056,111.817429,-0.050667,-111.868096,5.285,12.543,5.200335,-14.667775
2024-10-14,0.0,20.641806,186.169061,184.6614,182.5966,263.422123,321.835919,338.572809,-85.520833,-85.520833,37.662037,148.507024,36.906269,-111.600755,4.906,11.645,53.507796,5.091891
2024-10-15,0.0,51.879549,198.236898,202.1108,201.3473,275.726165,331.404763,336.698393,-67.118056,-67.118056,52.268519,145.968379,96.581345,-49.387034,4.486,10.647,51.192597,-5.35337
2024-10-16,0.0,61.143482,250.411671,250.6197,249.5315,362.277977,409.954341,395.187802,-60.856481,-60.856481,18.032407,232.379264,135.25063,-97.128633,4.129,9.799,43.547363,-24.565538
2024-10-17,0.0,61.809955,300.274592,307.6134,306.129,355.541999,410.144078,421.638735,-55.138889,-55.138889,17.581019,282.693573,213.927584,-68.765989,3.785,8.983,50.817079,2.511657
2024-10-18,0.0,91.088498,257.650508,250.1253,249.07,340.240384,414.845859,362.0088,-75.543981,-75.543981,4.884259,252.766249,229.942164,-22.824085,3.638,8.634,70.967476,-61.471059
2024-10-19,0.0,122.986,126.155968,127.1343,126.214,242.220093,246.645581,239.249265,-59.641204,-59.641204,-11.099537,137.255505,168.141815,30.88631,3.511,8.333,0.914488,-15.729316
2024-10-20,0.0,122.98613,125.288253,125.2942,123.9698,164.206197,187.474222,231.815303,-51.631944,-51.631944,-6.701389,131.989642,81.764241,-50.225401,3.539,8.4,19.729025,35.941081
2024-10-21,0.0,122.986811,188.731746,196.0522,194.7403,310.463442,366.607384,330.708838,-54.085648,-54.085648,-0.092593,188.824339,108.911681,-79.912657,3.778,8.967,52.365942,-44.865546
2024-10-22,0.0,122.986032,277.297924,278.3528,277.5014,379.029816,361.849569,360.724939,-56.423611,-56.423611,8.622685,268.675239,147.588144,-121.087096,4.306,10.22,-21.486247,-11.34463
2024-10-23,0.0,122.985546,222.751026,228.4258,226.5852,287.296204,390.539303,390.972998,-59.456019,-59.456019,65.648148,157.102878,145.341731,-11.761147,5.428,12.883,97.815099,-12.449306
2024-10-24,0.0,94.386287,201.400232,206.672,205.1154,250.925662,308.390222,317.683477,-73.078704,-73.078704,-0.451389,201.85162,100.634731,-101.216889,9.862,23.408,47.60256,-14.114744
2024-10-25,0.0,80.558367,200.119097,201.3322,199.2851,297.225384,238.729684,269.615229,-257.592593,-257.592593,-351.979167,552.098264,72.825867,-479.272397,18.974,45.034,-77.4697,-14.148455
2024-10-26,0.0,0.885722,194.204185,201.646,199.5002,346.887185,377.073181,318.705583,-339.479167,-339.479167,-162.939815,357.144,3.441759,-353.702241,19.435,46.129,10.750997,-104.496598
2024-10-27,0.0,0.0,189.264213,191.5093,189.3081,441.787602,492.388969,526.077431,-261.805556,-261.805556,-33.368056,222.632269,-102.495,-325.127269,12.844,30.486,37.757366,3.202462
2024-10-28,0.0,2.5466,199.881418,201.9855,199.5854,435.604267,476.939472,441.530108,-174.895833,-174.895833,37.8125,162.068919,-27.877696,-189.946614,10.901,25.874,30.434205,-61.283364
2024-10-29,0.0,21.499473,176.893762,181.1788,178.6379,385.820422,482.101622,522.321405,-165.324074,-165.324074,56.122685,120.771077,-4.32149,-125.092567,10.193,24.193,86.0882,16.026783
2024-10-30,0.0,85.731225,195.944359,198.3239,197.0347,371.710772,446.069638,407.491858,-174.097222,-174.097222,34.872685,161.071674,29.369576,-131.702098,9.813,23.29,64.545865,-61.867779
2024-10-31,0.0,87.96773,140.000942,151.5514,149.6467,328.023837,332.949941,353.277619,-145.127315,-145.127315,46.759259,93.241683,5.543674,-87.698009,10.124,24.029,-5.197896,-3.701322
2024-11-01,0.0,101.456624,108.637504,114.9356,113.5029,368.001159,399.822331,324.966398,-130.092593,-130.092593,-35.613426,144.25093,1.337457,-142.913473,10.612,25.187,21.209173,-100.042934
2024-11-02,0.0,86.780767,96.282871,104.5203,102.9345,156.559338,214.754766,266.997416,-129.94213,-129.94213,-56.469907,152.752778,4.16336,-148.589418,10.123,24.026,48.072427,28.216651
2024-11-03,0.0,122.213795,110.154735,117.5166,115.4278,242.978608,250.416681,243.022245,-124.166667,-124.166667,-24.513889,134.668624,-1.263298,-135.931922,8.901,21.127,-1.462926,-28.521436
2024-11-04,0.0,122.010794,187.960934,196.8168,195.2254,312.706271,398.252831,399.21252,-102.662037,-102.662037,29.131944,158.82899,30.972757,-127.856232,7.538,17.891,78.00856,-16.931311
2024-11-05,0.0,122.208897,174.602556,185.0472,183.5148,397.754659,426.1558,421.698844,-100.3125,-100.3125,51.099537,123.503019,9.087601,-114.415418,7.728,18.343,20.673141,-22.799956
2024-11-06,0.0,122.207211,248.866135,250.9244,249.712,435.524212,487.68235,496.94421,-110.092593,-110.092593,32.627315,216.23882,37.796859,-178.441961,8.667,20.572,43.491138,-11.31014
2024-11-07,0.0,122.205167,226.712311,225.5639,224.6666,395.257854,443.114328,436.30116,-115.25463,-115.25463,56.296296,170.416014,70.700945,-99.715069,8.619,20.456,39.237474,-27.269168
2024-11-08,0.827649,122.265558,189.737905,202.2052,201.6538,407.622588,379.371666,368.726338,-127.592593,-128.420242,20.752315,168.985591,69.275336,-99.710255,10.329,24.515,-38.579922,-35.160328
2024-11-09,11.042916,116.61872,206.949926,226.8009,226.5757,385.772011,460.560234,445.965568,-361.782407,-372.825324,-495.601852,702.551778,216.901832,-485.649947,25.618,60.805,49.170223,-75.399666
2024-11-10,0.0,122.473521,218.621493,281.9831,280.3054,453.108608,475.207916,450.683591,-627.199074,-627.199074,-443.541667,662.16316,-0.735701,-662.898861,29.14,69.163,-7.040692,-93.687324
2024-11-11,43.941653,122.086072,217.752196,279.0577,277.0669,394.725645,419.335328,458.24034,-278.506944,-322.448598,-59.710648,277.462845,-118.453761,-395.916606,15.71,37.287,8.899683,1.618012
2024-11-12,34.738476,118.940071,227.452736,275.1126,273.8902,518.235243,581.337828,511.864794,-163.148148,-197.886624,35.011574,192.441162,-61.600577,-254.041739,10.939,25.963,52.163585,-95.436034
2024-11-13,64.578876,115.212379,275.198526,304.8197,303.6148,467.299994,553.309622,531.113466,-96.840278,-161.419154,64.733796,210.46473,1.656712,-208.808018,8.919,21.17,77.090628,-43.366156
2024-11-14,114.218982,112.088822,219.976553,235.4588,236.106,481.405515,437.975425,436.862689,-30.266204,-144.485186,73.217593,146.758961,39.270729,-107.488232,8.066,19.144,-51.49609,-20.256736
2024-11-15,114.769612,112.090411,216.209241,218.7259,219.3695,402.824759,422.451484,410.22321,-110.347222,-225.116834,33.125,183.084241,-10.538571,-193.622812,8.198,19.459,11.428726,-31.687274
2024-11-16,115.350025,112.088659,236.950063,239.5215,239.8679,221.724651,253.524506,364.520524,-141.956019,-257.306044,38.206019,198.744044,37.571067,-161.172977,8.28,19.653,23.519855,91.343017
2024-11-17,116.233473,112.866573,223.370156,227.2946,227.0239,234.488389,292.372453,224.115217,-76.180556,-192.414028,72.465278,150.904878,17.218721,-133.686157,7.316,17.363,50.568064,-85.620236
2024-11-18,119.295398,117.334427,235.603494,233.7767,233.2019,420.276714,502.955681,445.289216,-31.087963,-150.383361,90.833333,144.770161,12.349519,-132.420641,6.276,14.897,76.402967,-72.563465
2024-11-19,95.813165,90.660378,270.065664,274.4746,273.4442,410.206532,456.883062,464.560236,-18.854167,-114.667331,77.395833,192.669831,17.829211,-174.84062,5.758,13.666,40.918531,-5.988827
2024-11-20,119.144688,115.86351,266.352881,270.5555,270.102,307.784308,364.376356,364.423425,-7.465278,-126.609965,69.872685,196.480195,113.068973,-83.411222,5.617,13.332,50.975049,-13.284931
2024-11-21,118.747818,115.828807,267.114368,268.8856,268.9859,409.593809,396.757238,367.023771,16.909722,-101.838096,28.842593,238.271776,122.23201,-116.039765,5.555,13.185,-18.391571,-42.918467
2024-11-22,118.730594,115.845866,262.174979,258.5802,262.2839,380.329865,428.815753,420.384928,19.780093,-98.950501,4.282407,257.892572,165.995126,-91.897446,5.178,12.29,43.307888,-20.720825
2024-11-23,114.768177,110.943828,310.387635,314.8856,314.4447,286.08839,294.348975,295.017598,26.863426,-87.904751,-8.634259,319.021894,200.215828,-118.806067,4.845,11.499,3.415585,-10.830377
2024-11-24,118.644474,115.835228,228.772831,232.6226,232.61,311.592933,356.895834,337.700719,34.988426,-83.656048,-14.502315,243.275146,218.094525,-25.180622,4.62,10.964,40.682901,-30.159116
2024-11-25,118.863003,116.282549,230.654615,234.3109,234.3801,406.378287,384.999291,367.403175,40.752315,-78.110689,-4.791667,235.446281,154.41353,-81.032751,4.472,10.614,-25.850997,-28.210116
2024-11-26,119.325719,117.009996,281.835715,283.9829,284.2392,417.818178,512.530437,507.051727,40.543981,-78.781738,-11.134259,292.969975,176.394681,-116.575293,4.68,11.107,90.032259,-16.58571
2024-11-27,94.977263,89.98677,371.619009,371.5569,370.3256,392.134567,390.614956,368.927214,27.395833,-67.581429,-10.902778,382.521787,246.492288,-136.029498,4.996,11.859,-6.51561,-33.546742
2024-11-28,93.09572,87.686403,328.562026,326.7109,324.0569,259.234214,348.376863,354.261964,-4.872685,-97.968405,-6.157407,334.719433,233.711922,-101.007511,5.251,12.462,83.891648,-6.576899
2024-11-29,118.680357,115.806655,329.201136,329.3492,327.9833,402.432074,375.088194,379.567491,8.240741,-110.439617,-18.217593,347.418729,228.054969,-119.363759,5.588,13.264,-32.93188,-8.784703
2024-11-30,118.334262,115.81846,222.637806,222.3799,221.3821,335.610768,345.581056,367.002964,10.9375,-107.396763,-18.611111,241.248917,191.688571,-49.560346,5.426,12.877,4.544288,8.544907
2024-12-01,118.464878,115.794881,218.090691,217.197,215.9056,292.545881,334.652606,317.162278,7.650463,-110.814415,-6.990741,225.081432,134.435289,-90.646143,4.908,11.65,37.198726,-29.140328
2024-12-02,118.938179,116.655857,354.972672,355.5011,353.8715,389.157224,371.325559,356.956069,20.543981,-98.394198,-14.212963,369.185635,162.528968,-206.656667,4.709,11.178,-22.540665,-25.547491
2024-12-03,119.742683,118.310021,270.180466,276.3404,273.0501,324.886077,348.106903,366.317878,20.173611,-99.569072,-19.756944,289.93741,232.657058,-57.280352,4.677,11.1,18.543826,7.110975
2024-12-04,119.720795,118.305805,276.539017,271.6852,266.788,374.424813,429.514772,445.839699,4.965278,-114.755517,-67.141204,343.680221,203.065083,-140.615138,5.262,12.489,49.827959,3.835928
2024-12-05,119.929277,118.255598,275.332892,275.6312,269.9022,348.116249,348.751903,346.581915,-39.988426,-159.917703,-73.194444,348.527336,190.099358,-158.427978,6.657,15.799,-6.021346,-17.968988
2024-12-06,120.224597,118.209413,356.159234,358.2134,354.4439,450.701998,476.747719,454.576275,-48.831019,-169.055615,16.041667,340.117568,144.658043,-195.459525,6.613,15.696,19.43272,-37.867444
2024-12-07,112.001931,112.622609,245.68765,249.5134,249.1188,321.595698,388.291747,411.70692,-22.685185,-134.687116,64.351852,181.335798,98.900221,-82.435577,5.334,12.66,61.362049,10.755173
2024-12-08,118.211721,117.836787,226.627729,215.6435,214.7303,259.257961,313.504266,285.019252,-13.888889,-132.10061,17.5,209.127729,79.71699,-129.410738,5.009,11.89,49.237305,-40.375013
2024-12-09,120.552391,118.317708,294.447924,292.9295,291.6783,358.189794,355.2918,352.587652,-39.94213,-160.49452,-64.039352,358.487276,152.568541,-205.918734,5.408,12.836,-8.305994,-15.540148
2024-12-10,121.012415,118.543379,416.900682,429.39,427.8377,433.668258,427.713744,431.934542,-52.615741,-173.628156,-19.664352,436.565034,219.862101,-216.702932,5.527,13.118,-11.481514,-8.897202
2024-12-11,121.696531,119.772538,390.251608,389.2018,388.0694,447.538148,481.736659,437.872721,-6.446759,-128.14329,26.134259,364.117348,234.244445,-129.872903,4.848,11.506,29.350511,-55.369938
2024-12-12,120.60801,117.880182,393.430259,385.7216,384.2788,456.253807,468.662106,463.297438,22.453704,-98.154306,12.569444,380.860815,286.623571,-94.237243,4.313,10.237,8.095299,-15.601668
2024-12-13,121.607361,119.868735,309.422851,309.3519,307.6062,406.567292,492.609075,507.577294,40.023148,-81.584213,-43.136574,352.559425,275.574124,-76.985301,4.378,10.391,81.663783,4.577219
2024-12-14,118.597826,119.420604,248.534384,251.5002,249.9877,315.044138,320.303909,302.147421,13.275463,-105.322363,-61.157407,309.691791,199.46027,-110.231521,5.343,12.683,-0.083228,-30.839489
2024-12-15,119.085839,119.144012,324.506419,331.3514,329.059,316.83089,357.231637,326.048355,-72.002315,-191.088154,-188.009259,512.515678,148.99966,-363.516018,6.847,16.251,33.553748,-47.434282
2024-12-16,121.749818,118.77917,358.773118,357.8276,355.8128,409.098749,444.622419,419.222055,-64.444444,-186.194262,2.083333,356.689784,162.61467,-194.075115,6.647,15.778,28.87667,-41.178364
2024-12-17,121.882765,119.093968,222.726884,218.2919,217.1315,360.547127,397.249991,433.540781,-22.916667,-144.799432,33.969907,188.756976,66.421819,-122.335157,5.567,13.213,31.135864,23.077791
2024-12-18,122.008895,119.094714,267.288444,271.7056,269.8394,310.684703,299.723437,285.827381,10.439815,-111.56908,30.810185,236.478259,58.081658,-178.396601,5.039,11.96,-16.000266,-25.856056
2024-12-19,121.985571,119.096562,266.815251,268.212,267.0257,290.896003,340.019544,316.624639,30.972222,-91.013349,35.381944,231.433307,106.627229,-124.806078,4.537,10.769,44.586541,-34.163905
2024-12-20,121.647909,119.099254,268.235329,274.9217,273.7795,319.32744,324.920766,330.241069,35.0,-86.647909,21.342593,246.892737,159.86855,-87.024186,4.239,10.061,1.354325,-4.740697
2024-12-21,112.953736,111.299524,188.866861,186.0411,184.5525,199.283468,269.175297,273.951536,22.025463,-90.928273,-7.824074,196.690935,127.532524,-69.158411,4.144,9.837,65.747829,-5.060761
2024-12-22,121.353666,119.094908,190.718591,196.6181,194.3891,295.488419,280.859606,250.403291,28.344907,-93.008758,-16.331019,207.049609,66.145871,-140.903738,4.052,9.618,-18.680812,-40.074315
2024-12-23,121.371248,119.34552,293.87583,294.7366,292.0283,365.488505,417.361494,408.19698,35.810185,-85.561063,-13.090278,306.966108,170.73002,-136.236087,3.843,9.12,48.029989,-18.284514
2024-12-24,121.484819,119.872108,330.964454,330.2132,326.7741,446.892761,453.343625,452.94255,43.865741,-77.619078,-31.736111,362.700565,232.917404,-129.783161,3.577,8.491,2.873864,-8.892075
2024-12-25,120.258506,118.315113,305.794566,308.8289,305.0431,345.893548,385.320581,371.506496,40.717593,-79.540914,-10.949074,316.74364,283.371113,-33.372527,3.65,8.664,35.777033,-22.478085
2024-12-26,120.559209,119.093935,251.084831,258.0146,254.5623,332.837616,391.260897,398.921738,31.423611,-89.135597,-12.141204,263.226034,178.708509,-84.517525,4.191,9.948,54.232281,-2.287159
2024-12-27,68.999165,59.22771,204.221824,202.9067,199.2946,358.346236,365.518544,366.747116,-2.453704,-71.452868,7.893519,196.328305,54.259414,-142.068891,4.394,10.429,2.778308,-9.200427
2024-12-28,103.67915,98.616501,210.316223,217.5592,213.9005,356.262193,410.7446,444.015373,-11.678241,-115.357391,-13.252315,223.568538,139.719094,-83.849444,3.996,9.485,50.486407,23.785773
2024-12-29,120.732525,119.094551,235.330101,240.8944,236.8844,406.360656,433.841109,372.525262,31.990741,-88.741784,-1.342593,236.672694,171.896644,-64.77605,3.674,8.72,23.806454,-70.035847
2024-12-30,120.599039,119.095492,304.509352,305.403,301.5824,393.573528,451.916294,408.646768,23.738426,-96.860613,-21.840278,326.34963,191.654233,-134.695398,3.795,9.006,54.547766,-52.275526
2024-12-31,116.036653,114.206718,225.631393,228.3467,224.3833,411.773195,477.900522,456.717842,1.550926,-114.485727,-14.155093,239.786485,163.357607,-76.428878,3.748,8.897,62.379327,-30.07968
