date,PKI_balance_release_m3s,OHU_natural_inflow_m3s,OHU_spill_m3s,OHA_turbine_flow_m3s,OHB_turbine_flow_m3s,OHC_turbine_flow_m3s,RTH_spill_m3s,OHU_release_previous_delta_m3s,junction_residual_previous_delta_m3s,OHU_release_same_day_delta_m3s,junction_residual_same_day_delta_m3s,OHU_release_next_delta_m3s,junction_residual_next_delta_m3s,OHU_release_no_storage_timing_m3s,junction_residual_no_storage_timing_m3s,OHA_minus_RTHspill_minus_OHB_m3s,OHB_minus_OHC_m3s
2024-01-03,231.952704,59.0,12.673611,329.670166,323.7367,322.5873,0.0,45.712963,-52.0045,41.638889,-56.078574,51.627315,-46.090148,46.326389,-51.391074,5.933466,1.1494
2024-01-04,234.873296,58.0,12.638889,223.568708,226.2065,225.4262,0.0,40.673611,51.9782,50.662037,61.966626,50.361111,61.6657,45.361111,56.6657,-2.637792,0.7803
2024-01-05,135.517056,56.0,12.673611,262.841812,259.4738,258.3064,0.0,48.627315,-78.697441,48.326389,-78.998367,31.891204,-95.433552,43.326389,-83.998367,3.368012,1.1674
2024-01-06,224.446259,56.0,12.696759,193.271036,194.2288,193.6446,0.0,48.303241,79.478464,31.868056,63.043279,43.627315,74.802539,43.303241,74.478464,-0.957764,0.5842
2024-01-07,169.331,50.0,12.696759,258.356468,257.3843,255.853,0.0,25.868056,-63.157413,37.627315,-51.398153,33.298611,-55.726857,37.303241,-51.722228,0.972168,1.5313
2024-01-08,220.59213,55.0,12.673611,281.874344,281.669,279.8071,0.0,42.650463,-18.631751,38.321759,-22.960455,52.673611,-8.608603,42.326389,-18.955825,0.205344,1.8619
2024-01-09,195.727556,36.0,12.685185,284.165051,288.0313,286.205,0.0,19.310185,-69.12731,33.662037,-54.775458,14.472222,-73.965273,23.314815,-65.12268,-3.866249,1.8263
2024-01-10,294.386278,60.0,12.708333,296.861674,289.9572,287.5207,0.0,57.638889,55.163492,38.449074,35.973677,53.194444,50.719048,47.291667,44.81627,6.904474,2.4365
2024-01-11,208.135648,32.0,12.673611,285.154393,285.9532,284.2484,0.0,10.483796,-66.534949,25.229167,-51.789579,19.546296,-57.472449,19.326389,-57.692356,-0.798807,1.7048
2024-01-12,232.32187,45.0,12.696759,304.232962,307.6597,305.9872,0.0,38.206019,-33.705074,32.523148,-39.387944,33.888889,-38.022203,32.303241,-39.607851,-3.426738,1.6725
2024-01-13,265.295648,56.0,12.696759,273.295597,266.1255,263.7515,0.0,43.523148,35.523199,44.888889,36.88894,48.962963,40.963014,43.303241,35.303291,7.170097,2.374
2024-01-14,149.636704,70.0,12.685185,182.189045,183.3352,182.425,0.0,58.900463,26.348121,62.974537,30.422195,42.75463,10.202288,57.314815,24.762473,-1.146155,0.9102
2024-01-15,178.199037,77.0,12.719907,303.559137,313.0938,311.7168,0.0,69.939815,-55.420285,49.719907,-75.640193,75.136574,-50.223526,64.280093,-61.080007,-9.534663,1.377
2024-01-16,310.125574,50.0,12.719907,389.121739,405.1706,403.4037,0.0,22.719907,-56.276257,48.136574,-30.859591,48.831019,-30.165146,37.280093,-41.716072,-16.048861,1.7669
2024-01-17,312.208796,42.0,12.650463,384.660122,400.739,398.8875,0.0,40.206019,-32.245307,40.900463,-31.550862,63.354167,-9.097159,29.349537,-43.101788,-16.078878,1.8515
2024-01-18,323.432574,48.0,12.534722,388.510351,399.7197,398.2992,0.0,47.016204,-18.061573,69.469907,4.392131,35.037037,-30.04074,35.465278,-29.612499,-11.209349,1.4205
2024-01-19,440.560981,311.0,12.638889,404.863564,410.0618,409.4061,0.0,332.365741,368.063158,297.93287,333.630287,-33.479167,2.21825,298.361111,334.058528,-5.198236,0.6557
2024-01-20,542.605241,516.0,12.835648,314.622479,312.2336,310.5869,0.0,502.736111,730.718873,171.324074,399.306836,419.298611,647.281373,503.164352,731.147113,2.388879,1.6467
2024-01-21,-101.124296,147.0,12.766204,331.112972,326.8271,325.0503,0.0,-197.606481,-629.84375,50.368056,-381.869213,215.18287,-217.054398,134.233796,-298.003472,4.285872,1.7768
2024-01-22,122.424648,114.0,12.685185,392.175016,393.4252,391.7956,0.0,17.449074,-252.301294,182.263889,-87.486479,130.643519,-139.106849,101.314815,-168.435553,-1.250184,1.6296
2024-01-23,297.495611,209.0,12.743056,312.919184,309.3969,307.8058,0.0,277.206019,261.782445,225.585648,210.162075,228.930556,213.506982,196.256944,180.833371,3.522284,1.5911
2024-01-24,121.786074,116.0,12.638889,372.473321,370.5226,368.944,0.0,132.689815,-117.997432,136.034722,-114.652524,183.696759,-66.990487,103.361111,-147.326135,1.950721,1.5786
2024-01-25,191.266444,68.0,12.592593,381.457244,381.4364,379.3847,0.0,88.081019,-102.109781,135.743056,-54.447744,171.969907,-18.220892,55.407407,-134.783392,0.020844,2.0517
2024-01-26,258.949204,66.0,12.55787,433.427805,434.3308,432.1495,0.0,133.777778,-40.700824,170.00463,-4.473972,20.710648,-153.767953,53.44213,-121.036472,-0.902995,2.1813
2024-01-27,368.690648,305.0,12.638889,280.291262,280.8533,278.7291,0.0,408.923611,497.322998,259.62963,348.029016,265.081019,353.480405,292.361111,380.760498,-0.562038,2.1242
2024-01-28,120.014778,128.0,12.696759,222.851842,227.7846,225.9299,0.0,82.571759,-20.265305,88.023148,-14.813916,171.321759,68.484695,115.303241,12.466177,-4.932758,1.8547
2024-01-29,70.203407,94.0,12.604167,279.529607,285.6154,284.2173,0.0,54.115741,-155.210459,137.414352,-71.911848,90.111111,-119.215089,81.395833,-127.930367,-6.085793,1.3981
2024-01-30,188.558907,82.0,12.627315,286.997299,276.5889,275.8306,0.0,125.391204,26.952812,78.087963,-20.350428,68.25,-30.188391,69.372685,-29.065706,10.408399,0.7583
2024-01-31,258.945981,86.0,12.650463,346.174146,355.7349,354.0484,0.0,82.064815,-5.16335,72.226852,-15.001313,89.553241,2.325076,73.349537,-13.878627,-9.560754,1.6865
2024-02-01,277.419426,69.0,12.604167,403.071442,412.5673,411.6548,0.081019,55.273148,-70.378868,72.599537,-53.052479,78.363426,-47.28859,56.395833,-69.256182,-9.576877,0.9125
2024-02-02,328.849167,80.0,12.592593,352.72717,341.7312,339.1612,0.0,83.611111,59.733108,89.375,65.496997,70.474537,46.596534,67.407407,43.529404,10.99597,2.57
2024-02-03,250.01387,67.0,12.604167,271.200611,272.058,270.01,0.0,76.363426,55.176685,57.462963,36.276222,54.164352,32.977611,54.395833,33.209092,-0.857389,2.048
2024-02-04,199.237,67.0,12.604167,199.711172,204.1853,203.2704,0.0,57.462963,56.988791,54.164352,53.69018,52.868056,52.393883,54.395833,53.921661,-4.474128,0.9149
2024-02-05,153.212815,58.0,12.604167,266.962687,262.9853,261.6193,0.0,45.164352,-68.58552,43.868056,-69.881816,50.789352,-62.96052,45.395833,-68.354039,3.977387,1.366
2024-02-06,233.909093,54.0,12.604167,303.730049,303.9008,301.769,0.0,39.868056,-29.952901,46.789352,-23.031605,36.604167,-33.21679,41.395833,-28.425123,-0.170751,2.1318
2024-02-07,238.712093,47.0,12.673611,317.901947,320.0967,319.042,0.0,39.719907,-39.469946,29.534722,-49.655132,22.300926,-56.888928,34.326389,-44.863465,-2.194753,1.0547
2024-02-08,288.535167,50.0,12.719907,363.554082,368.6653,367.0271,0.0,32.488426,-42.530489,25.25463,-49.764286,38.113426,-36.905489,37.280093,-37.738823,-5.111218,1.6382
2024-02-09,248.146167,56.0,12.719907,355.15757,355.909,354.7403,0.0,31.25463,-75.756774,44.113426,-62.897978,43.268519,-63.742885,43.280093,-63.731311,-0.75143,1.1687
2024-02-10,249.147111,46.0,12.708333,287.509536,275.7272,274.4956,0.0,34.125,-4.237425,33.280093,-5.082332,36.543981,-1.818443,33.291667,-5.070758,11.782336,1.2316
2024-02-11,223.9995,49.0,12.708333,283.170629,278.7789,277.6544,0.0,36.280093,-22.891037,39.543981,-19.627148,34.740741,-24.430389,36.291667,-22.879463,4.391729,1.1245
2024-02-12,279.342611,45.0,12.719907,399.207476,401.5558,399.1418,0.0,35.532407,-84.332458,30.729167,-89.135698,31.134259,-88.730606,32.280093,-87.584773,-2.348324,2.414
2024-02-13,307.598574,42.0,12.719907,403.196733,402.7603,400.0808,0.0,27.729167,-67.868992,28.134259,-67.4639,27.25463,-68.343529,29.280093,-66.318066,0.436433,2.6795
2024-02-14,286.427889,48.0,12.719907,345.89684,346.1962,343.5125,0.0,34.134259,-25.334692,33.25463,-26.214322,46.425926,-13.043025,35.280093,-24.188859,-0.29936,2.6837
2024-02-15,197.03537,51.0,12.731481,289.721905,289.7133,287.2419,0.0,36.243056,-56.443479,49.414352,-43.272183,12.134259,-80.552275,38.268519,-54.418016,0.008605,2.4714
2024-02-16,292.019759,98.0,12.777778,357.045847,356.7923,354.8011,0.0,96.368056,31.341968,59.087963,-5.938125,88.648148,23.622061,85.222222,20.196135,0.253547,1.9912
2024-02-17,262.005352,62.0,12.789352,216.440593,221.0045,219.8738,0.0,23.076389,68.641148,52.636574,98.201333,56.837963,102.402722,49.210648,94.775407,-4.563907,1.1307
2024-02-18,122.355593,55.0,12.777778,170.277219,163.1187,163.0415,0.0,45.648148,-2.273478,49.849537,1.927911,47.997685,0.076059,42.222222,-5.699404,7.158519,0.0772
2024-02-19,66.278963,40.0,12.777778,232.596337,237.2047,236.1286,0.0,34.849537,-131.467838,32.997685,-133.319689,18.738426,-147.578949,27.222222,-139.095152,-4.608362,1.0761
2024-02-20,268.792259,55.0,12.835648,356.605621,352.958,352.0202,0.0,47.939815,-39.873547,33.680556,-54.132806,40.092593,-47.720769,42.164352,-45.64901,3.647621,0.9378
2024-02-21,279.952907,42.0,12.824074,384.083199,385.3387,384.2646,0.0,20.69213,-83.438162,27.104167,-77.026125,36.803241,-67.327051,29.175926,-74.954366,-1.255501,1.0741
2024-02-22,362.823704,42.0,12.800926,445.58372,457.1656,454.9607,0.0,27.127315,-55.632702,36.826389,-45.933628,29.789352,-52.970665,29.199074,-53.560942,-11.58188,2.2049
2024-02-23,354.861926,44.0,12.8125,414.18898,404.1867,402.2158,0.0,38.814815,-20.512239,31.777778,-27.549276,25.736111,-33.590943,31.1875,-28.139554,10.00228,1.9709
2024-02-24,342.349407,64.0,12.789352,374.088287,365.6864,363.4666,0.0,51.800926,20.062046,45.759259,14.020379,10.770833,-20.968047,51.210648,19.471768,8.401887,2.2198
2024-02-25,390.229389,96.0,12.800926,315.157028,314.8905,312.1806,0.0,77.747685,152.820047,42.759259,117.831621,104.298611,179.370973,83.199074,158.271435,0.266528,2.7099
2024-02-26,258.778296,51.0,12.75463,319.234946,311.6755,309.1841,0.0,-2.194444,-62.651094,59.344907,-1.111742,16.05787,-44.398779,38.24537,-22.211279,7.559446,2.4914
2024-02-27,262.192037,50.0,12.800926,360.065241,356.6462,353.6604,0.0,58.298611,-39.574593,15.011574,-82.86163,10.289352,-87.583852,37.199074,-60.67413,3.419041,2.9858
2024-02-28,255.00613,40.0,12.75463,298.230554,295.9244,293.4519,0.069444,5.05787,-38.166554,0.335648,-42.888776,10.717593,-32.506832,27.24537,-15.979054,2.23671,2.4725
2024-02-29,225.386926,45.0,12.789352,308.563378,308.7814,306.9911,0.0,5.300926,-77.875526,15.68287,-67.493581,21.435185,-61.741267,32.210648,-50.965804,-0.218022,1.7903
2024-03-01,252.78563,36.0,12.800926,332.248252,324.176,321.2885,0.0,6.671296,-72.791327,12.423611,-67.039012,15.907407,-63.555215,23.199074,-56.263549,8.072252,2.8875
2024-03-02,173.824889,50.0,12.8125,107.737738,113.4958,112.6727,0.0,26.412037,92.499188,29.895833,95.982984,40.150463,106.237614,37.1875,103.274651,-5.758062,0.8231
2024-03-03,90.262426,35.0,12.800926,159.590333,166.5512,165.597,0.0,14.907407,-54.4205,25.162037,-44.16587,16.574074,-52.753833,22.199074,-47.128833,-6.960867,0.9542
2024-03-04,83.226074,71.0,12.800926,199.237813,201.0067,200.9249,0.0,61.162037,-54.849702,52.574074,-63.437665,47.238426,-68.773313,58.199074,-57.812665,-1.768887,0.0818
2024-03-05,128.078389,49.0,12.835648,267.88568,266.5622,266.1919,0.0,30.539352,-109.267939,25.203704,-114.603587,63.305556,-76.501735,36.164352,-103.642939,1.32348,0.3703
2024-03-06,202.569833,41.0,12.708333,286.232231,283.4192,282.5159,0.0,17.331019,-66.331379,55.43287,-28.229528,41.092593,-42.569805,28.291667,-55.370731,2.813031,0.9033
2024-03-07,184.360167,44.0,12.662037,302.795235,303.2982,302.9482,0.0,58.479167,-59.955902,44.138889,-74.296179,43.976852,-74.458216,31.337963,-87.097105,-0.502965,0.35
2024-03-08,249.788722,40.0,12.685185,291.759948,291.2701,290.8796,0.0,40.115741,-1.855485,39.953704,-2.017522,47.974537,6.003311,27.314815,-14.656411,0.489848,0.3905
2024-03-09,93.225074,30.0,12.673611,114.079473,113.0016,113.6555,0.0,29.965278,9.110879,37.986111,17.131712,27.847222,6.992823,17.326389,-3.52801,1.077873,-0.6539
2024-03-10,59.243574,47.0,12.696759,198.69444,197.0175,196.5317,0.0,54.962963,-84.487903,44.824074,-94.626792,44.071759,-95.379107,34.303241,-105.147625,1.67694,0.4858
2024-03-11,105.842944,20.0,12.696759,259.252238,261.3596,261.525,0.0,17.824074,-135.58522,17.071759,-136.337535,2.418981,-150.990312,7.303241,-146.106053,-2.107362,-0.1654
2024-03-12,257.814685,36.0,12.731481,312.802551,312.7762,312.7711,0.0,33.037037,-21.950829,18.384259,-36.603607,19.344907,-35.642958,23.268519,-31.719347,0.026351,0.0051
2024-03-13,216.509074,35.0,12.777778,282.152398,276.6646,276.3511,0.0,17.337963,-48.305361,18.298611,-47.344713,21.342593,-44.300732,22.222222,-43.421102,5.487798,0.3135
2024-03-14,214.830796,37.0,12.766204,267.008891,259.5865,259.4076,0.0,20.310185,-31.867909,23.354167,-28.823928,32.671296,-19.506798,24.233796,-27.944298,7.422391,0.1789
2024-03-15,172.854185,35.0,12.777778,232.275409,235.5394,235.1933,0.0,21.342593,-38.078631,30.659722,-28.761501,16.342593,-43.078631,22.222222,-37.199001,-3.263991,0.3461
2024-03-16,163.863296,37.0,12.824074,157.485107,160.1578,159.8935,0.0,32.613426,38.991615,18.296296,24.674485,42.185185,48.563374,24.175926,30.554115,-2.672693,0.2643
2024-03-17,123.333963,30.0,12.789352,221.525336,216.6865,216.6523,0.0,11.331019,-86.860355,35.219907,-62.971466,32.210648,-65.980725,17.210648,-80.980725,4.838836,0.0342
2024-03-18,207.288648,27.0,12.8125,268.696285,267.0255,266.0551,0.0,32.196759,-29.210877,29.1875,-32.220137,19.488426,-41.919211,14.1875,-47.220137,1.670785,0.9704
2024-03-19,241.355926,30.0,12.847222,307.815959,306.2294,304.9582,0.0,32.152778,-34.307256,22.453704,-44.00633,19.259259,-47.200774,17.152778,-49.307256,1.586559,1.2712
2024-03-20,257.069889,31.0,12.835648,305.158703,305.4402,301.6435,0.0,23.465278,-24.623536,20.270833,-27.81798,18.766204,-29.32261,18.164352,-29.924462,-0.281498,3.7967
2024-03-21,235.642556,30.0,12.8125,304.351677,298.2287,296.6564,0.0,19.293981,-49.41514,17.789352,-50.91977,16.770833,-51.938288,17.1875,-51.521621,6.122977,1.5723
2024-03-22,216.532944,25.0,12.8125,312.13755,308.9782,310.4353,0.0,12.789352,-82.815254,11.770833,-83.833772,11.50463,-84.099976,12.1875,-83.417106,3.15935,-1.4571
2024-03-23,276.445981,29.0,12.835648,285.479984,282.5268,280.108,0.0,15.747685,6.713682,15.481481,6.447479,15.909722,6.875719,16.164352,7.130349,2.953184,2.4188
2024-03-24,191.676667,33.0,12.789352,238.115646,236.8637,235.2229,0.0,19.527778,-26.911202,19.956019,-26.482961,27.386574,-19.052405,20.210648,-26.228331,1.251946,1.6408
2024-03-25,210.725222,63.0,12.743056,209.618172,211.8179,210.1884,0.0,50.002315,51.109365,57.43287,58.539921,25.476852,26.583902,50.256944,51.363995,-2.199728,1.6295
2024-03-26,151.185037,109.0,12.777778,271.909485,276.6257,275.0879,0.0,103.398148,-17.3263,71.44213,-49.282318,119.925926,-0.798522,96.222222,-24.502226,-4.716215,1.5378
2024-03-27,163.993444,88.0,12.777778,285.541589,285.1215,284.117,0.0,50.44213,-71.106015,98.925926,-22.622219,82.097222,-39.450923,75.222222,-46.325923,0.420089,1.0045
2024-03-28,198.025204,59.0,12.75463,278.473498,270.6039,268.532,0.0,69.949074,-10.49922,53.12037,-27.327924,53.282407,-27.165887,46.24537,-34.202924,7.869598,2.0719
2024-03-29,200.960056,53.0,12.777778,255.237757,253.8729,251.4191,0.0,47.097222,-7.180479,47.259259,-7.018442,39.145833,-15.131868,40.222222,-14.055479,1.364857,2.4538
2024-03-30,198.78437,49.0,12.800926,223.513929,225.8021,223.6809,0.0,43.236111,18.506552,35.122685,10.393127,28.212963,3.483404,36.199074,11.469515,-2.288171,2.1212
2024-03-31,223.755148,45.0,12.835648,230.290729,232.6888,230.2934,0.0,31.087963,24.552382,24.178241,17.64266,22.615741,16.08016,32.164352,25.628771,-2.398071,2.3954
2024-04-01,224.079204,42.0,12.8125,285.592621,286.9232,284.0648,0.0,21.201389,-40.312029,19.638889,-41.874529,23.539352,-37.974066,29.1875,-32.325918,-1.330579,2.8584
2024-04-02,243.699722,39.0,12.824074,352.925221,358.6651,356.4715,0.0,16.627315,-92.598184,20.527778,-88.697722,27.506944,-81.718555,26.175926,-83.049573,-5.739879,2.1936
2024-04-03,310.178889,40.0,12.835648,332.469864,325.6721,323.3644,0.0,21.516204,-0.774771,28.49537,6.204395,20.393519,-1.897457,27.164352,4.873377,6.797764,2.3077
2024-04-04,246.877444,65.0,12.847222,293.043497,293.0945,290.2868,0.0,53.483796,7.317744,45.381944,-0.784108,48.18287,2.016818,52.152778,5.986726,-0.051003,2.8077
2024-04-05,232.965889,46.0,12.8125,324.745763,321.8319,320.0107,0.0,26.416667,-65.363207,29.217593,-62.562281,47.377315,-44.402559,33.1875,-58.592374,2.913863,1.8212
2024-04-06,204.840481,41.0,12.800926,176.659663,174.7407,172.3429,0.0,24.229167,52.409985,42.388889,70.569707,74.009259,102.190077,28.199074,56.379892,1.918964,2.3978
2024-04-07,121.308611,24.0,12.731481,222.267843,231.0233,229.3536,0.0,25.458333,-75.500899,57.078704,-43.880528,100.539352,-0.41988,11.268519,-89.690713,-8.755457,1.6697
2024-04-08,174.424685,28.0,12.592593,359.859613,348.0102,346.2731,0.0,61.217593,-124.217336,104.678241,-80.756688,63.324074,-122.110854,15.407407,-170.027521,11.849414,1.7371
2024-04-09,259.937389,49.0,12.534722,272.885258,277.3084,275.0421,0.0,125.736111,112.788242,84.381944,71.434075,-54.425926,-67.373795,36.465278,23.517408,-4.423142,2.2663
2024-04-10,268.282778,380.0,12.8125,300.926772,302.731,300.4006,0.0,415.104167,382.460172,276.296296,243.652302,164.097222,131.453228,367.1875,334.543506,-1.804228,2.3304
2024-04-11,414.874815,481.0,12.800926,300.626323,299.2314,296.3503,0.0,377.30787,491.556362,265.108796,379.357288,122.122685,236.371177,468.199074,582.447566,1.394923,2.8811
2024-04-12,56.139556,430.0,17.962963,243.127796,255.3643,253.2445,0.0,208.946759,21.958519,65.960648,-121.027592,334.328704,147.340464,412.037037,225.048797,-12.236504,2.1198
2024-04-13,-268.262296,241.0,22.800926,225.319122,238.8621,236.0434,0.0,-127.877315,-621.458733,140.490741,-353.090678,237.342593,-256.238826,218.199074,-275.382344,-13.542978,2.8187
2024-04-14,-137.456778,156.0,19.594907,219.191256,229.7193,227.2316,0.0,58.696759,-297.951275,155.548611,-201.099423,217.712963,-138.935071,136.405093,-220.242941,-10.528044,2.4877
2024-04-15,-53.77087,115.0,14.31713,289.517026,290.497,288.8215,0.0,119.826389,-223.461508,181.990741,-161.297156,207.638889,-135.649008,100.68287,-242.605026,-0.979973,1.6755
2024-04-16,34.727963,85.0,13.321759,327.318021,316.3038,313.7233,0.0,152.986111,-139.603947,178.634259,-113.955799,179.43287,-113.157188,71.678241,-220.911817,11.014221,2.5805
2024-04-17,43.334759,79.0,12.650463,267.175224,267.9191,264.275,0.0,173.305556,-50.534909,174.104167,-49.736298,156.55787,-67.282594,66.349537,-157.490928,-0.743876,3.6441
2024-04-18,43.584704,58.0,12.615741,237.976868,238.8296,237.1702,0.0,153.138889,-41.253276,135.592593,-58.799572,112.0625,-82.329665,45.384259,-149.007905,-0.852732,1.6594
2024-04-19,49.561463,52.0,12.55787,249.159092,252.4061,250.1347,0.0,129.650463,-69.947166,106.12037,-93.477258,89.141204,-110.456425,39.44213,-160.155499,-3.247008,2.2714
2024-04-20,78.387278,58.0,12.511574,225.375815,225.1969,223.1121,0.0,112.166667,-34.821871,95.1875,-51.801037,59.770833,-87.217704,45.488426,-101.500112,0.178915,2.0848
2024-04-21,101.311148,59.0,12.534722,117.244055,120.0172,118.1895,0.0,96.164352,80.231445,60.747685,44.814778,38.74537,22.812463,46.465278,30.532371,-2.773145,1.8277
2024-04-22,71.905259,55.0,12.546296,255.798446,259.9057,257.6648,0.0,56.736111,-127.157075,34.733796,-149.15939,43.252315,-140.640871,42.453704,-141.439483,-4.107254,2.2409
2024-04-23,176.25487,54.0,12.534722,293.984971,289.614,286.5307,0.0,33.74537,-83.98473,42.263889,-75.466211,53.0625,-64.6676,41.465278,-76.264823,4.370971,3.0833
2024-04-24,169.262926,42.0,12.55787,207.781177,208.2878,206.0673,0.046296,30.240741,-8.277511,41.039352,2.5211,37.590278,-0.927974,29.44213,-9.076122,-0.552919,2.2205
2024-04-25,81.821463,72.0,12.615741,85.504826,92.8914,90.6799,0.0,70.981481,67.298118,67.532407,63.849044,34.256944,30.573581,59.384259,55.700896,-7.386574,2.2115
2024-04-26,24.149389,89.0,12.708333,175.050691,178.5956,176.7392,0.0,84.439815,-66.461487,51.164352,-99.73695,80.736111,-70.165191,76.291667,-74.609635,-3.544909,1.8564
2024-04-27,81.247519,57.0,12.708333,189.058169,194.264,192.6416,0.0,19.164352,-88.646299,48.736111,-59.07454,54.928241,-52.88241,44.291667,-63.518984,-5.205831,1.6224
2024-04-28,101.534222,56.0,12.696759,215.745206,220.8988,219.2011,0.0,47.747685,-66.463298,53.939815,-60.271168,45.224537,-68.986446,43.303241,-70.907743,-5.153594,1.6977
2024-04-29,152.759556,54.0,12.696759,279.18337,278.7088,277.2824,0.0,51.939815,-74.484,43.224537,-83.199278,43.907407,-82.516408,41.303241,-85.120574,0.47457,1.4264
2024-04-30,192.342759,45.0,12.696759,280.035101,281.7449,280.2767,0.0,34.224537,-53.467805,34.907407,-52.784935,27.800926,-59.891416,32.303241,-55.389101,-1.709799,1.4682
2024-05-01,207.098926,62.0,10.68287,278.903068,278.3261,277.2943,0.0,53.921296,-17.882846,46.814815,-24.989327,46.861111,-24.943031,51.31713,-20.487012,0.576968,1.0318
2024-05-02,179.153407,56.0,9.814815,303.375904,303.1511,301.9413,0.0,41.68287,-82.539626,41.729167,-82.49333,47.539352,-76.683144,46.185185,-78.037311,0.224804,1.2098
2024-05-03,228.311407,49.0,9.814815,326.551372,332.4434,331.9969,0.0,34.729167,-63.510798,40.539352,-57.700612,40.770833,-57.469131,39.185185,-59.054779,-5.892028,0.4465
2024-05-04,235.442315,47.0,9.814815,299.734715,294.0075,294.1812,0.0,38.539352,-25.753049,38.770833,-25.521567,35.75,-28.5424,37.185185,-27.107215,5.727215,-0.1737
2024-05-05,209.57113,43.0,9.826389,279.550836,272.6001,272.5241,0.0,34.759259,-35.220447,31.738426,-38.24128,28.9375,-41.042206,33.173611,-36.806095,6.950736,0.076
2024-05-06,170.628667,39.0,9.837963,234.723125,238.1965,238.0335,0.0,27.726852,-36.367607,24.925926,-39.168533,29.358796,-34.735662,29.162037,-34.932422,-3.473375,0.163
2024-05-07,167.107907,40.0,9.826389,277.528028,277.2679,277.6157,0.0,25.9375,-84.48262,30.37037,-80.04975,35.914352,-74.505768,30.173611,-80.246509,0.260128,-0.3478
2024-05-08,239.714981,38.0,9.826389,340.181311,338.5794,338.3336,0.0,28.37037,-72.09596,33.914352,-66.551978,24.956019,-75.510311,28.173611,-72.292719,1.601912,0.2458
2024-05-09,224.428463,35.0,9.826389,291.17903,298.6017,297.5732,0.0,30.914352,-35.836215,21.956019,-44.794548,20.011574,-46.738992,25.173611,-41.576955,-7.42267,1.0285
2024-05-10,276.009056,36.0,9.849537,365.57073,370.5121,368.9433,0.0,22.93287,-66.628804,20.988426,-68.573249,22.990741,-66.570934,26.150463,-63.411211,-4.94137,1.5688
2024-05-11,244.108778,35.0,9.861111,288.289672,282.3362,281.6886,0.0,19.976852,-24.204042,21.979167,-22.201727,29.722222,-14.458672,25.138889,-19.042005,5.953472,0.6476
2024-05-12,243.193019,35.0,9.849537,360.450522,371.9213,371.8729,0.0,21.990741,-95.266763,29.733796,-87.523707,28.391204,-88.8663,25.150463,-92.107041,-11.470778,0.0484
2024-05-13,271.226444,32.0,9.849537,355.788189,355.6587,355.5427,0.0,26.733796,-57.827948,25.391204,-59.170541,23.215278,-61.346467,22.150463,-62.411282,0.129489,0.116
2024-05-14,287.653722,33.0,9.837963,369.132498,371.8615,371.3832,0.0,26.402778,-55.075998,24.226852,-57.251924,26.206019,-55.272757,23.162037,-58.316739,-2.729002,0.4783
2024-05-15,283.1665,32.0,9.837963,352.682298,358.0349,357.1633,0.0,23.226852,-46.288946,25.206019,-44.309779,22.011574,-47.504224,22.162037,-47.353761,-5.352602,0.8716
2024-05-16,278.216481,30.0,9.849537,348.634766,355.6773,356.8145,0.0,23.194444,-47.22384,20.0,-50.418285,15.694444,-54.72384,20.150463,-50.267822,-7.042534,-1.1372
2024-05-17,280.871185,35.0,9.861111,335.981266,337.1478,336.9581,0.0,24.988426,-30.121655,20.68287,-34.42721,24.664352,-30.445729,25.138889,-29.971192,-1.166534,0.1897
2024-05-18,239.38263,43.0,9.895833,263.097972,268.1876,267.1058,0.0,28.648148,4.932806,32.62963,8.914287,29.296296,5.580954,33.104167,9.388824,-5.089628,1.0818
2024-05-19,207.955907,45.0,9.907407,315.16785,313.9501,312.8789,0.0,34.618056,-72.593887,31.284722,-75.92722,44.039352,-63.172591,35.092593,-72.11935,1.21775,1.0712
2024-05-20,268.364796,39.0,9.872685,376.381575,376.2925,375.4068,0.0,25.319444,-82.697334,38.074074,-69.942705,18.178241,-89.838538,29.127315,-78.889464,0.089075,0.8857
2024-05-21,256.972204,36.0,9.907407,278.722082,274.1297,272.7738,0.0,35.039352,13.289473,15.143519,-6.60636,26.659722,4.909844,26.092593,4.342714,4.592382,1.3559
2024-05-22,193.742185,41.0,9.907407,284.310988,289.6323,289.0591,0.0,20.143519,-70.425284,31.659722,-58.90908,31.25463,-59.314173,31.092593,-59.47621,-5.321312,0.5732
2024-05-23,254.762796,34.0,9.907407,337.577251,333.9782,332.3782,0.0,24.659722,-58.154733,24.25463,-58.559826,27.171296,-55.643159,24.092593,-58.721863,3.599051,1.6
2024-05-24,267.912074,34.0,9.907407,387.063716,393.9563,393.7453,0.0,24.25463,-94.897012,27.171296,-91.980345,28.965278,-90.186364,24.092593,-95.059049,-6.892584,0.211
2024-05-25,287.704981,33.0,9.907407,295.34128,288.1623,286.7601,0.0,26.171296,18.534998,27.965278,20.32898,25.581019,17.94472,23.092593,15.456294,7.17898,1.4022
2024-05-26,186.219093,30.0,9.884259,242.210963,240.1802,239.2745,0.0,24.988426,-31.003445,22.604167,-33.387704,17.592593,-38.399278,20.115741,-35.87613,2.030763,0.9057
2024-05-27,260.573148,31.0,9.872685,387.762183,384.9015,383.6858,0.0,23.615741,-103.573294,18.604167,-108.584868,22.574074,-104.614961,21.127315,-106.06172,2.860683,1.2157
2024-05-28,322.580352,29.0,9.872685,401.304461,394.6999,394.1002,0.0,16.604167,-62.119942,20.574074,-58.150035,19.069444,-59.654664,19.127315,-59.596794,6.60456,0.5997
2024-05-29,340.843852,29.0,9.872685,389.056804,384.676,384.9939,0.0,20.574074,-27.638878,19.069444,-29.143507,20.712963,-27.499989,19.127315,-29.085637,4.380804,-0.3179
2024-05-30,312.817222,31.0,9.837963,336.110387,325.2718,325.4078,0.0,21.104167,-2.188998,22.747685,-0.545479,24.101852,0.808688,21.162037,-2.131127,10.838587,-0.136
2024-05-31,229.769037,28.0,9.814815,245.98352,244.5916,244.2648,0.0,19.770833,3.55635,21.125,4.910517,12.606481,-3.608002,18.185185,1.970702,1.39192,0.3268
2024-06-01,187.040889,66.0,9.780093,195.484237,193.3524,193.926,0.0,59.159722,50.716374,50.641204,42.197856,42.770833,34.327485,56.219907,47.77656,2.131837,-0.5736
2024-06-02,169.118611,54.0,9.791667,289.925201,293.0006,293.0665,0.0,38.62963,-82.176961,30.759259,-90.047331,51.893519,-68.913072,44.208333,-76.598257,-3.075399,-0.0659
2024-06-03,240.753056,43.0,9.768519,303.628568,304.2051,304.7384,0.0,19.782407,-43.093105,40.916667,-21.958845,39.203704,-23.671808,33.231481,-29.64403,-0.576532,-0.5333
2024-06-04,271.4625,36.0,9.74537,372.773603,361.771,361.9216,0.0,33.939815,-67.371288,32.226852,-69.084251,15.861111,-85.449992,26.25463,-75.056474,11.002603,-0.1506
2024-06-05,331.914204,33.0,9.768519,387.675603,374.849,375.3379,0.0,29.203704,-26.557696,12.837963,-42.923436,9.909722,-45.851677,23.231481,-32.529918,12.826603,-0.4889
2024-06-06,305.115537,33.0,9.780093,312.598089,307.904,307.8577,0.0,12.826389,5.343837,9.898148,2.415596,11.530093,4.047541,23.219907,15.737355,4.694089,0.0463
2024-06-07,266.624537,31.0,9.803241,323.090503,319.6073,320.5775,0.0,7.875,-48.590966,9.506944,-46.959021,22.354167,-34.111799,21.196759,-35.269206,3.483203,-0.9702
2024-06-08,268.268333,27.0,9.791667,266.902331,273.1956,273.8347,0.0,5.518519,6.884521,18.365741,19.731744,30.37963,31.745632,17.208333,18.574336,-6.29327,-0.6391
2024-06-09,242.154944,34.0,9.74537,216.264519,207.1153,208.007,0.0,25.412037,51.302462,37.425926,63.316351,34.648148,60.538574,24.25463,50.145055,9.149219,-0.8917
2024-06-10,188.065185,53.0,9.710648,274.990567,268.4145,269.8222,0.0,56.460648,-30.464734,53.68287,-33.242512,59.145833,-27.779549,43.289352,-43.63603,6.576068,-1.4077
2024-06-11,236.719148,38.0,9.641204,313.282321,310.293,311.6374,0.0,38.752315,-37.810858,44.215278,-32.347895,24.493056,-52.070117,28.358796,-48.204376,2.989321,-1.3444
2024-06-12,266.616889,34.0,9.641204,353.226586,346.8501,347.8828,0.0,40.215278,-46.39442,20.493056,-66.116642,21.268519,-65.341179,24.358796,-62.250901,6.376486,-1.0327
2024-06-13,281.474444,36.0,9.62963,331.425243,323.6227,325.5854,0.0,22.50463,-27.446169,23.280093,-26.670706,22.342593,-27.608206,26.37037,-23.580428,7.802543,-1.9627
2024-06-14,250.884574,48.0,9.62963,284.861853,279.8067,280.2545,0.0,35.280093,1.302814,34.342593,0.365314,34.5625,0.585221,38.37037,4.393091,5.055153,-0.4478
2024-06-15,209.501926,47.0,9.618056,188.785692,189.5463,190.0677,0.0,33.354167,54.070401,33.574074,54.290308,41.050926,61.76716,37.381944,58.098178,-0.760608,-0.5214
2024-06-16,99.527352,47.0,9.594907,157.116476,154.9651,155.3032,0.0,33.597222,-23.991902,41.074074,-16.51505,33.724537,-23.864587,37.405093,-20.184032,2.151376,-0.3381
2024-06-17,158.194167,44.0,9.594907,337.970192,342.2729,343.7833,0.0,38.074074,-141.701951,30.724537,-149.051488,39.856481,-139.919543,34.405093,-145.370932,-4.302708,-1.5104
2024-06-18,212.242704,47.0,9.571759,194.00197,179.0489,180.2018,0.0,33.747685,51.988418,42.87963,61.120363,34.835648,53.076381,37.428241,55.668974,14.95307,-1.1529
2024-06-19,122.671389,45.0,9.560185,273.044515,269.3362,271.661,0.0,40.891204,-109.481923,32.847222,-117.525904,35.810185,-114.562941,35.439815,-114.933312,3.708316,-2.3248
2024-06-20,230.537389,40.0,9.548611,272.602042,269.9367,270.8716,0.0,27.858796,-14.205857,30.821759,-11.242894,32.094907,-9.969745,30.451389,-11.613264,2.665342,-0.9349
2024-06-21,188.995833,34.0,9.513889,283.650233,276.4135,277.3897,0.0,24.856481,-69.797918,26.12963,-68.52477,28.826389,-65.82801,24.486111,-70.168288,7.236733,-0.9762
2024-06-22,223.526519,36.0,9.467593,230.679673,230.7001,231.1853,0.0,28.175926,21.022772,30.872685,23.719531,28.731481,21.578327,26.532407,19.379253,-0.020427,-0.4852
2024-06-23,210.287352,39.0,9.456019,251.753911,252.8231,254.0367,0.0,33.884259,-7.5823,31.743056,-9.723503,20.5625,-20.904059,29.543981,-11.922577,-1.069189,-1.2136
2024-06-24,263.46363,43.0,9.456019,343.857465,333.9881,334.6944,0.0,35.743056,-44.65078,24.5625,-55.831335,29.655093,-50.738743,33.543981,-46.849854,9.869365,-0.7063
2024-06-25,277.046667,37.0,9.456019,335.802611,326.687,327.4113,0.0,18.5625,-40.193445,23.655093,-35.100852,30.726852,-28.029093,27.543981,-31.211963,9.115611,-0.7243
2024-06-26,226.442093,35.0,9.456019,210.304652,209.7385,209.1932,0.0,21.655093,37.792534,28.726852,44.864293,31.296296,47.433737,25.543981,41.681423,0.566151,0.5453
2024-06-27,168.483685,33.0,9.421296,229.364073,229.461,230.4645,0.0,26.761574,-34.118814,29.331019,-31.549369,27.097222,-33.783166,23.578704,-37.301684,-0.096927,-1.0035
2024-06-28,193.364463,33.0,9.409722,220.372407,221.3807,221.4752,0.0,29.342593,2.334649,27.108796,0.100852,21.981481,-5.026463,23.590278,-3.417666,-1.008293,-0.0945
2024-06-29,225.620389,33.0,9.409722,240.892283,238.0353,238.5535,0.0,27.108796,11.836902,21.981481,6.709587,27.722222,12.450328,23.590278,8.318383,2.856983,-0.5182
2024-06-30,290.279463,33.0,9.398148,226.55988,217.5524,218.3604,0.0,21.993056,85.712639,27.733796,91.453379,-1.421296,62.298287,23.601852,87.321435,9.00748,-0.808
2024-07-01,210.355407,118.0,9.525463,225.781909,227.9421,228.6528,0.0,112.606481,97.17998,83.451389,68.024888,86.564815,71.138313,108.474537,93.048036,-2.160191,-0.7107
2024-07-02,102.417704,79.0,9.594907,266.533783,266.4378,265.9776,0.0,44.381944,-119.734135,47.49537,-116.620709,103.918981,-60.197098,69.405093,-94.710986,0.095983,0.4602
2024-07-03,229.593981,55.0,9.444444,257.921737,254.5727,254.6524,0.0,23.645833,-4.681922,80.069444,51.741689,59.953704,31.625948,45.555556,17.2278,3.349037,-0.0797
2024-07-04,146.072259,55.0,9.421296,275.86361,271.6052,272.5163,0.0,80.092593,-49.698758,59.976852,-69.814499,42.986111,-86.80524,45.578704,-84.212647,4.25841,-0.9111
2024-07-05,182.646667,47.0,9.467593,218.765182,220.7103,221.736,0.0,51.930556,15.81204,34.939815,-1.178701,31.560185,-4.558331,37.532407,1.413892,-1.945118,-1.0257
2024-07-06,182.647667,47.0,9.537037,211.978809,211.036,212.6385,0.0,34.87037,5.539228,31.490741,2.159598,31.571759,2.240617,37.462963,8.131821,0.942809,-1.6025
2024-07-07,175.536815,43.0,9.548611,203.453926,197.0531,197.181,0.0,27.479167,-0.437944,27.560185,-0.356926,34.284722,6.367611,33.451389,5.534278,6.400826,-0.1279
2024-07-08,227.619481,38.0,9.490741,388.969141,391.6144,392.211,0.0,22.618056,-138.731604,29.342593,-132.007067,35.708333,-125.641327,28.509259,-132.840401,-2.645259,-0.5966
2024-07-09,336.787611,37.0,9.409722,389.334109,380.7502,381.2661,0.0,28.423611,-24.122887,34.789352,-17.757147,31.409722,-21.136776,27.590278,-24.956221,8.583909,-0.5159
2024-07-10,320.296278,35.0,9.363426,375.034257,367.9815,368.1714,0.0,32.835648,-21.902331,29.456019,-25.281961,23.969907,-30.768072,25.636574,-29.101405,7.052757,-0.1899
2024-07-11,290.750389,33.0,9.259259,305.455322,290.8053,290.6276,0.0,27.560185,12.855252,22.074074,7.369141,15.824074,1.119141,23.740741,9.035807,14.650022,0.1777
2024-07-12,223.141685,33.0,9.201389,267.553595,262.1684,262.4095,0.0,22.131944,-22.279966,15.881944,-28.529966,20.743056,-23.668855,23.798611,-20.613299,5.385195,-0.2411
2024-07-13,278.782333,32.0,9.189815,290.07655,290.9649,291.1391,0.0,14.893519,3.599302,19.75463,8.460413,24.847222,13.553006,22.810185,11.515969,-0.88835,-0.1742
2024-07-14,302.303389,31.0,9.143519,225.942331,228.018,227.8242,0.0,18.800926,95.161983,23.893519,100.254576,28.777778,105.138835,21.856481,98.217539,-2.075668,0.1938
2024-07-15,270.592074,30.0,9.12037,318.258007,310.5554,310.5344,0.0,22.916667,-24.749266,27.800926,-19.865007,23.923611,-23.742322,20.87963,-26.786303,7.702607,0.021
2024-07-16,376.540407,30.0,9.050926,399.804379,392.5154,392.6914,0.0,27.87037,4.606399,23.993056,0.729084,14.340278,-8.923694,20.949074,-2.314897,7.288979,-0.176
2024-07-17,411.122574,27.0,9.050926,356.438372,358.2855,359.8644,0.0,20.993056,75.677258,11.340278,66.02448,14.372685,69.056888,17.949074,72.633277,-1.847128,-1.5789
2024-07-18,407.755481,28.0,9.039352,420.535627,385.0895,386.1306,20.231481,12.351852,-0.428293,15.384259,2.604114,23.023148,10.243003,18.960648,6.180503,15.214645,-1.0411
2024-07-19,449.873333,28.0,9.027778,386.129567,380.4725,381.0302,0.0,15.395833,79.139599,23.034722,86.778488,19.516204,83.25997,18.972222,82.715988,5.657067,-0.5577
2024-07-20,401.904037,30.0,9.016204,383.240293,369.6086,369.4018,0.0,25.046296,43.710041,21.527778,40.191522,20.335648,38.999392,20.983796,39.647541,13.631693,0.2068
2024-07-21,346.318704,30.0,9.00463,316.001349,313.7175,314.1503,0.0,21.539352,51.856707,20.347222,50.664577,21.643519,51.960873,20.99537,51.312725,2.283849,-0.4328
2024-07-22,382.557593,28.0,8.993056,356.732827,355.9793,355.8336,0.0,18.358796,44.183562,19.655093,45.479858,22.074074,47.89884,19.006944,44.83171,0.753527,0.1457
2024-07-23,385.28713,25.0,8.946759,402.110903,400.9929,400.758,0.0,16.701389,-0.122385,19.12037,2.296597,16.724537,-0.099237,16.053241,-0.770533,1.118003,0.2349
2024-07-24,428.756759,24.0,8.935185,384.77534,370.3406,370.2732,0.0,18.131944,62.113364,15.736111,59.717531,10.655093,54.636512,15.064815,59.046235,14.43474,0.0674
2024-07-25,353.406352,26.0,8.935185,330.455963,320.9735,321.8148,0.0,17.736111,40.6865,12.655093,35.605481,14.75,37.700389,17.064815,40.015203,9.482463,-0.8413
2024-07-26,349.458296,24.0,8.935185,332.347487,325.4019,325.4449,0.0,10.655093,27.765902,12.75,29.86081,17.969907,35.080717,15.064815,32.175625,6.945586,-0.043
2024-07-27,263.230389,23.0,8.923611,268.165399,268.02,267.7514,0.0,11.761574,6.826563,16.981481,12.046471,16.472222,11.537212,14.076389,9.141378,0.145399,0.2686
2024-07-28,269.551056,29.0,8.923611,198.489645,197.7387,197.3506,0.0,22.981481,94.042892,22.472222,93.533633,11.708333,82.769744,20.076389,91.137799,0.750945,0.3881
2024-07-29,284.651685,59.0,8.946759,252.443887,251.3376,251.5913,0.0,52.449074,84.656873,41.685185,73.892984,22.703704,54.911502,50.053241,82.261039,1.106287,-0.2537
2024-07-30,186.973722,62.0,9.027778,204.167711,203.4655,203.2774,0.0,44.604167,27.410178,25.622685,8.428696,44.87037,27.676381,52.972222,35.778233,0.702211,0.1881
2024-07-31,223.689426,39.0,9.027778,261.999238,255.0079,254.7618,0.0,2.622685,-35.687127,21.87037,-16.439442,32.634259,-5.675553,29.972222,-8.33759,6.991338,0.2461
2024-08-01,260.569741,36.0,9.050926,257.697045,251.4914,249.7896,0.0,18.847222,21.719918,29.611111,32.483807,33.175926,36.048622,26.949074,29.82177,6.205645,1.7018
2024-08-02,237.509241,32.0,8.993056,239.361982,242.8135,242.1828,0.0,25.668981,23.81624,29.233796,27.381055,34.997685,33.144944,23.006944,21.154203,-3.451518,0.6307
2024-08-03,229.486981,27.0,8.958333,236.550629,237.4225,236.4525,0.0,24.268519,17.204871,30.032407,22.96876,36.386574,29.322926,18.041667,10.978019,-0.871871,0.97
2024-08-04,227.791519,28.0,8.912037,295.930523,291.6613,291.0795,0.0,31.078704,-37.060301,37.43287,-30.706134,28.185185,-39.95382,19.087963,-49.051042,4.269223,0.5818
2024-08-05,299.112333,28.0,8.877315,296.937182,287.7895,287.5737,0.0,37.467593,39.642744,28.219907,30.395058,14.944444,17.119596,19.122685,21.297836,9.147682,0.2158
2024-08-06,325.741815,25.0,8.888889,393.934421,391.683,391.8333,0.0,25.208333,-42.984273,11.93287,-56.259736,14.861111,-53.331495,16.111111,-52.081495,2.251421,-0.1503
2024-08-07,424.418796,25.0,8.888889,415.834083,402.4283,402.2491,0.0,11.93287,20.517584,14.861111,23.445824,9.479167,18.06388,16.111111,24.695824,13.405783,0.1792
2024-08-08,382.275574,36.0,8.935185,315.469132,310.3639,309.464,0.0,25.814815,92.621257,20.43287,87.239313,26.034722,92.841165,27.064815,93.871257,5.105232,0.8999
2024-08-09,323.943926,31.0,8.923611,257.791117,251.8034,250.7263,0.0,15.444444,81.597253,21.046296,87.199105,27.053241,93.206049,22.076389,88.229197,5.987717,1.0771
2024-08-10,224.052111,28.0,8.888889,200.401897,203.8486,202.5639,0.0,18.081019,41.731232,24.087963,47.738177,24.469907,48.120121,19.111111,42.761325,-3.446703,1.2847
2024-08-11,222.468463,29.0,8.854167,180.891594,175.5958,174.4643,0.0,25.122685,66.699554,25.50463,67.081499,21.314815,62.891684,20.145833,61.722702,5.295794,1.1315
2024-08-12,180.813463,29.0,8.831019,178.113042,178.7723,177.2924,0.0,25.527778,28.228199,21.337963,24.038384,12.229167,14.929588,20.168981,22.869402,-0.659258,1.4799
2024-08-13,221.8445,33.0,8.831019,232.045139,225.8708,225.0804,0.0,25.337963,15.137324,16.229167,6.028527,20.962963,10.762324,24.168981,13.968342,6.174339,0.7904
2024-08-14,243.384926,33.0,8.831019,215.163205,214.3984,212.6849,0.0,16.229167,44.450888,20.962963,49.184684,27.94213,56.163851,24.168981,52.390703,0.764805,1.7135
2024-08-15,195.734204,26.0,8.80787,104.484078,106.2898,104.9018,0.0,13.986111,105.236237,20.965278,112.215403,21.439815,112.689941,17.19213,108.442255,-1.805722,1.388
2024-08-16,144.116389,32.0,8.819444,81.074095,85.31,84.4728,0.0,26.953704,89.995998,27.428241,90.470535,17.196759,80.239053,23.180556,86.22285,-4.235905,0.8372
2024-08-17,62.577463,31.0,8.831019,47.424528,53.2151,52.0273,0.0,26.416667,41.569602,16.185185,31.33812,26.636574,41.789509,22.168981,37.321916,-5.790572,1.1878
2024-08-18,32.051759,30.0,8.819444,43.040416,46.656,45.3475,0.0,15.196759,4.208102,25.648148,14.659491,25.752315,14.763658,21.180556,10.191898,-3.615584,1.3085
2024-08-19,76.432074,31.0,8.80787,133.581119,136.0417,134.9145,0.0,26.659722,-30.489322,26.763889,-30.385156,21.115741,-36.033304,22.19213,-34.956915,-2.460581,1.1272
2024-08-20,182.036315,31.0,8.773148,234.316699,233.524,232.462,0.0,26.798611,-25.481773,21.150463,-31.129921,22.469907,-29.810477,22.226852,-30.053532,0.792699,1.062
2024-08-21,226.973815,29.0,8.761574,173.829663,178.3594,177.4733,0.0,19.162037,72.306189,20.481481,73.625633,20.099537,73.243689,20.238426,73.382578,-4.529737,0.8861
2024-08-22,217.785111,25.0,8.761574,139.971805,135.401,134.4018,0.0,16.481481,94.294788,16.099537,93.912843,0.763889,78.577195,16.238426,94.051732,4.570805,0.9992
2024-08-23,126.538444,95.0,9.039352,74.491934,81.7233,80.8152,0.0,85.821759,137.86827,70.486111,122.532622,67.939815,119.986326,85.960648,138.007159,-7.231366,0.9081
2024-08-24,-55.83837,81.0,9.108796,86.443553,90.9522,89.3036,0.0,56.416667,-85.865257,53.87037,-88.411553,49.854167,-92.427757,71.891204,-70.39072,-4.508647,1.6486
2024-08-25,-1.936611,107.0,9.363426,16.762221,25.8193,25.4542,0.0,79.615741,60.916909,75.599537,56.900705,24.349537,5.650705,97.636574,78.937742,-9.057079,0.3651
2024-08-26,-15.762056,106.0,9.444444,108.767041,110.0704,108.742,0.0,74.518519,-50.010578,23.268519,-101.260578,121.25463,-3.274467,96.555556,-27.973541,-1.303359,1.3284
2024-08-27,-3.393537,81.0,9.363426,114.890911,119.5699,117.8792,0.0,-1.650463,-119.934911,96.335648,-21.9488,102.585648,-15.6988,71.636574,-46.647874,-4.678989,1.6907
2024-08-28,12.131648,81.0,9.12037,111.083472,114.7068,112.8995,0.0,96.578704,-2.37312,102.828704,3.87688,89.923611,-9.028213,71.87963,-27.072194,-3.623328,1.8073
2024-08-29,27.215796,143.0,8.993056,143.879643,150.5672,149.2128,0.0,164.956019,48.292172,152.050926,35.387079,151.333333,34.669487,134.006944,17.343098,-6.687557,1.3544
2024-08-30,-27.187278,113.0,8.842593,194.185121,188.6261,186.41,0.0,122.201389,-99.171009,121.483796,-99.888602,160.002315,-61.370083,104.157407,-117.214991,5.559021,2.2161
2024-08-31,58.252296,177.0,8.703704,182.549768,183.9963,181.7443,0.0,185.622685,61.325214,224.141204,99.843732,155.703704,31.406232,168.296296,43.998825,-1.446532,2.252
2024-09-01,129.073241,194.0,8.703704,183.473343,184.1265,182.0568,0.0,241.141204,186.741101,172.703704,118.303601,111.592593,57.19249,185.296296,130.896194,-0.653157,2.0697
2024-09-02,113.285019,302.0,8.923611,190.963429,190.9646,188.8688,0.0,280.483796,202.805386,219.372685,141.694275,174.685185,97.006775,293.076389,215.397979,-0.001171,2.0958
2024-09-03,124.623574,326.0,9.328704,194.630841,196.6709,194.7344,0.0,242.967593,172.960326,198.280093,128.272826,235.907407,165.90014,316.671296,246.664029,-2.040059,1.9365
2024-09-04,48.959074,189.0,9.571759,193.115192,193.5788,191.8159,0.0,61.037037,-83.11908,98.664352,-45.491766,219.706019,75.549901,179.428241,35.272123,-0.463608,1.7629
2024-09-05,40.108056,125.0,9.386574,207.330962,212.2764,210.9024,0.0,34.849537,-132.373369,155.891204,-11.331702,202.731481,35.508576,115.613426,-51.60948,-4.945439,1.374
2024-09-06,36.202685,89.0,9.0625,198.663471,194.5767,193.8046,0.0,120.215278,-42.245508,167.055556,4.59477,148.895833,-13.564952,79.9375,-82.523286,4.086771,0.7721
2024-09-07,110.139667,207.0,8.842593,188.353458,194.9482,193.6714,0.0,285.275463,207.061672,267.115741,188.901949,162.763889,84.550098,198.157407,119.943616,-6.594742,1.2768
2024-09-08,124.194222,160.0,8.958333,194.051088,194.585,193.0147,0.0,220.0,150.143134,115.648148,45.791282,196.030093,126.173227,151.041667,81.184801,-0.533912,1.5703
2024-09-09,70.916093,146.0,8.773148,177.798607,178.3733,176.3949,0.0,101.833333,-5.049181,182.215278,75.332764,137.226852,30.344338,137.226852,30.344338,-0.574693,1.9784
2024-09-10,65.596296,145.0,8.784722,137.913615,141.2053,139.2373,0.0,181.203704,108.886385,136.215278,63.897959,141.863426,69.546107,136.215278,63.897959,-3.291685,1.968
2024-09-11,41.102815,106.0,8.738426,130.286833,136.7945,134.9303,0.0,97.261574,8.077556,102.909722,13.725704,110.976852,21.792834,97.261574,8.077556,-6.507667,1.8642
2024-09-12,-1.853315,87.0,8.668981,117.673043,118.786,117.062,0.0,83.979167,-35.547191,92.046296,-27.480061,67.023148,-52.503209,78.331019,-41.195339,-1.112957,1.724
2024-09-13,93.630685,158.0,8.784722,130.853099,135.6292,134.0626,0.0,162.930556,125.708141,137.907407,100.684993,142.502315,105.279901,149.215278,111.992864,-4.776101,1.5666
2024-09-14,-10.89113,103.0,8.773148,110.565907,113.6408,110.9793,0.0,82.918981,-38.538055,87.513889,-33.943147,108.648148,-12.808888,94.226852,-27.230185,-3.074893,2.6615
2024-09-15,7.102667,94.0,8.715278,109.486903,114.5897,112.82,0.0,78.571759,-23.812478,99.706019,-2.678218,105.979167,3.59493,85.284722,-17.099515,-5.102796,1.7697
2024-09-16,-14.679426,77.0,8.657407,125.507617,134.6138,132.8816,0.0,82.763889,-57.423154,89.037037,-51.150006,87.486111,-52.700932,68.342593,-71.84445,-9.106183,1.7322
2024-09-17,105.528963,81.0,8.587963,223.473969,216.7678,215.0721,0.0,93.106481,-24.838525,91.555556,-26.38945,80.537037,-37.407969,72.412037,-45.532969,6.706169,1.6957
2024-09-18,78.236111,70.0,8.553241,131.550484,138.1044,135.992,0.0,80.590278,27.275904,69.571759,16.257386,59.259259,5.944886,61.446759,8.132386,-6.553916,2.1124
2024-09-19,26.121778,78.0,8.553241,87.881697,89.925,88.1197,0.0,77.571759,15.81184,67.259259,5.49934,53.555556,-8.204364,69.446759,7.68684,-2.043303,1.8053
2024-09-20,-5.131519,84.0,8.599537,53.356673,59.1332,58.2009,0.0,73.212963,14.724771,59.509259,1.021067,52.206019,-6.282173,75.400463,16.912271,-5.776527,0.9323
2024-09-21,10.848,61.0,8.657407,80.32343,86.4471,84.7262,0.0,36.451389,-33.024041,29.148148,-40.327281,68.013889,-1.461541,52.342593,-17.132837,-6.12367,1.7209
2024-09-22,49.096315,85.0,8.611111,87.137775,90.5856,88.8232,0.0,53.194444,15.152984,92.060185,54.018725,69.803241,31.761781,76.388889,38.347429,-3.447825,1.7624
2024-09-23,73.571389,79.0,8.622685,81.73127,89.3316,86.8012,0.0,86.048611,77.88873,63.791667,55.631785,79.347222,71.187341,70.377315,62.217433,-7.60033,2.5304
2024-09-24,31.384889,86.0,8.75,107.421221,110.9092,109.1808,0.0,70.664352,-5.371981,86.219907,10.183575,101.150463,25.114131,77.25,1.213668,-3.487979,1.7284
2024-09-25,52.424907,72.0,8.680556,177.06301,183.8545,181.9546,0.0,72.289352,-52.34875,87.219907,-37.418195,80.506944,-44.131158,63.319444,-61.318658,-6.79149,1.8999
2024-09-26,81.293056,134.0,8.645833,118.435779,115.4751,113.746,0.0,149.25463,112.111906,142.541667,105.398943,51.847222,14.704499,125.354167,88.211443,2.960679,1.7291
2024-09-27,93.492944,150.0,8.819444,160.614974,163.6578,161.4026,0.0,158.368056,91.246026,67.673611,0.551581,144.016204,76.894174,141.180556,74.058526,-3.042826,2.2552
2024-09-28,34.348574,93.0,8.75,109.934705,113.99,112.2254,0.0,10.743056,-64.843076,87.085648,11.499517,105.743056,30.156924,84.25,8.663869,-4.055295,1.7646
2024-09-29,5.788444,76.0,8.680556,99.853047,104.7573,103.7063,0.0,70.155093,-23.90951,88.8125,-5.252103,93.349537,-0.715066,67.319444,-26.745158,-4.904253,1.051
2024-09-30,56.90637,68.0,8.668981,169.904176,171.3599,170.2029,0.0,80.824074,-32.173731,85.361111,-27.636694,80.002315,-32.995491,59.331019,-53.666787,-1.455724,1.157
2024-10-01,28.569593,63.0,8.993056,119.169128,124.5873,123.992,0.0,80.037037,-10.562499,74.678241,-15.921295,54.759259,-35.840276,54.006944,-36.592591,-5.418172,0.5953
2024-10-02,102.617611,121.0,8.599537,164.221614,169.263,168.8363,0.0,133.071759,71.467756,113.152778,51.548775,57.712963,-3.89104,112.400463,50.79646,-5.041386,0.4267
2024-10-03,49.124556,155.0,8.738426,177.144678,176.82,176.1774,0.0,147.013889,18.993766,91.574074,-36.446048,130.081019,2.060896,146.261574,18.241452,0.324678,0.6426
2024-10-04,66.367167,145.0,8.784722,207.228814,215.1404,214.3081,0.0,81.527778,-59.333869,120.034722,-20.826925,69.189815,-71.671832,136.215278,-4.646369,-7.911586,0.8323
2024-10-05,47.405722,140.0,9.00463,8.290534,14.3834,14.5526,0.0,114.814815,153.930003,63.969907,103.085095,29.31713,68.432317,130.99537,170.110558,-6.092866,-0.1692
2024-10-06,19.111574,112.0,9.363426,41.77152,51.0073,50.6707,0.0,35.611111,12.951165,0.958333,-21.701613,51.131944,28.471999,102.636574,79.976628,-9.23578,0.3366
2024-10-07,47.26513,97.0,9.537037,91.982842,97.3209,97.4097,0.0,-14.215278,-58.93299,35.958333,-8.759379,75.009259,30.291547,87.462963,42.745251,-5.338058,-0.0888
2024-10-08,175.076574,140.0,9.560185,116.17654,113.9241,115.9818,0.0,78.935185,137.835219,117.986111,176.886145,122.025463,180.925497,130.439815,189.339848,2.25244,-2.0577
2024-10-09,60.122352,110.0,9.571759,135.464483,138.7956,137.6791,0.0,87.974537,12.632406,92.013889,16.671757,146.157407,70.815276,100.428241,25.086109,-3.331117,1.1165
2024-10-10,73.925241,86.0,9.421296,177.442047,174.077,177.47,0.0,68.164352,-35.352454,122.30787,18.791064,117.377315,13.860509,76.578704,-26.938103,3.365047,-3.393
2024-10-11,68.907481,75.0,9.247685,163.569933,160.0319,159.3619,0.0,111.481481,16.81903,106.550926,11.888474,101.574074,6.911623,65.752315,-28.910137,3.538033,0.67
2024-10-12,95.243296,71.0,9.131944,62.083771,67.5436,66.0888,0.0,102.666667,135.826192,97.689815,130.84934,52.678241,85.837766,61.868056,95.027581,-5.459829,1.4548
2024-10-13,70.569333,68.0,9.178241,93.449374,99.8175,98.763,0.0,94.643519,71.763478,49.631944,26.751904,105.488426,82.608386,58.821759,35.941719,-6.368126,1.0545
2024-10-14,87.134463,55.0,9.00463,186.169061,184.6614,182.5966,0.0,36.805556,-62.229043,92.662037,-6.372561,107.071759,8.037161,45.99537,-53.039228,1.507661,2.0648
2024-10-15,101.846796,54.0,8.80787,198.236898,202.1108,201.3473,0.0,91.858796,-4.531305,106.268519,9.878417,71.928241,-24.461861,45.19213,-51.197972,-3.873902,0.7635
2024-10-16,130.435148,53.0,8.703704,250.411671,250.6197,249.5315,0.0,105.372685,-14.603838,71.032407,-48.944115,70.5,-49.476523,44.296296,-75.680227,-0.208029,1.0882
2024-10-17,205.70763,52.0,8.622685,300.274592,307.6134,306.129,0.0,70.113426,-24.453536,69.581019,-24.985943,56.861111,-37.705851,43.377315,-51.189647,-7.338808,1.4844
2024-10-18,196.821667,53.0,8.599537,257.650508,250.1253,249.07,0.0,70.604167,9.775325,57.884259,-2.944582,41.900463,-18.928379,44.400463,-16.428379,7.525208,1.0553
2024-10-19,96.206815,57.0,8.599537,126.155968,127.1343,126.214,0.0,61.884259,31.935106,45.900463,15.95131,50.796296,20.847143,48.400463,18.45131,-0.978332,0.9203
2024-10-20,11.016111,63.0,9.097222,125.288253,125.2942,123.9698,0.0,51.402778,-62.869364,56.298611,-57.973531,63.486111,-50.786031,53.902778,-60.369364,-0.005947,1.3244
2024-10-21,43.19287,60.0,9.675926,188.731746,196.0522,194.7403,0.0,52.719907,-92.818968,59.907407,-85.631468,68.622685,-76.91619,50.324074,-95.214802,-7.320454,1.3119
2024-10-22,80.352111,64.0,9.675926,277.297924,278.3528,277.5014,0.0,63.907407,-133.038406,72.622685,-124.323128,129.590278,-67.355536,54.324074,-142.621739,-1.054875,0.8514
2024-10-23,95.553185,95.0,9.618056,222.751026,228.4258,226.5852,0.0,103.680556,-23.517285,160.648148,33.450307,94.560185,-32.637656,85.381944,-41.815896,-5.674774,1.8406
2024-10-24,111.924444,352.0,9.62963,201.400232,206.672,205.1154,0.0,417.636574,328.160787,351.548611,262.072824,0.229167,-89.24662,342.37037,252.894583,-5.271768,1.5566
2024-10-25,122.2675,469.0,9.837963,200.119097,201.3322,199.2851,0.0,468.340278,390.488681,117.020833,39.169236,306.256944,228.405347,459.162037,381.31044,-1.213103,2.0471
2024-10-26,132.556037,297.0,10.034722,194.204185,201.646,199.5002,0.0,-55.175926,-116.824074,134.060185,72.412037,263.574074,201.925926,286.965278,225.31713,-7.441815,2.1458
2024-10-27,27.505,160.0,9.976852,189.264213,191.5093,189.3081,0.0,-2.881944,-164.641157,126.631944,-35.127269,197.789352,36.030139,150.023148,-11.736065,-2.245087,2.2012
2024-10-28,99.575704,133.0,9.953704,199.881418,201.9855,199.5854,0.0,99.655093,-0.650622,170.8125,70.506785,188.868056,88.562341,123.046296,22.740581,-2.104081,2.4001
2024-10-29,104.179037,119.0,9.699074,176.893762,181.1788,178.6379,0.0,157.06713,84.352404,175.122685,102.40796,153.780093,81.065367,109.300926,36.5862,-4.285038,2.5409
2024-10-30,73.638352,108.0,9.606481,195.944359,198.3239,197.0347,0.0,164.215278,41.90927,142.872685,20.566678,156.657407,34.3514,98.393519,-23.912489,-2.37954,1.2892
2024-10-31,47.575944,119.0,11.50463,140.000942,151.5514,149.6467,0.0,151.974537,59.549539,165.759259,73.334261,84.486111,-7.938887,107.49537,15.070373,-11.550458,1.9047
2024-11-01,22.995833,140.0,12.604167,108.637504,114.9356,113.5029,0.0,185.659722,100.018052,104.386574,18.744904,83.599537,-2.042133,127.395833,41.754163,-6.298096,1.4327
2024-11-02,47.382593,143.0,12.673611,96.282871,104.5203,102.9345,0.0,107.31713,58.416851,86.530093,37.629814,118.509259,69.608981,130.326389,81.426111,-8.237429,1.5858
2024-11-03,-14.323093,100.0,12.696759,110.154735,117.5166,115.4278,0.0,43.506944,-80.970883,75.486111,-48.991716,129.016204,4.538376,87.303241,-37.174587,-7.361865,2.0888
2024-11-04,5.735963,93.0,12.581019,187.960934,196.8168,195.2254,0.0,68.601852,-113.623119,122.131944,-60.093027,144.064815,-38.160156,80.418981,-101.80599,-8.855866,1.5914
2024-11-05,-11.314296,115.0,12.546296,174.602556,185.0472,183.5148,0.0,144.166667,-41.750186,166.099537,-19.817315,147.592593,-38.32426,102.453704,-83.463149,-10.444644,1.5324
2024-11-06,33.668648,121.0,12.511574,248.866135,250.9244,249.712,0.0,172.134259,-43.063227,153.627315,-61.570172,177.261574,-37.935913,108.488426,-106.709061,-2.058265,1.2124
2024-11-07,73.543778,122.0,12.476852,226.712311,225.5639,224.6666,0.0,154.662037,1.493504,178.296296,25.127763,142.787037,-10.381496,109.523148,-43.645385,1.148411,0.8973
2024-11-08,77.009778,278.0,12.511574,189.737905,202.2052,201.6538,0.0,334.261574,221.533446,298.752315,186.024187,-195.391204,-308.119331,265.488426,152.760298,-12.467295,0.5514
2024-11-09,230.283111,890.0,34.722222,206.949926,226.8009,226.5757,0.127315,888.541667,911.874852,394.398148,417.731333,501.956019,525.289203,855.277778,878.610963,-19.978289,0.2252
2024-11-10,6.790778,357.0,90.219907,218.621493,281.9831,280.3054,0.0,-194.099537,-405.930252,-86.541667,-298.372382,288.863426,77.032711,266.780093,54.949377,-63.361607,1.6777
2024-11-11,-110.539833,209.0,81.793981,217.752196,279.0577,277.0669,0.0,-226.115741,-554.407771,149.289352,-179.002678,219.243056,-109.048974,127.206019,-201.086011,-61.305504,1.9908
2024-11-12,-50.540648,155.0,57.025463,227.452736,275.1126,273.8902,0.0,120.05787,-157.935514,190.011574,-87.98181,198.171296,-79.822088,97.974537,-180.018847,-47.659864,1.2224
2024-11-13,16.444333,137.0,35.462963,275.198526,304.8197,303.6148,0.0,193.574074,-65.180119,201.733796,-57.020396,195.865741,-62.888452,101.537037,-157.217156,-29.621174,1.2049
2024-11-14,57.181907,144.0,21.111111,219.976553,235.4588,236.106,0.0,223.085648,60.291002,217.217593,54.422947,171.939815,9.145169,122.888889,-39.905757,-15.482247,-0.6472
2024-11-15,7.371019,173.0,15.925926,216.209241,218.7259,219.3695,0.0,251.402778,42.564555,206.125,-2.713222,208.092593,-0.74563,157.074074,-51.764148,-2.516659,-0.6436
2024-11-16,55.482407,143.0,12.8125,236.950063,239.5215,239.8679,0.0,179.238426,-2.229229,181.206019,-0.261637,215.083333,33.615678,130.1875,-51.280155,-2.571437,-0.3464
2024-11-17,34.352148,104.0,12.430556,223.370156,227.2946,227.0239,0.0,142.587963,-46.430045,176.465278,-12.55273,194.833333,5.815325,91.569444,-97.448564,-3.924444,0.2707
2024-11-18,25.015093,95.0,12.430556,235.603494,233.7767,233.2019,0.0,167.465278,-43.123124,185.833333,-24.755068,172.44213,-38.146272,82.569444,-128.018957,1.826794,0.5748
2024-11-19,46.738833,78.0,12.476852,270.065664,274.4746,273.4442,0.0,168.787037,-54.539794,155.395833,-67.930997,147.826389,-75.500442,65.523148,-157.803683,-4.408936,1.0304
2024-11-20,102.979463,92.0,12.430556,266.352881,270.5555,270.102,0.0,169.44213,6.068712,161.872685,-1.500732,120.888889,-42.484529,79.569444,-83.803973,-4.202619,0.4535
2024-11-21,107.204204,81.0,12.476852,267.114368,268.8856,268.9859,0.0,150.826389,-9.083776,109.842593,-50.067572,85.247685,-74.662479,68.523148,-91.387016,-1.771232,-0.1003
2024-11-22,144.329259,76.0,12.44213,262.174979,258.5802,262.2839,0.0,104.877315,-12.968405,80.282407,-37.563313,67.377315,-50.468405,63.55787,-54.28785,3.594779,-3.7037
2024-11-23,175.158,69.0,12.453704,310.387635,314.8856,314.4447,0.0,73.270833,-61.958802,60.365741,-74.863894,54.497685,-80.73195,56.546296,-78.683339,-4.497965,0.4409
2024-11-24,180.729296,84.0,12.453704,228.772831,232.6226,232.61,0.0,75.365741,27.322206,69.497685,21.45415,79.185185,31.14165,71.546296,23.502761,-3.849769,0.0126
2024-11-25,115.167981,66.0,12.430556,230.654615,234.3109,234.3801,0.0,51.520833,-63.9658,61.208333,-54.2783,54.888889,-60.597744,53.569444,-61.917189,-3.656285,-0.0692
2024-11-26,137.546685,81.0,12.453704,281.835715,283.9829,284.2392,0.0,76.185185,-68.103845,69.865741,-74.42329,70.108796,-74.180234,68.546296,-75.742734,-2.147185,-0.2563
2024-11-27,239.274519,97.0,12.465278,371.619009,371.5569,370.3256,0.0,85.854167,-46.490324,86.097222,-46.247268,90.842593,-41.501898,84.534722,-47.809768,0.062109,1.2313
2024-11-28,243.504519,101.0,12.465278,328.562026,326.7109,324.0569,0.0,90.097222,5.039715,94.842593,9.785085,82.840278,-2.217229,88.534722,3.477215,1.851126,2.654
2024-11-29,213.052315,124.0,12.523148,329.201136,329.3492,327.9833,0.0,117.784722,1.635901,105.782407,-10.366414,105.458333,-10.690488,111.476852,-4.671969,-0.148064,1.3659
2024-11-30,190.735111,104.0,12.592593,222.637806,222.3799,221.3821,0.0,85.712963,53.810268,85.388889,53.486194,97.032407,65.129713,91.407407,59.504713,0.257906,0.9978
2024-12-01,122.636407,91.0,12.615741,218.090691,217.197,215.9056,0.0,72.365741,-23.088543,84.009259,-11.445024,76.787037,-18.667247,78.384259,-17.070024,0.893691,1.2914
2024-12-02,139.812111,96.0,12.615741,354.972672,355.5011,353.8715,0.0,89.009259,-126.151302,81.787037,-133.373524,76.243056,-138.917505,83.384259,-131.776302,-0.528428,1.6296
2024-12-03,219.843037,120.0,12.615741,270.180466,276.3404,273.0501,0.0,105.787037,55.449608,100.243056,49.905627,52.962963,2.625534,107.384259,57.046831,-6.159934,3.2903
2024-12-04,214.759278,153.0,12.719907,276.539017,271.6852,266.788,0.0,133.138889,71.359149,85.858796,24.079057,79.81713,18.03739,140.280093,78.500353,4.853818,4.8972
2024-12-05,201.843759,207.0,12.731481,275.332892,275.6312,269.9022,0.0,139.847222,66.35809,133.805556,60.316423,222.949074,149.459942,194.268519,120.779386,-0.298308,5.729
2024-12-06,156.44863,111.0,12.638889,356.159234,358.2134,354.4439,0.0,37.898148,-161.812456,127.041667,-72.668938,175.201389,-24.509216,98.361111,-101.349494,-2.054166,3.7695
2024-12-07,107.355611,92.0,12.488426,245.68765,249.5134,249.1188,0.0,108.19213,-30.139909,156.351852,18.019813,109.5,-28.832039,79.511574,-58.820465,-3.82575,0.3946
2024-12-08,91.880204,124.0,12.488426,226.627729,215.6435,214.7303,0.0,188.351852,53.604327,141.5,6.752475,60.122685,-74.62484,111.511574,-23.235951,10.984229,0.9132
2024-12-09,164.250833,169.0,12.650463,294.447924,292.9295,291.6783,0.0,186.337963,56.140872,104.960648,-25.236443,149.335648,19.138557,156.349537,26.152446,1.518424,1.2512
2024-12-10,231.318722,105.0,12.650463,416.900682,429.39,427.8377,0.0,40.960648,-144.621312,85.335648,-100.246312,131.076389,-54.505571,92.349537,-93.232423,-12.489318,1.5523
2024-12-11,228.627907,81.0,12.592593,390.251608,389.2018,388.0694,0.0,61.393519,-100.230182,107.134259,-54.489441,93.55787,-68.06583,68.407407,-93.216293,1.049808,1.1324
2024-12-12,259.017389,92.0,12.581019,393.430259,385.7216,384.2788,0.0,118.145833,-16.267037,104.569444,-29.843426,48.921296,-85.491574,79.418981,-54.993889,7.708659,1.4428
2024-12-13,236.883389,110.0,12.638889,309.422851,309.3519,307.6062,0.0,122.511574,49.972112,66.863426,-5.676036,48.900463,-23.638999,97.361111,24.821649,0.070951,1.7457
2024-12-14,210.038667,313.0,12.696759,248.534384,251.5002,249.9877,0.0,269.805556,231.309839,251.842593,213.346876,124.979167,86.48345,300.303241,261.807524,-2.965816,1.5125
2024-12-15,159.855648,230.0,12.685185,324.506419,331.3514,329.059,0.0,168.854167,4.203396,41.990741,-122.66003,232.048611,67.397841,217.314815,52.664044,-6.844981,2.2924
2024-12-16,173.8355,142.0,12.650463,358.773118,357.8276,355.8128,0.0,-45.974537,-230.912155,144.083333,-40.854284,175.923611,-9.014007,129.349537,-55.588081,0.945518,2.0148
2024-12-17,71.954852,113.0,12.604167,222.726884,218.2919,217.1315,0.0,115.12963,-35.642402,146.969907,-3.802124,143.798611,-6.973421,100.395833,-50.376198,4.434984,1.1604
2024-12-18,44.194944,92.0,12.592593,267.288444,271.7056,269.8394,0.0,125.981481,-97.112018,122.810185,-100.283314,127.347222,-95.746277,79.407407,-143.686092,-4.417156,1.8662
2024-12-19,76.860667,84.0,12.55787,266.815251,268.212,267.0257,0.0,114.844907,-75.109677,119.381944,-70.57264,105.296296,-84.658288,71.44213,-118.512455,-1.396749,1.1863
2024-12-20,132.193296,84.0,12.511574,268.235329,274.9217,273.7795,0.0,119.428241,-16.613792,105.342593,-30.699441,76.175926,-59.866107,71.488426,-64.553607,-6.686371,1.1422
2024-12-21,113.32,95.0,12.511574,188.866861,186.0411,184.5525,0.0,116.342593,40.795732,87.175926,11.629065,78.680556,3.133695,82.488426,6.941565,2.825761,1.4886
2024-12-22,35.213963,83.0,12.523148,190.718591,196.6181,194.3891,0.0,75.164352,-80.340276,66.668981,-88.835646,69.93287,-85.571757,70.476852,-85.027776,-5.899509,2.229
2024-12-23,137.7325,77.0,12.546296,293.87583,294.7366,292.0283,0.0,60.645833,-95.497497,63.909722,-92.233608,45.333333,-110.809997,64.453704,-91.689626,-0.86077,2.7083
2024-12-24,189.374296,78.0,12.615741,330.964454,330.2132,326.7741,0.0,64.840278,-76.74988,46.263889,-95.326269,67.050926,-74.539232,65.384259,-76.205899,0.751254,3.4391
2024-12-25,254.972,95.0,12.615741,305.794566,308.8289,305.0431,0.0,63.263889,12.441323,84.050926,33.22836,82.858796,32.03623,82.384259,31.561693,-3.034334,3.7858
2024-12-26,149.362574,87.0,12.615741,251.084831,258.0146,254.5623,0.0,76.050926,-25.67133,74.858796,-26.86346,94.858796,-6.86346,74.384259,-27.337997,-6.929769,3.4523
2024-12-27,82.962704,86.0,12.581019,204.221824,202.9067,199.2946,0.0,73.893519,-47.365602,93.893519,-27.365602,72.759259,-48.499861,73.418981,-47.840139,1.315124,3.6121
2024-12-28,130.461593,88.0,12.592593,210.316223,217.5592,213.9005,0.0,95.881944,16.027314,74.747685,-5.106945,86.657407,6.802777,75.407407,-4.447223,-7.242977,3.6587
2024-12-29,147.595093,80.0,12.592593,235.330101,240.8944,236.8844,0.0,66.747685,-20.987323,78.657407,-9.077601,58.206019,-29.52899,67.407407,-20.327601,-5.564299,4.01
2024-12-30,184.729741,84.0,12.638889,304.509352,305.403,301.5824,0.0,82.611111,-37.168501,62.159722,-57.61989,69.87963,-49.899982,71.361111,-48.418501,-0.893648,3.8206
