date,TKA_generation_mwh,TKA_implied_turbine_flow_m3s,TKB_generation_mwh,TKB_implied_turbine_flow_m3s,OHA_generation_mwh,OHA_implied_turbine_flow_m3s,OHB_generation_mwh,OHB_implied_turbine_flow_m3s,OHC_generation_mwh,OHC_implied_turbine_flow_m3s,BEN_generation_mwh,BEN_implied_turbine_flow_m3s,AVI_generation_mwh,AVI_implied_turbine_flow_m3s,WTK_generation_mwh,WTK_implied_turbine_flow_m3s,BEN_derived_tributary_flow_m3s,AVI_derived_tributary_flow_m3s,WTK_derived_tributary_flow_m3s
2024-01-01,0.0,0.0,0.0,0.0,1848.255,153.867229,1581.19,158.119,1576.132,157.6132,4094.405,208.644055,1832.922,246.298894,865.063,222.213058,32.802,2.723,6.462
2024-01-02,128.513,23.057374,801.999,26.011501,2464.236,205.147647,2059.965,205.9965,2055.1,205.51,3942.438,200.90007,1603.848,215.517075,883.336,226.906935,28.559,2.37,5.626
2024-01-03,315.935,56.684005,1896.277,61.502584,3960.002,329.670166,3237.367,323.7367,3225.873,322.5873,6377.557,324.989675,2343.337,314.885909,1064.34,273.402337,25.019,2.077,4.929
2024-01-04,418.038,75.002984,2514.596,81.55673,2685.51,223.568708,2262.065,226.2065,2254.262,225.4262,5403.69,275.363036,1952.422,262.356706,1069.662,274.769426,23.928,1.986,4.714
2024-01-05,408.475,73.287223,2473.674,80.229493,3157.259,262.841812,2594.738,259.4738,2583.064,258.3064,5419.487,276.168025,2477.775,332.951016,1282.64,329.47815,22.717,1.886,4.475
2024-01-06,279.004,50.057968,1635.986,53.060479,2321.574,193.271036,1942.288,194.2288,1936.446,193.6446,4557.064,232.220386,1788.051,240.269353,951.986,244.541404,22.45,1.863,4.423
2024-01-07,432.33,77.567207,2539.353,82.359682,3103.381,258.356468,2573.843,257.3843,2558.53,255.853,4346.477,221.489224,1631.991,219.298791,857.614,220.299596,21.375,1.774,4.211
2024-01-08,286.754,51.448447,2321.185,75.283767,3385.878,281.874344,2816.69,281.669,2798.071,279.8071,5882.518,299.763313,2439.098,327.753794,1258.764,323.345002,20.795,1.726,4.097
2024-01-09,356.607,63.981239,2049.499,66.472084,3413.394,284.165051,2880.313,288.0313,2862.05,286.205,5714.577,291.20532,2219.644,298.264662,1089.329,279.821387,20.733,1.721,4.084
2024-01-10,413.063,74.110387,2389.67,77.504964,3565.906,296.861674,2899.572,289.9572,2875.207,287.5207,7514.726,382.937912,3238.524,435.176663,1753.184,450.34914,20.233,1.679,3.986
2024-01-11,372.29,66.795031,2133.666,69.201901,3425.278,285.154393,2859.532,285.9532,2842.484,284.2484,5453.917,277.92252,2696.185,362.299859,1430.025,367.337672,19.667,1.632,3.874
2024-01-12,392.454,70.412789,2337.688,75.819014,3654.45,304.232962,3076.597,307.6597,3059.872,305.9872,7381.885,376.168556,2252.874,302.729944,1090.815,280.203103,19.653,1.631,3.872
2024-01-13,470.356,84.389706,2874.115,93.21713,3282.83,273.295597,2661.255,266.1255,2637.515,263.7515,3873.69,197.396786,1797.282,241.509769,1069.355,274.690566,19.128,1.588,3.768
2024-01-14,408.951,73.372625,2451.562,79.512328,2188.457,182.189045,1833.352,183.3352,1824.25,182.425,5011.111,255.357865,2028.575,272.589766,1019.858,261.976024,20.207,1.677,3.981
2024-01-15,461.712,82.838828,2696.415,87.453726,3646.356,303.559137,3130.938,313.0938,3117.168,311.7168,7517.222,383.065104,2779.623,373.511841,1406.531,361.302651,23.69,1.966,4.667
2024-01-16,458.62,82.284072,2703.641,87.68809,4674.135,389.121739,4051.706,405.1706,4034.037,403.4037,7698.85,392.320565,3227.975,433.759141,1723.586,442.746154,23.514,1.952,4.632
2024-01-17,454.427,81.531778,2655.78,86.135798,4620.542,384.660122,4007.39,400.739,3988.875,398.8875,10308.604,525.309279,4175.674,561.106194,2125.027,545.866311,20.401,1.693,4.019
2024-01-18,483.97,86.832284,2890.602,93.751858,4666.791,388.510351,3997.197,399.7197,3982.992,398.2992,11392.416,580.538532,4312.962,579.554269,2140.409,549.817562,19.632,1.629,3.868
2024-01-19,533.707,95.755931,3238.258,105.027501,4863.226,404.863564,4100.618,410.0618,4094.061,409.4061,6275.399,319.783874,2869.038,385.526981,1668.057,428.482142,28.833,2.393,5.68
2024-01-20,499.14,89.554035,2997.192,97.208927,3779.249,314.622479,3122.336,312.2336,3105.869,310.5869,5782.542,294.668703,2040.72,274.22175,1061.419,272.652006,77.028,6.393,15.175
2024-01-21,384.534,68.991809,2284.533,74.09502,3977.333,331.112972,3268.271,326.8271,3250.503,325.0503,7923.482,403.767437,3150.332,423.325863,1548.462,397.761176,89.367,7.417,17.605
2024-01-22,274.587,49.265484,1468.939,47.642588,4710.811,392.175016,3934.252,393.4252,3917.956,391.7956,8357.779,425.898488,3516.16,472.484,1806.371,464.011551,53.639,4.452,10.567
2024-01-23,205.362,36.845365,1102.707,35.764464,3758.789,312.919184,3093.969,309.3969,3078.058,307.8058,7068.277,360.187615,3421.748,459.797388,1805.938,463.900324,55.841,4.635,11.001
2024-01-24,481.669,86.419446,2633.534,85.414286,4474.154,372.473321,3705.226,370.5226,3689.44,368.944,8200.6,417.888908,3657.767,491.512441,1821.256,467.835135,66.64,5.531,13.128
2024-01-25,461.861,82.865561,2495.341,80.932226,4582.069,381.457244,3814.364,381.4364,3793.847,379.3847,8439.957,430.086142,3618.637,486.254347,1799.434,462.229609,57.792,4.797,11.385
2024-01-26,382.105,68.556005,2031.877,65.900544,5206.34,433.427805,4343.308,434.3308,4321.495,432.1495,8226.021,419.18432,2642.477,355.082847,1389.063,356.815558,45.227,3.754,8.91
2024-01-27,241.548,43.337737,1374.988,44.595444,3366.862,280.291262,2808.533,280.8533,2787.291,278.7291,5442.487,277.340067,1892.712,254.333175,965.015,247.888228,71.99,5.975,14.182
2024-01-28,401.329,72.005111,2236.953,72.551842,2676.899,222.851842,2277.846,227.7846,2259.299,225.9299,6822.284,347.652222,2891.569,388.554584,1364.882,350.604064,89.574,7.435,17.646
2024-01-29,133.445,23.942257,661.048,21.43999,3357.713,279.529607,2856.154,285.6154,2842.173,284.2173,6497.067,331.079706,3155.131,423.970728,1593.677,409.375779,68.992,5.726,13.591
2024-01-30,381.04,68.364927,2043.907,66.290717,3447.415,286.997299,2765.889,276.5889,2758.306,275.8306,8043.823,409.899814,3674.408,493.748575,1716.018,440.802124,55.292,4.589,10.893
2024-01-31,409.143,73.407073,2222.152,72.071797,4158.248,346.174146,3557.349,355.7349,3540.484,354.0484,9784.507,498.602169,3608.499,484.892053,1641.479,421.654918,46.331,3.845,9.127
2024-02-01,484.835,86.98748,2606.732,84.545008,4841.699,403.071442,4125.673,412.5673,4116.548,411.6548,7518.416,383.125949,2806.023,377.059341,1345.801,345.702632,40.839,3.39,8.045
2024-02-02,392.227,70.372061,2038.415,66.112593,4236.963,352.72717,3417.312,341.7312,3391.612,339.1612,6243.313,318.148825,1962.362,263.692394,861.561,221.313482,40.538,3.365,7.986
2024-02-03,200.406,35.956177,1124.287,36.464375,3257.665,271.200611,2720.58,272.058,2700.1,270.01,3809.695,194.135708,1624.039,218.230241,901.674,231.617509,40.438,3.356,7.966
2024-02-04,257.815,46.256308,1416.635,45.946195,2398.933,199.711172,2041.853,204.1853,2032.704,203.2704,5865.652,298.90385,2562.577,344.346284,1302.707,334.632861,37.552,3.117,7.398
2024-02-05,454.397,81.526395,2487.149,80.666533,3206.759,266.962687,2629.853,262.9853,2616.193,261.6193,6376.691,324.945546,2823.57,379.417219,1341.594,344.621959,32.909,2.731,6.483
2024-02-06,468.15,83.993912,2612.774,84.74097,3648.409,303.730049,3039.008,303.9008,3017.69,301.769,3791.533,193.210202,1924.049,258.544084,962.589,247.265049,30.576,2.538,6.023
2024-02-07,565.577,101.47394,3113.434,100.979043,3818.642,317.901947,3200.967,320.0967,3190.42,319.042,8511.847,433.749537,2880.565,387.075922,1437.761,369.324857,28.865,2.396,5.686
2024-02-08,575.366,103.23025,3202.795,103.877318,4367.016,363.554082,3686.653,368.6653,3670.271,367.0271,8262.026,421.019075,3828.089,514.399459,1875.657,481.809392,27.754,2.304,5.468
2024-02-09,570.467,102.351288,3158.298,102.434132,4266.157,355.15757,3559.09,355.909,3547.403,354.7403,8405.877,428.349482,3690.974,495.974631,2032.966,522.218141,26.265,2.18,5.174
2024-02-10,484.245,86.881624,2638.813,85.585502,3453.568,287.509536,2757.272,275.7272,2744.956,274.4956,5702.738,290.602024,2078.929,279.356084,992.319,254.901943,25.461,2.113,5.016
2024-02-11,329.398,59.099491,1720.605,55.804955,3401.449,283.170629,2787.789,278.7789,2776.544,277.6544,5044.514,257.060026,1721.35,231.306406,795.507,204.345861,25.182,2.09,4.961
2024-02-12,506.864,90.939849,2792.777,90.579067,4795.285,399.207476,4015.558,401.5558,3991.418,399.1418,7596.477,387.103807,2742.175,368.479766,1352.002,347.295514,24.672,2.048,4.86
2024-02-13,572.938,102.794626,3208.431,104.060112,4843.204,403.196733,4027.603,402.7603,4000.808,400.0808,7383.66,376.259007,2883.132,387.420862,1478.045,379.672809,23.516,1.952,4.633
2024-02-14,566.626,101.662148,3165.631,102.671965,4154.917,345.89684,3461.962,346.1962,3435.125,343.5125,7177.01,365.728468,2910.296,391.071025,1426.006,366.305291,22.516,1.869,4.436
2024-02-15,575.299,103.218229,3256.032,105.603971,3480.143,289.721905,2897.133,289.7133,2872.419,287.2419,7415.683,377.890846,3206.543,430.879216,1661.399,426.771868,22.086,1.833,4.351
2024-02-16,587.761,105.454119,3388.949,109.914913,4288.839,357.045847,3567.923,356.7923,3548.011,354.8011,7255.979,369.752597,2824.5,379.542188,1410.21,362.247694,25.951,2.154,5.112
2024-02-17,556.802,99.899559,3169.152,102.786163,2599.887,216.440593,2210.045,221.0045,2198.738,219.8738,5947.868,303.09344,2035.717,273.549472,1080.612,277.582207,26.559,2.204,5.232
2024-02-18,494.496,88.720824,2746.748,89.086193,2045.372,170.277219,1631.187,163.1187,1630.415,163.0415,4669.551,237.952536,2031.653,273.003372,1070.012,274.859332,24.419,2.027,4.811
2024-02-19,503.611,90.356207,2812.423,91.216253,2793.95,232.596337,2372.047,237.2047,2361.286,236.1286,7678.494,391.283257,3015.244,405.173413,1412.945,362.950247,22.517,1.869,4.436
2024-02-20,484.217,86.8766,2719.902,88.215488,4283.551,356.605621,3529.58,352.958,3520.202,352.0202,8989.764,458.10339,3889.725,522.681797,1991.425,511.547297,21.75,1.805,4.285
2024-02-21,452.29,81.148364,2391.4,77.561073,4613.612,384.083199,3853.387,385.3387,3842.646,384.2646,7160.631,364.893821,3241.502,435.576831,1796.214,461.402471,20.869,1.732,4.111
2024-02-22,492.291,88.32521,2715.45,88.071095,5352.357,445.58372,4571.656,457.1656,4549.607,454.9607,6972.918,355.32828,2753.671,370.024541,1314.125,337.565859,20.284,1.684,3.996
2024-02-23,447.493,80.287702,2386.132,77.390215,4975.243,414.18898,4041.867,404.1867,4022.158,402.2158,5834.974,297.34055,2558.732,343.829612,1237.508,317.884868,20.1,1.668,3.96
2024-02-24,259.128,46.491882,1446.194,46.904892,4493.553,374.088287,3656.864,365.6864,3634.666,363.4666,4949.198,252.202881,1482.281,199.181509,945.261,242.813919,20.105,1.669,3.961
2024-02-25,172.014,30.862179,1003.142,32.535239,3785.67,315.157028,3148.905,314.8905,3121.806,312.1806,6402.33,326.252066,2615.359,351.438866,1204.041,309.288032,23.062,1.914,4.543
2024-02-26,513.163,92.069995,2901.944,94.119717,3834.654,319.234946,3116.755,311.6755,3091.841,309.1841,7633.743,389.00282,3254.884,437.375038,1679.244,431.355802,24.221,2.01,4.772
2024-02-27,577.599,103.630887,3351.063,108.686143,4325.108,360.065241,3566.462,356.6462,3536.604,353.6604,6577.369,335.171762,2926.479,393.245616,1442.653,370.581489,21.553,1.789,4.246
2024-02-28,487.178,87.407853,2773.369,89.949601,3582.349,298.230554,2959.244,295.9244,2934.519,293.4519,7686.073,391.66947,3161.64,424.845375,1706.027,438.235686,20.994,1.743,4.136
2024-02-29,432.687,77.631259,2400.959,77.871104,3706.467,308.563378,3087.814,308.7814,3069.911,306.9911,7620.145,388.309889,2954.674,397.034319,1329.651,341.554101,20.548,1.705,4.048
2024-03-01,393.575,70.613915,2086.468,67.671112,3990.97,332.248252,3241.76,324.176,3212.885,321.2885,5491.016,279.813024,1933.657,259.835159,1091.731,280.438401,18.979,1.575,3.739
2024-03-02,468.769,84.104971,2720.014,88.219121,1294.147,107.737738,1134.958,113.4958,1126.727,112.6727,4531.534,230.91942,1984.71,266.695406,1023.485,262.907709,18.524,1.537,3.649
2024-03-03,376.358,67.524898,2181.125,70.741154,1917.001,159.590333,1665.512,166.5512,1655.97,165.597,3306.229,168.479919,1672.693,224.768122,1000.237,256.935879,18.339,1.522,3.613
2024-03-04,430.854,77.302388,2357.65,76.466448,2393.247,199.237813,2010.067,201.0067,2009.249,200.9249,5403.552,275.356004,1862.444,250.265913,836.687,214.923973,19.362,1.607,3.814
2024-03-05,369.473,66.289614,2013.764,65.313079,3217.846,267.88568,2665.622,266.5622,2661.919,266.1919,5488.498,279.684711,2150.294,288.945756,1068.301,274.419819,20.893,1.734,4.116
2024-03-06,235.317,42.219792,2132.104,69.15124,3438.225,286.232231,2834.192,283.4192,2825.159,282.5159,6524.636,332.484576,2897.36,389.33275,1574.925,404.558859,21.04,1.746,4.145
2024-03-07,304.81,54.687994,1597.599,51.815461,3637.18,302.795235,3032.982,303.2982,3029.482,302.9482,5054.67,257.577559,2262.778,304.060794,1129.856,290.23176,19.938,1.655,3.928
2024-03-08,382.907,68.699898,2089.845,67.780639,3504.624,291.759948,2912.701,291.2701,2908.796,290.8796,5601.007,285.417982,2319.687,311.707941,1255.8,322.583625,19.119,1.587,3.766
2024-03-09,544.006,97.603743,3242.132,105.153148,1370.324,114.079473,1130.016,113.0016,1136.555,113.6555,5653.334,288.084478,2066.257,277.653284,1040.708,267.331867,18.628,1.546,3.67
2024-03-10,547.525,98.23511,3307.786,107.282526,2386.72,198.69444,1970.175,197.0175,1965.317,196.5317,3631.423,185.051264,1659.208,222.956075,905.224,232.529415,18.302,1.519,3.605
2024-03-11,192.665,34.567312,2519.585,81.71854,3114.141,259.252238,2613.596,261.3596,2615.25,261.525,5575.809,284.133934,2013.206,270.524556,796.28,204.544425,17.933,1.488,3.533
2024-03-12,125.126,22.44969,2577.202,83.587252,3757.388,312.802551,3127.762,312.7762,3127.711,312.7711,5517.042,281.139265,2250.404,302.398038,1221.228,313.702943,17.763,1.474,3.499
2024-03-13,128.051,22.974484,2523.189,81.83543,3389.218,282.152398,2766.646,276.6646,2763.511,276.3511,4943.618,251.918534,2109.794,283.503569,1092.293,280.582764,17.65,1.465,3.477
2024-03-14,125.932,22.5943,2155.659,69.915207,3207.314,267.008891,2595.865,259.5865,2594.076,259.4076,5192.415,264.596814,2410.378,323.894544,1323.863,340.067308,16.884,1.401,3.326
2024-03-15,171.03,30.685633,1835.43,59.529113,2790.095,232.275409,2355.394,235.5394,2351.933,235.1933,4899.275,249.658889,2325.816,312.531525,1085.1,278.735062,16.826,1.397,3.315
2024-03-16,209.606,37.60681,1272.5,41.271417,1891.713,157.485107,1601.578,160.1578,1598.935,159.8935,5827.996,296.984963,1994.05,267.950469,1068.542,274.481726,17.109,1.42,3.37
2024-03-17,255.331,45.810637,1508.687,48.931748,2660.965,221.525336,2166.865,216.6865,2166.523,216.6523,3910.83,199.289379,1679.638,225.701356,915.014,235.044221,17.106,1.42,3.37
2024-03-18,58.522,10.499822,1400.196,45.413024,3227.583,268.696285,2670.255,267.0255,2660.551,266.0551,5554.479,283.046992,2526.221,339.460947,1227.016,315.189735,16.626,1.38,3.275
2024-03-19,56.739,10.179922,1890.363,61.310773,3697.489,307.815959,3062.294,306.2294,3049.582,304.9582,6685.343,340.673937,2123.898,285.398794,1032.321,265.177457,16.394,1.361,3.23
2024-03-20,56.292,10.099723,1904.74,61.777067,3665.57,305.158703,3054.402,305.4402,3016.435,301.6435,6119.864,311.85807,2683.487,360.593566,1406.843,361.382796,15.497,1.286,3.053
2024-03-21,54.179,9.720616,2857.819,92.688596,3655.876,304.351677,2982.287,298.2287,2966.564,296.6564,6266.332,319.321835,2624.717,352.696347,1446.526,371.576366,15.751,1.307,3.103
2024-03-22,121.568,21.811325,2292.544,74.354844,3749.4,312.13755,3089.782,308.9782,3104.353,310.4353,6784.966,345.750559,2733.123,367.263403,1426.343,366.391858,15.068,1.251,2.968
2024-03-23,371.459,66.645936,2213.922,71.80487,3429.189,285.479984,2825.268,282.5268,2801.08,280.108,4881.582,248.757283,1948.809,261.871209,1084.563,278.597121,15.202,1.262,2.995
2024-03-24,306.362,54.966449,1656.262,53.718098,2860.248,238.115646,2368.637,236.8637,2352.229,235.2229,4695.986,239.29962,1822.151,244.851541,928.157,238.420329,15.531,1.289,3.06
2024-03-25,60.485,10.852017,1374.923,44.593336,2517.936,209.618172,2118.179,211.8179,2101.884,210.1884,5985.426,305.007333,2629.65,353.359219,1374.963,353.193621,16.409,1.362,3.233
2024-03-26,57.598,10.334041,1446.598,46.917995,3266.18,271.909485,2766.257,276.6257,2750.879,275.0879,5639.67,287.388184,2374.741,319.105822,1220.942,313.629476,22.657,1.881,4.463
2024-03-27,91.33,16.386124,1201.083,38.955125,3429.929,285.541589,2851.215,285.1215,2841.17,284.117,7194.497,366.619576,2471.936,332.1664,1215.958,312.349211,31.085,2.58,6.124
2024-03-28,255.356,45.815122,1390.175,45.088009,3345.027,278.473498,2706.039,270.6039,2685.32,268.532,4270.498,217.617461,2152.793,289.281559,1214.254,311.911496,31.272,2.596,6.161
2024-03-29,192.291,34.50021,1028.966,33.372797,3065.919,255.237757,2538.729,253.8729,2514.191,251.4191,4494.259,229.019948,1790.305,240.572234,1000.928,257.11338,28.503,2.366,5.615
2024-03-30,0.0,0.0,0.0,0.0,2684.852,223.513929,2258.021,225.8021,2236.809,223.6809,4706.907,239.856136,1794.149,241.088772,905.626,232.632679,24.86,2.063,4.897
2024-03-31,196.801,35.309379,1074.533,34.850687,2766.255,230.290729,2326.888,232.6888,2302.934,230.2934,4777.395,243.448087,1896.532,254.846487,1064.556,273.457823,22.844,1.896,4.5
2024-04-01,345.631,62.011962,2057.964,66.746632,3430.542,285.592621,2869.232,286.9232,2840.648,284.0648,6035.544,307.561263,2902.819,390.066303,1574.157,404.361579,21.289,1.767,4.194
2024-04-02,332.321,59.623926,1959.058,63.538781,4239.342,352.925221,3586.651,358.6651,3564.715,356.4715,7881.647,401.635595,3272.245,439.707922,1595.933,409.955289,21.263,1.765,4.189
2024-04-03,278.032,49.883575,1596.119,51.76746,3993.632,332.469864,3256.721,325.6721,3233.644,323.3644,6132.26,312.489749,2567.469,345.003647,1393.015,357.830728,20.458,1.698,4.03
2024-04-04,320.744,57.546819,1900.169,61.628815,3520.042,293.043497,2930.945,293.0945,2902.868,290.2868,5976.375,304.546109,2308.556,310.212213,1264.413,324.796089,19.836,1.646,3.908
2024-04-05,293.615,52.679425,1735.835,56.298915,3900.85,324.745763,3218.319,321.8319,3200.107,320.0107,6102.159,310.955852,2585.532,347.430863,1305.299,335.298681,20.643,1.713,4.067
2024-04-06,153.205,27.48753,847.872,27.499315,2122.038,176.659663,1747.407,174.7407,1723.429,172.3429,5964.551,303.943578,2721.517,365.703847,1332.732,342.345532,20.661,1.715,4.07
2024-04-07,197.23,35.386349,1153.914,37.425277,2669.884,222.267843,2310.233,231.0233,2293.536,229.3536,5375.567,273.929935,1890.218,253.998044,1128.624,289.91529,20.052,1.664,3.95
2024-04-08,289.814,51.997462,1679.285,54.46481,4322.638,359.859613,3480.102,348.0102,3462.731,346.2731,6750.513,343.994892,2919.975,392.371641,1368.781,351.605619,18.827,1.563,3.709
2024-04-09,110.203,19.772255,617.044,20.012794,3277.901,272.885258,2773.084,277.3084,2750.421,275.0421,6610.406,336.855272,2628.412,353.192862,1424.403,365.893521,19.002,1.577,3.743
2024-04-10,258.223,46.32951,1497.016,48.553219,3614.736,300.926772,3027.31,302.731,3004.006,300.4006,6599.624,336.30584,2446.516,328.750588,1319.984,339.07089,45.845,3.805,9.031
2024-04-11,376.768,67.598459,2162.803,70.146911,3611.127,300.626323,2992.314,299.2314,2963.503,296.3503,6482.969,330.361295,2682.489,360.459459,1382.444,355.115302,99.451,8.254,19.592
2024-04-12,423.926,76.05939,2467.89,80.041899,2920.454,243.127796,2553.643,255.3643,2532.445,253.2445,7844.473,399.74127,3152.683,423.641778,1692.414,434.738846,159.8,13.263,31.481
2024-04-13,362.076,64.962469,2021.632,65.568265,2706.536,225.319122,2388.621,238.8621,2360.434,236.0434,4529.095,230.795133,2172.94,291.988813,1315.119,337.821193,161.095,13.371,31.736
2024-04-14,417.716,74.945212,2341.042,75.927796,2632.928,219.191256,2297.193,229.7193,2272.316,227.2316,5656.214,288.231238,2785.92,374.358,1419.418,364.612999,118.168,9.808,23.279
2024-04-15,455.744,81.768069,2541.016,82.413619,3477.682,289.517026,2904.97,290.497,2888.215,288.8215,7912.675,403.21673,3051.171,410.001103,1423.986,365.786404,94.093,7.81,18.536
2024-04-16,424.21,76.110344,2324.7,75.39777,3931.748,327.318021,3163.038,316.3038,3137.233,313.7233,6708.664,341.862336,2547.958,342.381856,1361.539,349.745331,71.233,5.912,14.033
2024-04-17,423.72,76.02243,2328.404,75.517903,3209.312,267.175224,2679.191,267.9191,2642.75,264.275,6590.509,335.841354,3420.882,459.681019,1789.603,459.704271,58.613,4.865,11.547
2024-04-18,415.315,74.514433,2255.213,73.144075,2858.581,237.976868,2388.296,238.8296,2371.702,237.1702,7114.399,362.537916,2558.142,343.750331,1229.083,315.720696,50.821,4.218,10.012
2024-04-19,488.328,87.614182,2690.031,87.246672,2992.902,249.159092,2524.061,252.4061,2501.347,250.1347,6128.044,312.274909,2254.815,302.990766,1075.981,276.392619,44.027,3.654,8.673
2024-04-20,422.412,75.787753,2330.653,75.590846,2707.217,225.375815,2251.969,225.1969,2231.121,223.1121,5663.706,288.613018,1862.394,250.259194,1059.218,272.086624,38.481,3.194,7.581
2024-04-21,390.609,70.081765,2186.942,70.929819,1408.337,117.244055,1200.172,120.0172,1181.895,118.1895,4376.664,223.027503,2100.013,282.189247,1156.362,297.040489,35.34,2.933,6.962
2024-04-22,492.806,88.41761,2751.879,89.252609,3072.654,255.798446,2599.057,259.9057,2576.648,257.6648,4553.087,232.017725,1869.905,251.268484,838.749,215.453649,32.731,2.717,6.448
2024-04-23,505.565,90.706787,2815.554,91.317801,3531.351,293.984971,2896.14,289.614,2865.307,286.5307,5599.119,285.321772,2144.841,288.213009,1064.437,273.427254,30.076,2.496,5.925
2024-04-24,377.987,67.817168,2136.503,69.293914,2495.87,207.781177,2082.878,208.2878,2060.673,206.0673,5250.079,267.535276,2395.273,321.864809,1263.334,324.518921,27.991,2.323,5.514
2024-04-25,397.129,71.251561,2260.515,73.316036,1027.085,85.504826,928.914,92.8914,906.799,90.6799,2865.217,146.006683,1630.42,219.087688,853.057,219.129017,28.545,2.369,5.623
2024-04-26,389.005,69.79398,2145.881,69.598074,2102.711,175.050691,1785.956,178.5956,1767.392,176.7392,4752.906,242.200168,1747.245,234.786047,927.764,238.319378,37.083,3.078,7.305
2024-04-27,397.261,71.275244,2179.578,70.69098,2270.969,189.058169,1942.64,194.264,1926.416,192.6416,4799.487,244.573858,1819.915,244.551078,926.468,237.986467,40.399,3.353,7.959
2024-04-28,419.617,75.286283,2349.711,76.20896,2591.534,215.745206,2208.988,220.8988,2192.011,219.2011,4739.185,241.500969,2116.752,284.43855,1067.7,274.265438,34.408,2.856,6.778
2024-04-29,406.997,73.022045,2336.816,75.790732,3353.554,279.18337,2787.088,278.7088,2772.824,277.2824,6465.083,329.449855,2593.0,348.434375,1289.194,331.161709,29.825,2.475,5.876
2024-04-30,200.087,35.898943,2299.292,74.573704,3363.785,280.035101,2817.449,281.7449,2802.767,280.2767,6623.225,337.508507,2636.159,354.233866,1427.291,366.635376,28.161,2.337,5.548
2024-05-01,394.646,70.80607,2253.451,73.086927,3350.187,278.903068,2783.261,278.3261,2772.943,277.2943,6754.561,344.201171,2648.042,355.830644,1342.536,344.863935,29.193,2.423,5.751
2024-05-02,398.648,71.524095,2279.152,73.920497,3644.155,303.375904,3031.511,303.1511,3019.413,301.9413,7439.067,379.082456,2678.803,359.964153,1428.2,366.868875,30.661,2.545,6.04
2024-05-03,400.575,71.869831,2283.957,74.076339,3922.539,326.551372,3324.434,332.4434,3319.969,331.9969,7205.395,367.17492,3051.084,409.989412,1539.921,395.567207,30.018,2.491,5.914
2024-05-04,398.127,71.430619,2265.907,73.490917,3600.417,299.734715,2940.075,294.0075,2941.812,294.1812,5169.756,263.44215,2270.996,305.165088,1261.877,324.144654,27.144,2.253,5.347
2024-05-05,367.208,65.883235,2088.69,67.743179,3357.968,279.550836,2726.001,272.6001,2725.241,272.5241,4103.249,209.09473,1867.948,251.005513,1074.722,276.069214,25.657,2.13,5.054
2024-05-06,415.754,74.593197,2389.462,77.498218,2819.497,234.723125,2381.965,238.1965,2380.335,238.0335,5965.035,303.968242,2873.421,386.115947,1408.399,361.782493,25.304,2.1,4.985
2024-05-07,402.471,72.210005,2324.825,75.401824,3333.67,277.528028,2772.679,277.2679,2776.157,277.6157,7765.582,395.721116,2810.305,377.634734,1414.276,363.292147,24.236,2.012,4.774
2024-05-08,428.853,76.943376,2502.729,81.171844,4086.262,340.181311,3385.794,338.5794,3383.336,338.3336,8492.828,432.78036,3815.062,512.648956,2147.826,551.722804,23.007,1.91,4.532
2024-05-09,422.726,75.84409,2446.385,79.34442,3497.646,291.17903,2986.017,298.6017,2975.732,297.5732,8158.403,415.73862,3130.454,420.654756,1237.966,318.002516,22.716,1.885,4.475
2024-05-10,449.518,80.651021,2638.268,85.567825,4391.24,365.57073,3705.121,370.5121,3689.433,368.9433,9022.499,459.771512,3514.955,472.322078,1856.22,476.816512,21.713,1.802,4.277
2024-05-11,448.522,80.472322,2625.631,85.157965,3462.939,288.289672,2823.362,282.3362,2816.886,281.6886,7759.601,395.416334,3053.292,410.286113,1543.025,396.364547,21.39,1.775,4.214
2024-05-12,416.274,74.686494,2422.591,78.572701,4329.736,360.450522,3719.213,371.9213,3718.729,371.8729,7641.931,389.420067,3064.817,411.834784,1737.015,446.195728,21.285,1.767,4.193
2024-05-13,436.803,78.369738,2577.903,83.609987,4273.732,355.788189,3556.587,355.6587,3555.427,355.5427,8157.475,415.69133,3342.93,449.206219,1665.157,427.737204,20.296,1.685,3.998
2024-05-14,437.068,78.417284,2582.439,83.757105,4434.024,369.132498,3718.615,371.8615,3713.832,371.3832,7783.055,396.611511,3848.024,517.078225,2089.087,536.634223,19.684,1.634,3.878
2024-05-15,401.267,71.993988,2379.259,77.1673,4236.424,352.682298,3580.349,358.0349,3571.633,357.1633,7348.332,374.458752,2986.761,401.346009,1642.528,421.92438,19.157,1.59,3.774
2024-05-16,389.22,69.832555,2241.014,72.683554,4187.805,348.634766,3556.773,355.6773,3568.145,356.8145,5830.309,297.102829,2204.227,296.193003,1310.799,336.711493,19.561,1.624,3.854
2024-05-17,423.757,76.029068,2462.649,79.871916,4035.811,335.981266,3371.478,337.1478,3369.581,336.9581,5809.119,296.023022,2507.728,336.97595,1017.376,261.33846,18.183,1.509,3.582
2024-05-18,448.898,80.539783,2608.317,84.596415,3160.336,263.097972,2681.876,268.1876,2671.058,267.1058,3366.027,171.527126,1070.424,143.838225,744.985,191.368022,18.912,1.57,3.726
2024-05-19,342.393,61.431011,2010.294,65.200535,3785.8,315.16785,3139.501,313.9501,3128.789,312.8789,6173.801,314.606609,1999.101,268.629197,711.972,182.887807,20.701,1.718,4.078
2024-05-20,418.335,75.056271,2494.447,80.903231,4521.1,376.381575,3762.925,376.2925,3754.068,375.4068,8827.558,449.837643,3356.638,451.048231,1634.069,419.751474,20.324,1.687,4.004
2024-05-21,362.897,65.10977,2094.24,67.923184,3348.013,278.722082,2741.297,274.1297,2727.738,272.7738,6191.983,315.533134,2767.919,371.939116,1527.294,392.323646,20.143,1.672,3.968
2024-05-22,443.697,79.606637,2588.814,83.963867,3415.147,284.310988,2896.323,289.6323,2890.591,289.0591,6127.357,312.2399,2671.8,359.023125,1330.017,341.648117,20.625,1.712,4.063
2024-05-23,421.333,75.594162,2499.394,81.063679,4054.982,337.577251,3339.782,333.9782,3323.782,332.3782,7685.322,391.6312,3448.314,463.367194,1689.626,434.022679,20.632,1.712,4.065
2024-05-24,442.482,79.388645,2678.587,86.875505,4649.414,387.063716,3939.563,393.9563,3937.453,393.7453,8057.873,410.615778,3078.726,413.703806,1724.622,443.012276,20.532,1.704,4.045
2024-05-25,349.013,62.618749,2025.619,65.697576,3547.643,295.34128,2881.623,288.1623,2867.601,286.7601,4912.588,250.337297,1906.57,256.195344,963.326,247.454366,19.856,1.648,3.912
2024-05-26,389.834,69.942717,2254.061,73.106712,2909.441,242.210963,2401.802,240.1802,2392.745,239.2745,4298.856,219.062537,1787.867,240.244628,876.922,225.259339,19.32,1.604,3.806
2024-05-27,388.523,69.707502,2307.315,74.833917,4657.804,387.762183,3849.015,384.9015,3836.858,383.6858,7264.824,370.203323,2861.453,384.507747,1367.9,351.379313,18.558,1.54,3.656
2024-05-28,380.088,68.194122,2288.463,74.222483,4820.474,401.304461,3946.999,394.6999,3941.002,394.1002,9330.436,475.463468,3583.483,481.530528,1805.039,463.669393,18.455,1.532,3.636
2024-05-29,343.706,61.666585,2032.257,65.912869,4673.355,389.056804,3846.76,384.676,3849.939,384.9939,8764.523,446.625485,3707.55,498.202031,1842.57,473.310169,18.434,1.53,3.631
2024-05-30,386.65,69.371454,2282.217,74.019905,4037.362,336.110387,3252.718,325.2718,3254.078,325.4078,8123.485,413.959256,3800.618,510.708044,1971.615,506.458603,17.957,1.49,3.538
2024-05-31,352.692,63.278823,2039.727,66.155146,2954.757,245.98352,2445.916,244.5916,2442.648,244.2648,6323.856,322.253162,2519.77,338.594094,1381.015,354.748228,17.718,1.471,3.49
2024-06-01,317.297,56.92837,1827.379,59.267992,2348.159,195.484237,1933.524,193.3524,1939.26,193.926,4309.573,219.608657,1666.277,223.905972,845.595,217.212216,19.039,1.58,3.751
2024-06-02,330.052,59.21683,1908.043,61.884195,3482.585,289.925201,2930.006,293.0006,2930.665,293.0665,5322.751,271.23852,1912.423,256.981841,949.21,243.828319,22.175,1.841,4.368
2024-06-03,383.139,68.741522,2241.847,72.710571,3647.19,303.628568,3042.051,304.2051,3047.384,304.7384,5588.295,284.770199,2298.917,308.916972,1182.039,303.636268,21.554,1.789,4.246
2024-06-04,391.81,70.297244,2357.827,76.472189,4477.761,372.773603,3617.71,361.771,3619.216,361.9216,6996.321,356.520858,2894.945,389.008234,1516.696,389.601285,20.284,1.684,3.996
2024-06-05,409.149,73.40815,2513.227,81.512329,4656.764,387.675603,3748.49,374.849,3753.379,375.3379,7704.949,392.631359,3432.41,461.230094,1770.921,454.905332,19.92,1.653,3.924
2024-06-06,393.678,70.632395,2386.948,77.41668,3754.932,312.598089,3079.04,307.904,3078.577,307.8577,8293.461,422.62095,3311.812,445.024738,1691.876,434.600647,19.686,1.634,3.878
2024-06-07,315.132,56.539933,1878.029,60.910741,3880.967,323.090503,3196.073,319.6073,3205.775,320.5775,8003.56,407.848078,3181.418,427.503044,1648.96,423.5766,19.047,1.581,3.752
2024-06-08,201.369,36.128955,1163.392,37.732681,3206.034,266.902331,2731.956,273.1956,2738.347,273.8347,6222.02,317.063769,3227.088,433.63995,1662.526,427.061366,19.111,1.586,3.765
2024-06-09,245.553,44.056301,1432.759,46.46915,2597.772,216.264519,2071.153,207.1153,2080.07,208.007,5070.095,258.363591,1920.455,258.061141,1045.205,268.487034,18.253,1.515,3.596
2024-06-10,257.411,46.183824,1485.401,48.176506,3303.19,274.990567,2684.145,268.4145,2698.222,269.8222,4961.073,252.808012,1741.892,234.066738,880.156,226.090072,18.398,1.527,3.624
2024-06-11,366.522,65.760155,2197.363,71.267807,3763.151,313.282321,3102.93,310.293,3116.374,311.6374,6518.019,332.147385,2446.01,328.682594,1241.263,318.849433,19.638,1.63,3.869
2024-06-12,465.73,83.559724,2830.415,91.799793,4242.962,353.226586,3468.501,346.8501,3478.828,347.8828,8238.655,419.828128,3146.052,422.750738,1587.975,407.911078,18.999,1.577,3.743
2024-06-13,448.81,80.523994,2740.65,88.888415,3981.084,331.425243,3236.227,323.6227,3255.854,325.5854,6695.288,341.180718,2753.512,370.003175,1409.998,362.193236,18.052,1.498,3.556
2024-06-14,422.002,75.714192,2534.488,82.201894,3421.764,284.861853,2798.067,279.8067,2802.545,280.2545,5922.243,301.787633,2474.229,332.474522,1355.997,348.321729,18.694,1.552,3.683
2024-06-15,235.894,42.323315,1397.776,45.334535,2267.696,188.785692,1895.463,189.5463,1900.677,190.0677,3431.828,174.880235,1866.866,250.860119,1021.789,262.472049,19.654,1.631,3.872
2024-06-16,393.441,70.589873,2343.654,76.012511,1887.285,157.116476,1549.651,154.9651,1553.032,155.3032,4128.469,210.379899,1649.456,221.64565,844.808,217.010055,19.696,1.635,3.88
2024-06-17,235.351,42.225892,2842.217,92.182571,4059.702,337.970192,3422.729,342.2729,3437.833,343.7833,6124.918,312.115613,2094.527,281.452066,1015.403,260.831646,20.418,1.695,4.022
2024-06-18,145.107,26.034614,2840.698,92.133305,2330.354,194.00197,1790.489,179.0489,1802.018,180.2018,4586.81,233.736193,2444.059,328.420428,1361.281,349.679057,22.223,1.845,4.378
2024-06-19,231.221,41.484901,2608.18,84.591971,3279.814,273.044515,2693.362,269.3362,2716.61,271.661,4315.571,219.914306,1793.743,241.034216,986.512,253.41027,24.053,1.996,4.738
2024-06-20,139.141,24.964214,2749.892,89.188164,3274.499,272.602042,2699.367,269.9367,2708.716,270.8716,4615.973,235.222291,2044.613,274.744872,1069.454,274.715996,24.34,2.02,4.795
2024-06-21,203.423,36.497477,2776.231,90.042425,3407.21,283.650233,2764.135,276.4135,2773.897,277.3897,6557.141,334.140977,2829.382,380.198206,1412.52,362.841075,23.094,1.917,4.55
2024-06-22,196.077,35.179482,1149.144,37.27057,2770.927,230.679673,2307.001,230.7001,2311.853,231.1853,6216.764,316.795932,2195.599,295.033616,1087.235,279.283491,21.87,1.815,4.308
2024-06-23,245.244,44.000861,1465.723,47.538283,3024.071,251.753911,2528.231,252.8231,2540.367,254.0367,5663.973,288.626624,2003.259,269.187928,1070.494,274.983146,21.568,1.79,4.249
2024-06-24,365.668,65.606934,2304.004,74.72653,4130.42,343.857465,3339.881,333.9881,3346.944,334.6944,6829.143,348.001745,3130.929,420.718584,1693.821,435.100269,21.804,1.81,4.295
2024-06-25,376.878,67.618195,2320.475,75.260739,4033.665,335.802611,3266.87,326.687,3274.113,327.4113,6156.436,313.721718,2603.562,349.853644,1352.976,347.54571,23.28,1.932,4.586
2024-06-26,394.474,70.77521,2376.368,77.073535,2526.182,210.304652,2097.385,209.7385,2091.932,209.1932,5561.887,283.424492,2496.436,335.458588,1330.219,341.700006,23.033,1.912,4.538
2024-06-27,314.63,56.449866,1879.645,60.963153,2755.124,229.364073,2294.61,229.461,2304.645,230.4645,7100.578,361.833621,2949.681,396.363384,1575.684,404.753827,22.248,1.847,4.383
2024-06-28,260.42,46.723688,1564.202,50.732285,2647.116,220.372407,2213.807,221.3807,2214.752,221.4752,5865.842,298.913532,2333.733,313.595372,1260.623,323.822533,20.987,1.742,4.134
2024-06-29,77.797,13.958078,467.725,15.169881,2893.601,240.892283,2380.353,238.0353,2385.535,238.5535,4987.298,254.144394,2211.926,297.227556,1072.839,275.585518,21.074,1.749,4.152
2024-06-30,82.096,14.729391,481.063,15.602477,2721.44,226.55988,2175.524,217.5524,2183.604,218.3604,4461.203,227.33547,1879.723,252.587778,1067.805,274.292409,19.991,1.659,3.938
2024-07-01,253.4,45.464183,1497.591,48.571868,2712.095,225.781909,2279.421,227.9421,2286.528,228.6528,4563.308,232.53857,1720.653,231.212747,884.327,227.161498,35.141,2.917,6.923
2024-07-02,292.947,52.559574,1773.984,57.536214,3201.607,266.533783,2664.378,266.4378,2659.776,265.9776,5553.162,282.97988,2157.529,289.917959,1066.789,274.031424,54.825,4.55,10.801
2024-07-03,282.38,50.663678,1753.542,56.873212,3098.159,257.921737,2545.727,254.5727,2546.524,254.6524,5715.915,291.273502,2791.785,375.146109,1538.167,395.116648,52.002,4.316,10.244
2024-07-04,403.438,72.383501,2551.529,82.754591,3313.677,275.86361,2716.052,271.6052,2725.163,272.5163,6473.837,329.895944,2841.763,381.861903,1429.498,367.202299,40.393,3.353,7.957
2024-07-05,424.535,76.168655,2662.336,86.348431,2627.81,218.765182,2207.103,220.7103,2217.36,221.736,6975.144,355.441713,2856.962,383.904269,1572.358,403.899461,34.821,2.89,6.86
2024-07-06,300.314,53.881337,1884.32,61.114779,2546.292,211.978809,2110.36,211.036,2126.385,212.6385,6238.9,317.923946,2392.552,321.499175,1185.666,304.567954,31.155,2.586,6.138
2024-07-07,259.96,46.641157,1621.425,52.588217,2443.891,203.453926,1970.531,197.0531,1971.81,197.181,5328.227,271.517568,2360.566,317.201056,1187.311,304.990513,29.646,2.461,5.84
2024-07-08,369.311,66.260549,2329.503,75.553547,4672.302,388.969141,3916.144,391.6144,3922.11,392.211,7392.859,376.727773,2821.429,379.129522,1352.163,347.336871,27.805,2.308,5.478
2024-07-09,371.578,66.667286,2356.428,76.426815,4676.686,389.334109,3807.502,380.7502,3812.661,381.2661,7976.735,406.481121,3296.408,442.954825,1756.759,451.267468,26.536,2.202,5.228
2024-07-10,407.869,73.178496,2584.149,83.812566,4504.916,375.034257,3679.815,367.9815,3681.714,368.1714,6775.883,345.287705,3229.014,433.898756,1640.814,421.484096,25.09,2.082,4.943
2024-07-11,414.834,74.428134,2620.749,84.999626,3669.133,305.455322,2908.053,290.8053,2906.276,290.6276,7170.242,365.383582,3124.451,419.848103,1615.608,415.009305,24.124,2.002,4.752
2024-07-12,281.399,50.487671,1735.176,56.277542,3213.857,267.553595,2621.684,262.1684,2624.095,262.4095,5073.253,258.524517,2143.543,288.038591,1096.295,281.610778,23.44,1.946,4.618
2024-07-13,69.455,12.461385,420.956,13.653006,3484.403,290.07655,2909.649,290.9649,2911.391,291.1391,5374.788,273.890239,1911.277,256.827847,1067.141,274.121844,22.816,1.894,4.495
2024-07-14,37.577,6.74194,226.788,7.355491,2714.022,225.942331,2280.18,228.018,2278.242,227.8242,6034.577,307.511986,2542.316,341.623712,1301.98,334.446113,21.314,1.769,4.199
2024-07-15,37.686,6.761496,224.631,7.285532,3822.919,318.258007,3105.554,310.5554,3105.344,310.5344,8992.273,458.231245,3187.814,428.362506,1541.081,395.865182,21.247,1.764,4.186
2024-07-16,42.386,7.604755,253.368,8.217569,4802.455,399.804379,3925.154,392.5154,3926.914,392.6914,7793.189,397.127923,3632.921,488.173759,1846.573,474.338439,20.179,1.675,3.975
2024-07-17,38.042,6.825369,226.884,7.358604,4281.542,356.438372,3582.855,358.2855,3598.644,359.8644,9390.307,478.514394,3888.063,522.458466,2019.139,518.666331,20.377,1.691,4.014
2024-07-18,0.0,0.0,0.0,0.0,5051.479,420.535627,3850.895,385.0895,3861.306,386.1306,8684.8,442.562933,3638.667,488.945878,1901.861,488.540544,19.875,1.65,3.915
2024-07-19,38.26,6.864482,223.152,7.237563,4638.193,386.129567,3804.725,380.4725,3810.302,381.0302,7981.054,406.70121,3139.595,421.883078,1676.38,430.620113,18.869,1.566,3.717
2024-07-20,12.902,2.314834,73.472,2.382942,4603.487,383.240293,3696.086,369.6086,3694.018,369.4018,6201.383,316.012142,2878.101,386.744822,1563.141,401.531844,18.355,1.523,3.616
2024-07-21,0.0,0.0,0.0,0.0,3795.812,316.001349,3137.175,313.7175,3141.503,314.1503,7010.552,357.246046,2384.336,320.39515,1116.328,286.756755,18.036,1.497,3.553
2024-07-22,23.824,4.274423,141.686,4.595349,4285.079,356.732827,3559.793,355.9793,3558.336,355.8336,7396.798,376.928498,3159.538,424.562919,1689.251,433.926351,17.803,1.478,3.507
2024-07-23,111.821,20.062551,664.611,21.55555,4830.161,402.110903,4009.929,400.9929,4007.58,400.758,7888.827,402.001476,2735.152,367.53605,1429.138,367.109824,17.966,1.491,3.539
2024-07-24,112.536,20.190834,668.226,21.672797,4621.926,384.77534,3703.406,370.3406,3702.732,370.2732,7194.42,366.615653,3310.231,444.812291,1767.728,454.08513,17.586,1.46,3.464
2024-07-25,139.955,25.11026,1336.112,43.334566,3969.441,330.455963,3209.735,320.9735,3218.148,321.8148,8354.934,425.753512,3373.13,453.264344,1784.683,458.440446,16.53,1.372,3.256
2024-07-26,334.394,59.995857,2126.454,68.967991,3992.162,332.347487,3254.019,325.4019,3254.449,325.4449,6910.13,352.128708,3092.897,415.608034,1600.54,411.138712,16.968,1.408,3.343
2024-07-27,139.708,25.065944,851.109,27.604302,3221.206,268.165399,2680.2,268.02,2677.514,267.7514,5079.153,258.825172,2341.302,314.612456,1199.325,308.076609,16.693,1.386,3.289
2024-07-28,190.497,34.178337,1187.583,38.517275,2384.26,198.489645,1977.387,197.7387,1973.506,197.3506,4132.347,210.577516,1519.88,204.233875,873.286,224.325341,16.936,1.406,3.336
2024-07-29,189.894,34.070149,1177.239,38.181785,3032.359,252.443887,2513.376,251.3376,2515.913,251.5913,4745.407,241.818032,1872.972,251.680612,941.977,241.970342,18.586,1.543,3.661
2024-07-30,152.774,27.410202,937.62,30.410142,2452.465,204.167711,2034.655,203.4655,2032.774,203.2774,6283.734,320.208612,2695.509,362.209022,1355.776,348.26496,22.773,1.89,4.486
2024-07-31,91.849,16.479241,559.17,18.135747,3147.138,261.999238,2550.079,255.0079,2547.618,254.7618,5239.606,267.001589,2279.0,306.240625,1307.248,335.79933,23.393,1.942,4.608
2024-08-01,133.103,23.880897,793.837,25.74678,3095.46,257.697045,2514.914,251.4914,2497.896,249.7896,4150.816,211.518665,1988.35,267.184531,1048.212,269.259457,20.271,1.682,3.993
2024-08-02,184.918,33.177371,1144.455,37.11849,2875.219,239.361982,2428.135,242.8135,2421.828,242.1828,6342.89,323.223103,2394.541,321.766447,1231.046,316.224941,18.946,1.573,3.732
2024-08-03,331.069,59.399296,2031.577,65.890814,2841.449,236.550629,2374.225,237.4225,2364.525,236.4525,7219.648,367.901229,2385.515,320.553578,1233.743,316.917733,18.678,1.55,3.68
2024-08-04,336.167,60.313963,2084.59,67.610202,3554.721,295.930523,2916.613,291.6613,2910.795,291.0795,6163.914,314.102784,2381.316,319.989337,1232.62,316.629262,17.635,1.464,3.474
2024-08-05,230.741,41.398781,1388.069,45.019705,3566.813,296.937182,2877.895,287.7895,2875.737,287.5737,7777.421,396.324412,3600.66,483.838688,1929.964,495.759502,17.39,1.443,3.426
2024-08-06,228.783,41.047483,1370.192,44.439894,4731.945,393.934421,3916.83,391.683,3918.333,391.8333,7203.994,367.103528,3130.307,420.635003,1608.317,413.136429,18.281,1.517,3.601
2024-08-07,227.584,40.832363,1370.873,44.461981,4995.004,415.834083,4024.283,402.4283,4022.491,402.2491,5952.854,303.347518,2432.407,326.854691,1357.622,348.739151,18.348,1.523,3.615
2024-08-08,210.27,37.725943,1275.853,41.380166,3789.419,315.469132,3103.639,310.3639,3094.64,309.464,6316.418,321.874134,2285.465,307.109359,1114.905,286.391222,18.372,1.525,3.619
2024-08-09,212.906,38.198885,1293.949,41.967079,3096.59,257.791117,2518.034,251.8034,2507.263,250.7263,6575.125,335.057411,3254.31,437.297906,1749.248,449.33808,19.853,1.648,3.911
2024-08-10,285.132,51.157433,1736.85,56.331835,2407.23,200.401897,2038.486,203.8486,2025.639,202.5639,5636.617,287.232608,2156.825,289.823359,1185.302,304.474451,19.58,1.625,3.857
2024-08-11,201.193,36.097377,1236.771,40.112606,2172.872,180.891594,1755.958,175.5958,1744.643,174.4643,3459.762,176.303705,1869.527,251.217691,973.677,250.113279,19.266,1.599,3.795
2024-08-12,211.751,37.991659,1334.105,43.269472,2139.496,178.113042,1787.723,178.7723,1772.924,177.2924,4511.229,229.884711,1722.631,231.478541,878.707,225.717861,19.926,1.654,3.925
2024-08-13,180.099,32.312762,1108.174,35.941777,2787.329,232.045139,2258.708,225.8708,2250.804,225.0804,4020.706,204.888477,1429.149,192.041897,830.854,213.425621,20.155,1.673,3.971
2024-08-14,172.525,30.95386,1065.055,34.543284,2584.543,215.163205,2143.984,214.3984,2126.849,212.6849,4591.506,233.975493,2243.852,301.517612,1039.288,266.967105,19.902,1.652,3.921
2024-08-15,0.164,0.029424,1.36,0.044109,1255.064,104.484078,1062.898,106.2898,1049.018,104.9018,3357.143,171.074412,1754.032,235.69805,1037.268,266.448217,20.234,1.679,3.986
2024-08-16,117.177,21.023507,716.535,23.239618,973.863,81.074095,853.1,85.31,844.728,84.4728,4306.625,219.458432,1366.452,183.616987,872.426,224.104429,20.14,1.672,3.968
2024-08-17,280.616,50.347187,1744.013,56.564155,569.664,47.424528,532.151,53.2151,520.273,52.0273,2739.081,139.579003,1230.85,165.395469,759.404,195.071903,20.253,1.681,3.99
2024-08-18,244.375,43.844948,1525.601,49.480326,517.002,43.040416,466.56,46.656,453.475,45.3475,2527.365,128.790308,1488.312,199.991925,759.53,195.104269,20.117,1.67,3.963
2024-08-19,287.89,51.652264,1810.729,58.727977,1604.578,133.581119,1360.417,136.0417,1349.145,134.9145,4131.788,210.54903,1643.255,220.812391,777.137,199.627067,20.225,1.679,3.984
2024-08-20,196.043,35.173382,1219.101,39.539509,2814.615,234.316699,2335.24,233.524,2324.62,232.462,4373.161,222.848996,1710.845,229.894797,664.756,170.759197,19.478,1.617,3.837
2024-08-21,187.122,33.572806,1164.254,37.760638,2088.044,173.829663,1783.594,178.3594,1774.733,177.4733,4800.659,244.633582,1588.24,213.41975,790.779,203.131356,19.632,1.629,3.868
2024-08-22,217.835,39.08323,1351.669,43.839131,1681.343,139.971805,1354.01,135.401,1344.018,134.4018,2296.551,117.028411,1401.167,188.281816,775.506,199.208104,19.142,1.589,3.771
2024-08-23,338.984,60.819379,2167.903,70.312321,894.798,74.491934,817.233,81.7233,808.152,80.8152,1225.873,62.468445,1440.362,193.548644,656.956,168.755572,30.631,2.542,6.034
2024-08-24,294.919,52.913384,1851.336,60.044998,1038.361,86.443553,909.522,90.9522,893.036,89.3036,2322.45,118.348181,1158.13,155.623719,641.338,164.743699,51.528,4.277,10.151
2024-08-25,327.953,58.840234,2044.187,66.299798,201.348,16.762221,258.193,25.8193,254.542,25.4542,2820.307,143.718144,858.468,115.356638,641.547,164.797386,64.956,5.391,12.796
2024-08-26,323.619,58.062642,2011.275,65.232353,1306.511,108.767041,1100.704,110.0704,1087.42,108.742,3545.413,180.668337,1421.133,190.964747,645.137,165.719567,78.798,6.54,15.523
2024-08-27,310.622,55.730764,1928.4,62.54444,1380.071,114.890911,1195.699,119.5699,1178.792,117.8792,3586.33,182.7534,1718.16,230.87775,879.541,225.932094,76.517,6.351,15.074
2024-08-28,290.547,52.128974,1793.945,58.183616,1334.336,111.083472,1147.068,114.7068,1128.995,112.8995,4829.587,246.107704,1989.671,267.362041,663.929,170.546762,60.737,5.041,11.965
2024-08-29,177.521,31.850226,1119.885,36.321604,1728.284,143.879643,1505.672,150.5672,1492.128,149.2128,4386.638,223.535761,1508.797,202.744597,832.976,213.97071,67.737,5.622,13.344
2024-08-30,203.788,36.562964,1269.53,41.17509,2332.554,194.185121,1886.261,188.6261,1864.1,186.41,3687.693,187.918689,1724.679,231.753741,831.294,213.538646,80.14,6.652,15.788
2024-08-31,0.0,0.0,0.0,0.0,2192.79,182.549768,1839.963,183.9963,1817.443,181.7443,6305.586,321.322153,2432.431,326.857916,1262.866,324.398704,91.674,7.609,18.06
2024-09-01,0.0,0.0,0.0,0.0,2203.884,183.473343,1841.265,184.1265,1820.568,182.0568,6361.113,324.151717,2692.512,361.8063,1449.183,372.258883,106.476,8.838,20.976
2024-09-02,135.846,24.373037,831.234,26.959689,2293.855,190.963429,1909.646,190.9646,1888.688,188.8688,6545.424,333.543898,2791.464,375.102975,1427.426,366.670054,145.548,12.08,28.673
2024-09-03,93.854,16.838972,564.6,18.31186,2337.908,194.630841,1966.709,196.6709,1947.344,194.7344,7562.251,385.359707,3284.69,441.380219,1782.295,457.827028,184.789,15.337,36.403
2024-09-04,306.147,54.927874,1816.814,58.925334,2319.702,193.115192,1935.788,193.5788,1918.159,191.8159,8283.37,422.10673,3714.931,499.193853,1868.356,479.933948,164.195,13.628,32.346
2024-09-05,395.391,70.939735,2337.876,75.825112,2490.462,207.330962,2122.764,212.2764,2109.024,210.9024,8350.34,425.519409,3483.972,468.158738,1759.953,452.087927,117.062,9.716,23.061
2024-09-06,177.742,31.889877,1044.053,33.862119,2386.348,198.663471,1945.767,194.5767,1938.046,193.8046,8271.106,421.481777,3505.321,471.027509,1712.668,439.941592,87.933,7.298,17.323
2024-09-07,0.0,0.0,0.0,0.0,2262.504,188.353458,1949.482,194.9482,1936.714,193.6714,5468.112,278.645874,2548.375,342.437891,1420.121,364.793582,92.217,7.654,18.167
2024-09-08,52.794,9.472124,310.22,10.061469,2330.944,194.051088,1945.85,194.585,1930.147,193.0147,4637.73,236.330991,2276.87,305.954406,1265.013,324.950214,113.127,9.39,22.286
2024-09-09,297.607,53.395656,1740.35,56.445352,2135.719,177.798607,1783.733,178.3733,1763.949,176.3949,5670.267,288.947356,2476.596,332.792588,1260.219,323.718756,105.012,8.716,20.687
2024-09-10,295.892,53.087956,1707.984,55.395614,1656.62,137.913615,1412.053,141.2053,1392.373,139.2373,5456.47,278.052617,2171.437,291.786847,1118.972,287.435932,93.895,7.793,18.497
2024-09-11,354.076,63.527136,2063.267,66.918626,1565.007,130.286833,1367.945,136.7945,1349.303,134.9303,5706.744,290.806163,2311.318,310.583356,1320.819,339.285381,87.595,7.27,17.256
2024-09-12,358.525,64.32536,2095.747,67.972061,1413.49,117.673043,1187.86,118.786,1170.62,117.062,4473.657,227.970105,1897.008,254.91045,1054.252,270.810982,72.632,6.028,14.309
2024-09-13,297.268,53.334834,2372.26,76.940299,1571.809,130.853099,1356.292,135.6292,1340.626,134.0626,3797.649,193.521864,1908.07,256.396906,1044.586,268.328029,77.839,6.461,15.334
2024-09-14,453.32,81.333163,2698.504,87.52148,1328.119,110.565907,1136.408,113.6408,1109.793,110.9793,4523.583,230.51425,1782.524,239.526663,975.266,250.521454,83.946,6.968,16.537
2024-09-15,345.866,62.054125,2032.127,65.908652,1315.158,109.486903,1145.897,114.5897,1128.2,112.82,4533.924,231.041211,1805.936,242.67265,1043.435,268.032366,75.129,6.236,14.8
2024-09-16,455.349,81.6972,2702.047,87.636391,1507.599,125.507617,1346.138,134.6138,1328.816,132.8816,4740.538,241.569916,2527.585,339.644234,1253.237,321.925254,70.082,5.817,13.806
2024-09-17,432.167,77.537963,2618.812,84.936803,2684.372,223.473969,2167.678,216.7678,2150.721,215.0721,5453.252,277.888633,2008.191,269.850666,1058.382,271.871876,65.426,5.43,12.889
2024-09-18,377.537,67.73643,3309.513,107.338538,1580.186,131.550484,1381.044,138.1044,1359.92,135.992,5783.757,294.730617,2496.98,335.531688,1287.947,330.841386,58.854,4.885,11.594
2024-09-19,407.192,73.057031,2397.412,77.756063,1055.636,87.881697,899.25,89.925,881.197,88.1197,2010.299,102.441487,1610.632,216.428675,1139.943,292.822858,55.063,4.57,10.847
2024-09-20,256.107,45.949864,2650.968,85.979729,640.921,53.356673,591.332,59.1332,582.009,58.2009,3247.263,165.47511,1517.54,203.919437,736.942,189.301976,55.87,4.637,11.006
2024-09-21,120.765,21.667254,688.749,22.338426,964.846,80.32343,864.471,86.4471,847.262,84.7262,2676.067,136.367914,1303.337,175.135909,708.592,182.01957,53.948,4.478,10.628
2024-09-22,12.128,2.175965,68.214,2.212407,1046.7,87.137775,905.856,90.5856,888.232,88.8232,2248.013,114.554996,1460.52,196.257375,712.151,182.933788,52.26,4.338,10.295
2024-09-23,219.816,39.438654,1240.515,40.234037,981.757,81.73127,893.316,89.3316,868.012,86.8012,4433.681,225.932994,1671.2,224.5675,712.075,182.914266,54.506,4.524,10.738
2024-09-24,268.587,48.188984,1539.462,49.929884,1290.345,107.421221,1109.092,110.9092,1091.808,109.1808,3938.544,200.701638,1385.636,186.194838,712.957,183.140829,60.305,5.005,11.88
2024-09-25,382.772,68.675676,2198.232,71.295991,2126.883,177.06301,1838.545,183.8545,1819.546,181.9546,5050.941,257.387535,1972.33,265.031844,897.364,230.510378,61.207,5.08,12.058
2024-09-26,380.212,68.21637,2223.654,72.120511,1422.652,118.435779,1154.751,115.4751,1137.46,113.746,3610.693,183.994897,1616.011,217.151478,1022.028,262.533442,71.082,5.9,14.003
2024-09-27,415.586,74.563055,2489.584,80.745508,1929.309,160.614974,1636.578,163.6578,1614.026,161.4026,5562.803,283.47117,2487.731,334.288853,974.468,250.316467,99.26,8.239,19.554
2024-09-28,293.902,52.730917,2330.443,75.584035,1320.537,109.934705,1139.9,113.99,1122.254,112.2254,2962.553,150.966763,1236.352,166.1348,734.72,188.7312,96.695,8.026,19.049
2024-09-29,41.828,7.50464,2588.019,83.938083,1199.436,99.853047,1047.573,104.7573,1037.063,103.7063,2982.127,151.964222,1214.111,163.146166,684.057,175.717142,71.137,5.904,14.014
2024-09-30,0.0,0.0,3431.94,111.309254,2040.891,169.904176,1713.599,171.3599,1702.029,170.2029,6583.998,335.509565,2987.596,401.458213,1319.389,338.918049,59.866,4.969,11.794
2024-10-01,0.0,0.0,3694.163,119.81402,1431.461,119.169128,1245.873,124.5873,1239.92,123.992,4781.932,243.679285,1791.02,240.668313,1067.296,274.16166,53.445,4.436,10.529
2024-10-02,0.0,0.0,3796.964,123.148199,1972.632,164.221614,1692.63,169.263,1688.363,168.8363,3330.496,169.716525,1339.022,179.931081,860.797,221.117229,56.049,4.652,11.042
2024-10-03,0.0,0.0,3802.172,123.317112,2127.864,177.144678,1768.2,176.82,1761.774,176.1774,5630.399,286.915749,2425.25,325.892969,1036.585,266.272772,78.228,6.493,15.411
2024-10-04,0.0,0.0,3802.726,123.33508,2489.235,207.228814,2151.404,215.1404,2143.081,214.3081,5875.621,299.411853,3340.56,448.88775,1671.313,429.318527,111.759,9.276,22.017
2024-10-05,0.0,0.0,3140.3,101.850397,99.586,8.290534,143.834,14.3834,145.526,14.5526,4865.709,247.948421,2723.875,366.020703,1569.295,403.112653,131.455,10.911,25.897
2024-10-06,0.0,0.0,1880.887,61.003435,501.76,41.77152,510.073,51.0073,506.707,50.6707,4019.654,204.834868,2037.601,273.802634,1126.782,289.442126,123.006,10.209,24.232
2024-10-07,0.0,0.0,1059.135,34.351278,1104.899,91.982842,973.209,97.3209,974.097,97.4097,4494.957,229.055517,2142.671,287.921416,1160.487,298.100098,101.865,8.455,20.067
2024-10-08,0.0,0.0,232.277,7.533517,1395.514,116.17654,1139.241,113.9241,1159.818,115.9818,4307.996,219.528296,1946.54,261.566313,1275.046,327.527441,96.665,8.023,19.043
2024-10-09,0.0,0.0,0.0,0.0,1627.201,135.464483,1387.956,138.7956,1376.791,137.6791,5518.798,281.228748,2535.71,340.736031,1186.857,304.873892,102.908,8.541,20.273
2024-10-10,0.0,0.0,1853.029,60.099907,2131.436,177.442047,1740.77,174.077,1774.7,177.47,7136.77,363.677905,3478.769,467.459584,1733.243,445.226796,96.606,8.018,19.031
2024-10-11,0.0,0.0,703.525,22.817661,1964.804,163.569933,1600.319,160.0319,1593.619,159.3619,6731.152,343.008287,2497.28,335.572,1349.678,346.698536,80.606,6.69,15.879
2024-10-12,0.0,0.0,0.0,0.0,745.751,62.083771,675.436,67.5436,660.888,66.0888,4202.873,214.171403,1726.735,232.030016,839.566,215.663516,70.247,5.831,13.839
2024-10-13,0.0,0.0,0.0,0.0,1122.515,93.449374,998.175,99.8175,987.63,98.763,3460.656,176.349262,1390.397,186.834597,719.065,184.709822,63.671,5.285,12.543
2024-10-14,0.0,0.0,636.438,20.641806,2236.265,186.169061,1846.614,184.6614,1825.966,182.5966,5169.363,263.422123,2395.058,321.835919,1318.045,338.572809,59.111,4.906,11.645
2024-10-15,0.0,0.0,1599.575,51.879549,2381.224,198.236898,2021.108,202.1108,2013.473,201.3473,5410.816,275.726165,2466.268,331.404763,1310.748,336.698393,54.044,4.486,10.647
2024-10-16,0.0,0.0,1885.205,61.143482,3007.948,250.411671,2506.197,250.6197,2495.315,249.5315,7109.298,362.277977,3050.823,409.954341,1538.444,395.187802,49.741,4.129,9.799
2024-10-17,0.0,0.0,1905.754,61.809955,3606.902,300.274592,3076.134,307.6134,3061.29,306.129,6977.112,355.541999,3052.235,410.144078,1641.416,421.638735,45.6,3.785,8.983
2024-10-18,0.0,0.0,2808.484,91.088498,3094.901,257.650508,2501.253,250.1253,2490.7,249.07,6676.835,340.240384,3087.225,414.845859,1409.28,362.0088,43.829,3.638,8.634
2024-10-19,0.0,0.0,3791.963,122.986,1515.387,126.155968,1271.343,127.1343,1262.14,126.214,4753.297,242.220093,1835.502,246.645581,931.384,239.249265,42.302,3.511,8.333
2024-10-20,0.0,0.0,3791.967,122.98613,1504.964,125.288253,1252.942,125.2942,1239.698,123.9698,3222.362,164.206197,1395.157,187.474222,902.444,231.815303,42.642,3.539,8.4
2024-10-21,0.0,0.0,3791.988,122.986811,2267.048,188.731746,1960.522,196.0522,1947.403,194.7403,6092.496,310.463442,2728.241,366.607384,1287.431,330.708838,45.516,3.778,8.967
2024-10-22,0.0,0.0,3791.964,122.986032,3330.906,277.297924,2783.528,278.3528,2775.014,277.5014,7438.034,379.029816,2692.834,361.849569,1404.282,360.724939,51.878,4.306,10.22
2024-10-23,0.0,0.0,3791.949,122.985546,2675.688,222.751026,2284.258,228.4258,2265.852,226.5852,5637.865,287.296204,2906.339,390.539303,1522.036,390.972998,65.398,5.428,12.883
2024-10-24,0.0,0.0,2910.163,94.386287,2419.222,201.400232,2066.72,206.672,2051.154,205.1154,4924.134,250.925662,2294.997,308.390222,1236.724,317.683477,118.821,9.862,23.408
2024-10-25,0.0,0.0,2483.814,80.558367,2403.833,200.119097,2013.322,201.3322,1992.851,199.2851,5832.714,297.225384,1776.593,238.729684,1049.597,269.615229,228.598,18.974,45.034
2024-10-26,0.0,0.0,27.309,0.885722,2332.783,194.204185,2016.46,201.646,1995.002,199.5002,6807.271,346.887185,2806.126,377.073181,1240.703,318.705583,234.156,19.435,46.129
2024-10-27,0.0,0.0,0.0,0.0,2273.444,189.264213,1915.093,191.5093,1893.081,189.3081,8669.585,441.787602,3664.29,492.388969,2047.99,526.077431,154.75,12.844,30.486
2024-10-28,0.0,0.0,78.518,2.5466,2400.978,199.881418,2019.855,201.9855,1995.854,199.5854,8548.244,435.604267,3549.317,476.939472,1718.852,441.530108,131.339,10.901,25.874
2024-10-29,0.0,0.0,662.882,21.499473,2124.85,176.893762,1811.788,181.1788,1786.379,178.6379,7571.292,385.820422,3587.733,482.101622,2033.368,522.321405,122.808,10.193,24.193
2024-10-30,0.0,0.0,2643.306,85.731225,2353.686,195.944359,1983.239,198.3239,1970.347,197.0347,7294.406,371.710772,3319.588,446.069638,1586.343,407.491858,118.224,9.813,23.29
2024-10-31,0.0,0.0,2712.263,87.96773,1681.693,140.000942,1515.514,151.5514,1496.467,149.6467,6437.099,328.023837,2477.767,332.949941,1375.29,353.277619,121.976,10.124,24.029
2024-11-01,0.0,0.0,3128.159,101.456624,1304.955,108.637504,1149.356,114.9356,1135.029,113.5029,7221.609,368.001159,2975.422,399.822331,1265.076,324.966398,127.851,10.612,25.187
2024-11-02,0.0,0.0,2675.666,86.780767,1156.551,96.282871,1045.203,104.5203,1029.345,102.9345,3072.301,156.559338,1598.175,214.754766,1039.406,266.997416,121.96,10.123,24.026
2024-11-03,0.0,0.0,3768.154,122.213795,1323.18,110.154735,1175.166,117.5166,1154.278,115.4278,4768.182,242.978608,1863.566,250.416681,946.072,243.022245,107.242,8.901,21.127
2024-11-04,0.0,0.0,3761.895,122.010794,2257.789,187.960934,1968.168,196.8168,1952.254,195.2254,6136.509,312.706271,2963.742,398.252831,1554.112,399.21252,90.818,7.538,17.891
2024-11-05,0.0,0.0,3768.003,122.208897,2097.328,174.602556,1850.472,185.0472,1835.148,183.5148,7805.488,397.754659,3171.392,426.1558,1641.65,421.698844,93.111,7.728,18.343
2024-11-06,0.0,0.0,3767.951,122.207211,2989.383,248.866135,2509.244,250.9244,2497.12,249.712,8546.673,435.524212,3629.264,487.68235,1934.576,496.94421,104.426,8.667,20.572
2024-11-07,0.0,0.0,3767.888,122.205167,2723.271,226.712311,2255.639,225.5639,2246.666,224.6666,7756.491,395.257854,3297.595,443.114328,1698.496,436.30116,103.84,8.619,20.456
2024-11-08,4.613,0.827649,3769.75,122.265558,2279.134,189.737905,2022.052,202.2052,2016.538,201.6538,7999.135,407.622588,2823.231,379.371666,1435.431,368.726338,124.442,10.329,24.515
2024-11-09,61.549,11.042916,3595.644,116.61872,2485.885,206.949926,2268.009,226.8009,2265.757,226.5757,7570.342,385.772011,3427.425,460.560234,1736.119,445.965568,308.655,25.618,60.805
2024-11-10,0.0,0.0,3776.162,122.473521,2626.084,218.621493,2819.831,281.9831,2803.054,280.3054,8891.747,453.108608,3536.431,475.207916,1754.486,450.683591,351.079,29.14,69.163
2024-11-11,244.914,43.941653,3764.216,122.086072,2615.642,217.752196,2790.577,279.0577,2770.669,277.0669,7746.047,394.725645,3120.635,419.335328,1783.904,458.24034,189.274,15.71,37.287
2024-11-12,193.619,34.738476,3667.217,118.940071,2732.165,227.452736,2751.126,275.1126,2738.902,273.8902,10169.784,518.235243,4326.235,581.337828,1992.661,511.864794,131.791,10.939,25.963
2024-11-13,359.938,64.578876,3552.283,115.212379,3305.688,275.198526,3048.197,304.8197,3036.148,303.6148,9170.237,467.299994,4117.653,553.309622,2067.595,531.113466,107.46,8.919,21.17
2024-11-14,636.613,114.218982,3455.976,112.088822,2642.361,219.976553,2354.588,235.4588,2361.06,236.106,9447.042,481.405515,3259.352,437.975425,1700.682,436.862689,97.18,8.066,19.144
2024-11-15,639.682,114.769612,3456.025,112.090411,2597.108,216.209241,2187.259,218.7259,2193.695,219.3695,7904.983,402.824759,3143.825,422.451484,1596.976,410.22321,98.777,8.198,19.459
2024-11-16,642.917,115.350025,3455.971,112.088659,2846.247,236.950063,2395.215,239.5215,2398.679,239.8679,4351.097,221.724651,1886.694,253.524506,1419.058,364.520524,99.762,8.28,19.653
2024-11-17,647.841,116.233473,3479.956,112.866573,2683.125,223.370156,2272.946,227.2946,2270.239,227.0239,4601.571,234.488389,2175.795,292.372453,872.468,224.115217,88.139,7.316,17.363
2024-11-18,664.907,119.295398,3617.711,117.334427,2830.072,235.603494,2337.767,233.7767,2332.019,233.2019,8247.458,420.276714,3742.926,502.955681,1733.486,445.289216,75.62,6.276,14.897
2024-11-19,534.026,95.813165,2795.284,90.660378,3244.032,270.065664,2744.746,274.4746,2734.442,273.4442,8049.842,410.206532,3400.06,456.883062,1808.507,464.560236,69.373,5.758,13.666
2024-11-20,664.067,119.144688,3572.359,115.86351,3199.434,266.352881,2705.555,270.5555,2701.02,270.102,6039.921,307.784308,2711.638,364.376356,1418.68,364.423425,67.677,5.617,13.332
2024-11-21,661.855,118.747818,3571.289,115.828807,3208.581,267.114368,2688.856,268.8856,2689.859,268.9859,8037.818,409.593809,2952.612,396.757238,1428.803,367.023771,66.931,5.555,13.185
2024-11-22,661.759,118.730594,3571.815,115.845866,3149.249,262.174979,2585.802,258.5802,2622.839,262.2839,7463.546,380.329865,3191.187,428.815753,1636.535,420.384928,62.384,5.178,12.29
2024-11-23,639.674,114.768177,3420.673,110.943828,3728.38,310.387635,3148.856,314.8856,3144.447,314.4447,5614.163,286.08839,2190.504,294.348975,1148.487,295.017598,58.371,4.845,11.499
2024-11-24,661.279,118.644474,3571.487,115.835228,2748.022,228.772831,2326.226,232.6226,2326.1,232.61,6114.661,311.592933,2655.969,356.895834,1314.65,337.700719,55.657,4.62,10.964
2024-11-25,662.497,118.863003,3585.279,116.282549,2770.626,230.654615,2343.109,234.3109,2343.801,234.3801,7974.717,406.378287,2865.111,384.999291,1430.28,367.403175,53.877,4.472,10.614
2024-11-26,665.076,119.325719,3607.708,117.009996,3385.414,281.835715,2839.829,283.9829,2842.392,284.2392,8199.212,417.818178,3814.18,512.530437,1973.924,507.051727,56.38,4.68,11.107
2024-11-27,529.367,94.977263,2774.515,89.98677,4463.892,371.619009,3715.569,371.5569,3703.256,370.3256,7695.2,392.134567,2906.902,390.614956,1436.213,368.927214,60.196,4.996,11.859
2024-11-28,518.88,93.09572,2703.589,87.686403,3946.691,328.562026,3267.109,326.7109,3240.569,324.0569,5087.18,259.234214,2592.572,348.376863,1379.122,354.261964,63.261,5.251,12.462
2024-11-29,661.479,118.680357,3570.606,115.806655,3954.368,329.201136,3293.492,329.3492,3279.833,327.9833,7897.277,402.432074,2791.354,375.088194,1477.635,379.567491,67.33,5.588,13.264
2024-11-30,659.55,118.334262,3570.97,115.81846,2674.328,222.637806,2223.799,222.3799,2213.821,221.3821,6585.984,335.610768,2571.766,345.581056,1428.722,367.002964,65.368,5.426,12.877
2024-12-01,660.278,118.464878,3570.243,115.794881,2619.708,218.090691,2171.97,217.197,2159.056,215.9056,5740.884,292.545881,2490.438,334.652606,1234.695,317.162278,59.137,4.908,11.65
2024-12-02,662.916,118.938179,3596.789,116.655857,4263.936,354.972672,3555.011,355.5011,3538.715,353.8715,7636.773,389.157224,2763.353,371.325559,1389.61,356.956069,56.739,4.709,11.178
2024-12-03,667.4,119.742683,3647.791,118.310021,3245.411,270.180466,2763.404,276.3404,2730.501,273.0501,6375.524,324.886077,2590.563,348.106903,1426.055,366.317878,56.344,4.677,11.1
2024-12-04,667.278,119.720795,3647.661,118.305805,3321.79,276.539017,2716.852,271.6852,2667.88,266.788,7347.666,374.424813,3196.389,429.514772,1735.629,445.839699,63.396,5.262,12.489
2024-12-05,668.44,119.929277,3646.113,118.255598,3307.302,275.332892,2756.312,275.6312,2699.022,269.9022,6831.39,348.116249,2595.363,348.751903,1349.224,346.581915,80.2,6.657,15.799
2024-12-06,670.086,120.224597,3644.689,118.209413,4278.189,356.159234,3582.134,358.2134,3544.439,354.4439,8844.52,450.701998,3547.89,476.747719,1769.64,454.576275,79.674,6.613,15.696
2024-12-07,624.256,112.001931,3472.434,112.622609,2951.203,245.68765,2495.134,249.5134,2491.188,249.1188,6310.954,321.595698,2889.613,388.291747,1602.752,411.70692,64.262,5.334,12.66
2024-12-08,658.867,118.211721,3633.2,117.836787,2722.255,226.627729,2156.435,215.6435,2147.303,214.7303,5087.646,259.257961,2333.055,313.504266,1109.564,285.019252,60.353,5.009,11.89
2024-12-09,671.913,120.552391,3648.028,118.317708,3536.912,294.447924,2929.295,292.9295,2916.783,291.6783,7029.072,358.189794,2644.032,355.2918,1372.604,352.587652,65.159,5.408,12.836
2024-12-10,674.477,121.012415,3654.986,118.543379,5007.816,416.900682,4293.9,429.39,4278.377,427.8377,8510.252,433.668258,3182.986,427.713744,1681.497,431.934542,66.59,5.527,13.118
2024-12-11,678.29,121.696531,3692.884,119.772538,4687.707,390.251608,3892.018,389.2018,3880.694,388.0694,8782.433,447.538148,3585.017,481.736659,1704.614,437.872721,58.404,4.848,11.506
2024-12-12,672.223,120.60801,3634.538,117.880182,4725.889,393.430259,3857.216,385.7216,3842.788,384.2788,8953.468,456.253807,3487.718,468.662106,1803.591,463.297438,51.964,4.313,10.237
2024-12-13,677.793,121.607361,3695.85,119.868735,3716.791,309.422851,3093.519,309.3519,3076.062,307.6062,7978.426,406.567292,3665.928,492.609075,1975.97,507.577294,52.746,4.378,10.391
2024-12-14,661.019,118.597826,3682.033,119.420604,2985.398,248.534384,2515.002,251.5002,2499.877,249.9877,6182.387,315.044138,2383.657,320.303909,1176.243,302.147421,64.379,5.343,12.683
2024-12-15,663.739,119.085839,3673.505,119.144012,3897.975,324.506419,3313.514,331.3514,3290.59,329.059,6217.45,316.83089,2658.468,357.231637,1269.288,326.048355,82.492,6.847,16.251
2024-12-16,678.587,121.749818,3662.256,118.77917,4309.587,358.773118,3578.276,357.8276,3558.128,355.8128,8028.103,409.098749,3308.818,444.622419,1632.008,419.222055,80.09,6.647,15.778
2024-12-17,679.328,121.882765,3671.962,119.093968,2675.398,222.726884,2182.919,218.2919,2171.315,217.1315,7075.332,360.547127,2956.279,397.249991,1687.75,433.540781,67.071,5.567,13.213
2024-12-18,680.031,122.008895,3671.985,119.094714,3210.672,267.288444,2717.056,271.7056,2698.394,269.8394,6096.838,310.684703,2230.5,299.723437,1112.71,285.827381,60.712,5.039,11.96
2024-12-19,679.901,121.985571,3672.042,119.096562,3204.988,266.815251,2682.12,268.212,2670.257,267.0257,5708.507,290.896003,2530.378,340.019544,1232.602,316.624639,54.666,4.537,10.769
2024-12-20,678.019,121.647909,3672.125,119.099254,3222.046,268.235329,2749.217,274.9217,2737.795,273.7795,6266.442,319.32744,2418.015,324.920766,1285.61,330.241069,51.073,4.239,10.061
2024-12-21,629.561,112.953736,3431.64,111.299524,2268.671,188.866861,1860.411,186.0411,1845.525,184.5525,3910.714,199.283468,2003.165,269.175297,1066.478,273.951536,49.932,4.144,9.837
2024-12-22,676.379,121.353666,3671.991,119.094908,2290.914,190.718591,1966.181,196.6181,1943.891,194.3891,5798.628,295.488419,2090.118,280.859606,974.806,250.403291,48.82,4.052,9.618
2024-12-23,676.477,121.371248,3679.718,119.34552,3530.04,293.87583,2947.366,294.7366,2920.283,292.0283,7172.301,365.488505,3105.946,417.361494,1589.088,408.19698,46.296,3.843,9.12
2024-12-24,677.11,121.484819,3695.954,119.872108,3975.549,330.964454,3302.132,330.2132,3267.741,326.7741,8769.768,446.892761,3373.72,453.343625,1763.28,452.94255,43.099,3.577,8.491
2024-12-25,670.275,120.258506,3647.948,118.315113,3673.208,305.794566,3088.289,308.8289,3050.431,305.0431,6787.772,345.893548,2867.502,385.320581,1446.254,371.506496,43.98,3.65,8.664
2024-12-26,671.951,120.559209,3671.961,119.093935,3016.034,251.084831,2580.146,258.0146,2545.623,254.5623,6531.564,332.837616,2911.709,391.260897,1552.98,398.921738,50.497,4.191,9.948
2024-12-27,384.575,68.999165,1826.137,59.22771,2453.115,204.221824,2029.067,202.9067,1992.946,199.2946,7032.142,358.346236,2720.138,365.518544,1427.726,366.747116,52.94,4.394,10.429
2024-12-28,577.868,103.67915,3040.591,98.616501,2526.321,210.316223,2175.592,217.5592,2139.005,213.9005,6991.245,356.262193,3056.704,410.7446,1728.527,444.015373,48.147,3.996,9.485
2024-12-29,672.917,120.732525,3671.98,119.094551,2826.788,235.330101,2408.944,240.8944,2368.844,236.8844,7974.371,406.360656,3228.585,433.841109,1450.22,372.525262,44.263,3.674,8.72
2024-12-30,672.173,120.599039,3672.009,119.095492,3657.77,304.509352,3054.03,305.403,3015.824,301.5824,7723.438,393.573528,3363.098,451.916294,1590.839,408.646768,45.718,3.795,9.006
2024-12-31,646.744,116.036653,3521.276,114.206718,2710.287,225.631393,2283.467,228.3467,2243.833,224.3833,8080.586,411.773195,3556.469,477.900522,1777.977,456.717842,45.16,3.748,8.897
